Komoditi,Tanggal,Harga Petani,Harga Pengecer
Beras Medium,2022-01-01,8800.0,9000.0
Beras Medium,2022-01-02,8800.0,9000.0
Beras Medium,2022-01-03,8800.0,9000.0
Beras Medium,2022-01-04,8800.0,9000.0
Beras Medium,2022-01-05,8800.0,9000.0
Beras Medium,2022-01-06,8800.0,9000.0
Beras Medium,2022-01-07,8800.0,9000.0
Beras Medium,2022-01-08,8800.0,9000.0
Beras Medium,2022-01-09,8800.0,9000.0
Beras Medium,2022-01-10,8800.0,9000.0
Beras Medium,2022-01-11,8800.0,9000.0
Beras Medium,2022-01-12,8800.0,9000.0
Beras Medium,2022-01-13,8800.0,9000.0
Beras Medium,2022-01-14,8800.0,9000.0
Beras Medium,2022-01-15,8800.0,9000.0
Beras Medium,2022-01-16,8800.0,9000.0
Beras Medium,2022-01-17,8800.0,9000.0
Beras Medium,2022-01-18,8800.0,9000.0
Beras Medium,2022-01-19,8800.0,9000.0
Beras Medium,2022-01-20,8800.0,9000.0
Beras Medium,2022-01-21,8800.0,9000.0
Beras Medium,2022-01-22,8800.0,9000.0
Beras Medium,2022-01-23,8800.0,9000.0
Beras Medium,2022-01-24,8800.0,9000.0
Beras Medium,2022-01-25,8800.0,9000.0
Beras Medium,2022-01-26,8800.0,9000.0
Beras Medium,2022-01-27,8800.0,9000.0
Beras Medium,2022-01-28,8800.0,9000.0
Beras Medium,2022-01-29,8800.0,9000.0
Beras Medium,2022-01-30,8800.0,9000.0
Beras Medium,2022-01-31,8800.0,9000.0
Beras Medium,2022-02-01,8800.0,9000.0
Beras Medium,2022-02-02,8800.0,9000.0
Beras Medium,2022-02-03,8800.0,9000.0
Beras Medium,2022-02-04,8800.0,9000.0
Beras Medium,2022-02-05,8800.0,9000.0
Beras Medium,2022-02-06,8800.0,9000.0
Beras Medium,2022-02-07,8800.0,9000.0
Beras Medium,2022-02-08,8800.0,9000.0
Beras Medium,2022-02-09,8800.0,9000.0
Beras Medium,2022-02-10,8800.0,9000.0
Beras Medium,2022-02-11,8800.0,9000.0
Beras Medium,2022-02-12,8800.0,9000.0
Beras Medium,2022-02-13,8800.0,9000.0
Beras Medium,2022-02-14,8800.0,9000.0
Beras Medium,2022-02-15,8800.0,9000.0
Beras Medium,2022-02-16,8800.0,9000.0
Beras Medium,2022-02-17,8800.0,9000.0
Beras Medium,2022-02-18,8800.0,9000.0
Beras Medium,2022-02-19,8800.0,9000.0
Beras Medium,2022-02-20,8800.0,9000.0
Beras Medium,2022-02-21,8800.0,9000.0
Beras Medium,2022-02-22,8800.0,9000.0
Beras Medium,2022-02-23,8800.0,9000.0
Beras Medium,2022-02-24,8800.0,9000.0
Beras Medium,2022-02-25,8800.0,9000.0
Beras Medium,2022-02-26,8800.0,9000.0
Beras Medium,2022-02-27,8800.0,9000.0
Beras Medium,2022-02-28,8800.0,9000.0
Beras Medium,2022-03-01,8800.0,9000.0
Beras Medium,2022-03-02,8800.0,9000.0
Beras Medium,2022-03-03,8800.0,9000.0
Beras Medium,2022-03-04,8800.0,9000.0
Beras Medium,2022-03-05,8800.0,9000.0
Beras Medium,2022-03-06,8800.0,9000.0
Beras Medium,2022-03-07,8800.0,9000.0
Beras Medium,2022-03-08,8800.0,9000.0
Beras Medium,2022-03-09,8800.0,9000.0
Beras Medium,2022-03-10,8800.0,9000.0
Beras Medium,2022-03-11,8800.0,9000.0
Beras Medium,2022-03-12,8800.0,9000.0
Beras Medium,2022-03-13,8800.0,9000.0
Beras Medium,2022-03-14,8800.0,9000.0
Beras Medium,2022-03-15,8800.0,9000.0
Beras Medium,2022-03-16,8800.0,9000.0
Beras Medium,2022-03-17,8800.0,9000.0
Beras Medium,2022-03-18,8800.0,9000.0
Beras Medium,2022-03-19,8800.0,9000.0
Beras Medium,2022-03-20,8800.0,9000.0
Beras Medium,2022-03-21,8400.0,9000.0
Beras Medium,2022-03-22,8400.0,9000.0
Beras Medium,2022-03-23,8400.0,9000.0
Beras Medium,2022-03-24,8400.0,9000.0
Beras Medium,2022-03-25,8400.0,9000.0
Beras Medium,2022-03-26,8400.0,9000.0
Beras Medium,2022-03-27,8400.0,9000.0
Beras Medium,2022-03-28,8400.0,9000.0
Beras Medium,2022-03-29,8400.0,9000.0
Beras Medium,2022-03-30,8400.0,9000.0
Beras Medium,2022-03-31,8400.0,9000.0
Beras Medium,2022-04-01,8400.0,9000.0
Beras Medium,2022-04-02,8400.0,9000.0
Beras Medium,2022-04-03,8400.0,9000.0
Beras Medium,2022-04-04,8700.0,9000.0
Beras Medium,2022-04-05,8700.0,9000.0
Beras Medium,2022-04-06,8700.0,9000.0
Beras Medium,2022-04-07,8700.0,9000.0
Beras Medium,2022-04-08,8700.0,9000.0
Beras Medium,2022-04-09,8700.0,9000.0
Beras Medium,2022-04-10,8700.0,9000.0
Beras Medium,2022-04-11,8200.0,9000.0
Beras Medium,2022-04-12,8200.0,9000.0
Beras Medium,2022-04-13,8200.0,9000.0
Beras Medium,2022-04-14,8200.0,9000.0
Beras Medium,2022-04-15,8200.0,9000.0
Beras Medium,2022-04-16,8200.0,9000.0
Beras Medium,2022-04-17,8200.0,9000.0
Beras Medium,2022-04-18,8200.0,9000.0
Beras Medium,2022-04-19,8200.0,9000.0
Beras Medium,2022-04-20,8200.0,9000.0
Beras Medium,2022-04-21,8200.0,9000.0
Beras Medium,2022-04-22,8200.0,9000.0
Beras Medium,2022-04-23,8200.0,9000.0
Beras Medium,2022-04-24,8200.0,9000.0
Beras Medium,2022-04-25,8200.0,9000.0
Beras Medium,2022-04-26,8200.0,9000.0
Beras Medium,2022-04-27,8200.0,9000.0
Beras Medium,2022-04-28,8200.0,9000.0
Beras Medium,2022-04-29,8200.0,9000.0
Beras Medium,2022-04-30,8200.0,9000.0
Beras Medium,2022-05-01,8200.0,9000.0
Beras Medium,2022-05-02,8200.0,9000.0
Beras Medium,2022-05-03,8200.0,9000.0
Beras Medium,2022-05-04,8200.0,9000.0
Beras Medium,2022-05-05,8200.0,9000.0
Beras Medium,2022-05-06,8200.0,9000.0
Beras Medium,2022-05-07,8200.0,9000.0
Beras Medium,2022-05-08,8200.0,9000.0
Beras Medium,2022-05-09,8200.0,9000.0
Beras Medium,2022-05-10,8200.0,9000.0
Beras Medium,2022-05-11,8200.0,9000.0
Beras Medium,2022-05-12,8200.0,9000.0
Beras Medium,2022-05-13,8200.0,9000.0
Beras Medium,2022-05-14,8200.0,9000.0
Beras Medium,2022-05-15,8200.0,9000.0
Beras Medium,2022-05-16,8200.0,9000.0
Beras Medium,2022-05-17,8200.0,9000.0
Beras Medium,2022-05-18,8200.0,9000.0
Beras Medium,2022-05-19,8200.0,9000.0
Beras Medium,2022-05-20,8200.0,9000.0
Beras Medium,2022-05-21,8200.0,9000.0
Beras Medium,2022-05-22,8200.0,9000.0
Beras Medium,2022-05-23,8200.0,9000.0
Beras Medium,2022-05-24,8200.0,9000.0
Beras Medium,2022-05-25,8200.0,9000.0
Beras Medium,2022-05-26,8200.0,9000.0
Beras Medium,2022-05-27,8200.0,9000.0
Beras Medium,2022-05-28,8200.0,9000.0
Beras Medium,2022-05-29,8200.0,9000.0
Beras Medium,2022-05-30,8200.0,9000.0
Beras Medium,2022-05-31,8200.0,9000.0
Beras Medium,2022-06-01,8200.0,9000.0
Beras Medium,2022-06-02,8200.0,9000.0
Beras Medium,2022-06-03,8200.0,9000.0
Beras Medium,2022-06-04,8200.0,9000.0
Beras Medium,2022-06-05,8200.0,9000.0
Beras Medium,2022-06-06,8200.0,9000.0
Beras Medium,2022-06-07,8200.0,9000.0
Beras Medium,2022-06-08,8200.0,9000.0
Beras Medium,2022-06-09,8200.0,9000.0
Beras Medium,2022-06-10,8200.0,9000.0
Beras Medium,2022-06-11,8200.0,9000.0
Beras Medium,2022-06-12,8200.0,9000.0
Beras Medium,2022-06-13,8200.0,9000.0
Beras Medium,2022-06-14,8200.0,9000.0
Beras Medium,2022-06-15,8200.0,9000.0
Beras Medium,2022-06-16,8200.0,9000.0
Beras Medium,2022-06-17,8200.0,9000.0
Beras Medium,2022-06-18,8200.0,9000.0
Beras Medium,2022-06-19,8200.0,9000.0
Beras Medium,2022-06-20,8200.0,9000.0
Beras Medium,2022-06-21,8200.0,9000.0
Beras Medium,2022-06-22,8200.0,9000.0
Beras Medium,2022-06-23,8200.0,9000.0
Beras Medium,2022-06-24,8200.0,9000.0
Beras Medium,2022-06-25,8200.0,9000.0
Beras Medium,2022-06-26,8200.0,9000.0
Beras Medium,2022-06-27,8200.0,9000.0
Beras Medium,2022-06-28,8200.0,9000.0
Beras Medium,2022-06-29,8200.0,9000.0
Beras Medium,2022-06-30,8200.0,9000.0
Beras Medium,2022-07-01,8200.0,9000.0
Beras Medium,2022-07-02,8200.0,9000.0
Beras Medium,2022-07-03,8200.0,9000.0
Beras Medium,2022-07-04,8200.0,9000.0
Beras Medium,2022-07-05,8200.0,9000.0
Beras Medium,2022-07-06,8200.0,9000.0
Beras Medium,2022-07-07,8200.0,9000.0
Beras Medium,2022-07-08,8200.0,9000.0
Beras Medium,2022-07-09,8200.0,9000.0
Beras Medium,2022-07-10,8200.0,9000.0
Beras Medium,2022-07-11,8200.0,9000.0
Beras Medium,2022-07-12,8200.0,9000.0
Beras Medium,2022-07-13,8200.0,9000.0
Beras Medium,2022-07-14,8200.0,9000.0
Beras Medium,2022-07-15,8200.0,9000.0
Beras Medium,2022-07-16,8200.0,9000.0
Beras Medium,2022-07-17,8200.0,9000.0
Beras Medium,2022-07-18,8200.0,9000.0
Beras Medium,2022-07-19,8200.0,9000.0
Beras Medium,2022-07-20,8200.0,9000.0
Beras Medium,2022-07-21,8200.0,9000.0
Beras Medium,2022-07-22,8200.0,9000.0
Beras Medium,2022-07-23,8200.0,9000.0
Beras Medium,2022-07-24,8200.0,9000.0
Beras Medium,2022-07-25,8200.0,9000.0
Beras Medium,2022-07-26,8200.0,9000.0
Beras Medium,2022-07-27,8200.0,9000.0
Beras Medium,2022-07-28,8200.0,9000.0
Beras Medium,2022-07-29,8200.0,9000.0
Beras Medium,2022-07-30,8200.0,9000.0
Beras Medium,2022-07-31,8200.0,9000.0
Beras Medium,2022-08-01,8200.0,9000.0
Beras Medium,2022-08-02,8200.0,9000.0
Beras Medium,2022-08-03,8200.0,9000.0
Beras Medium,2022-08-04,8200.0,9000.0
Beras Medium,2022-08-05,8200.0,9000.0
Beras Medium,2022-08-06,8200.0,9000.0
Beras Medium,2022-08-07,8200.0,9000.0
Beras Medium,2022-08-08,8200.0,9000.0
Beras Medium,2022-08-09,8200.0,9000.0
Beras Medium,2022-08-10,8200.0,9000.0
Beras Medium,2022-08-11,8200.0,9000.0
Beras Medium,2022-08-12,8200.0,9000.0
Beras Medium,2022-08-13,8200.0,9000.0
Beras Medium,2022-08-14,8200.0,9000.0
Beras Medium,2022-08-15,8200.0,9000.0
Beras Medium,2022-08-16,8200.0,9000.0
Beras Medium,2022-08-17,8200.0,9000.0
Beras Medium,2022-08-18,8200.0,9000.0
Beras Medium,2022-08-19,8200.0,9000.0
Beras Medium,2022-08-20,8200.0,9000.0
Beras Medium,2022-08-21,8200.0,9000.0
Beras Medium,2022-08-22,8200.0,9000.0
Beras Medium,2022-08-23,8200.0,9000.0
Beras Medium,2022-08-24,8200.0,9000.0
Beras Medium,2022-08-25,8200.0,9000.0
Beras Medium,2022-08-26,8200.0,9000.0
Beras Medium,2022-08-27,8200.0,9000.0
Beras Medium,2022-08-28,8200.0,9000.0
Beras Medium,2022-08-29,8200.0,9000.0
Beras Medium,2022-08-30,8200.0,9000.0
Beras Medium,2022-08-31,8200.0,9000.0
Beras Medium,2022-09-01,8200.0,9000.0
Beras Medium,2022-09-02,8200.0,9000.0
Beras Medium,2022-09-03,8200.0,9000.0
Beras Medium,2022-09-04,8200.0,9000.0
Beras Medium,2022-09-05,8200.0,9000.0
Beras Medium,2022-09-06,8200.0,9000.0
Beras Medium,2022-09-07,8200.0,9000.0
Beras Medium,2022-09-08,8200.0,9000.0
Beras Medium,2022-09-09,8200.0,9000.0
Beras Medium,2022-09-10,8200.0,9000.0
Beras Medium,2022-09-11,8200.0,9000.0
Beras Medium,2022-09-12,8200.0,9000.0
Beras Medium,2022-09-13,8200.0,9000.0
Beras Medium,2022-09-14,8200.0,9000.0
Beras Medium,2022-09-15,8200.0,9000.0
Beras Medium,2022-09-16,8200.0,9000.0
Beras Medium,2022-09-17,8200.0,9000.0
Beras Medium,2022-09-18,8200.0,9000.0
Beras Medium,2022-09-19,8200.0,9000.0
Beras Medium,2022-09-20,8200.0,9000.0
Beras Medium,2022-09-21,8200.0,9000.0
Beras Medium,2022-09-22,8200.0,9000.0
Beras Medium,2022-09-23,8200.0,9000.0
Beras Medium,2022-09-24,8200.0,9000.0
Beras Medium,2022-09-25,8200.0,9000.0
Beras Medium,2022-09-26,8200.0,9000.0
Beras Medium,2022-09-27,8200.0,9000.0
Beras Medium,2022-09-28,8200.0,9000.0
Beras Medium,2022-09-29,8200.0,9000.0
Beras Medium,2022-09-30,8200.0,9000.0
Beras Medium,2022-10-01,8200.0,9000.0
Beras Medium,2022-10-02,8200.0,9000.0
Beras Medium,2022-10-03,8200.0,9000.0
Beras Medium,2022-10-04,8800.0,9200.0
Beras Medium,2022-10-05,8800.0,9200.0
Beras Medium,2022-10-06,8800.0,9200.0
Beras Medium,2022-10-07,8800.0,9200.0
Beras Medium,2022-10-08,8800.0,9200.0
Beras Medium,2022-10-09,8800.0,9200.0
Beras Medium,2022-10-10,8800.0,9200.0
Beras Medium,2022-10-11,8800.0,9200.0
Beras Medium,2022-10-12,8800.0,9200.0
Beras Medium,2022-10-13,8800.0,9200.0
Beras Medium,2022-10-14,8800.0,9200.0
Beras Medium,2022-10-15,8800.0,9200.0
Beras Medium,2022-10-16,8800.0,9200.0
Beras Medium,2022-10-17,8800.0,9200.0
Beras Medium,2022-10-18,8800.0,9200.0
Beras Medium,2022-10-19,8800.0,9200.0
Beras Medium,2022-10-20,8800.0,9200.0
Beras Medium,2022-10-21,8800.0,9200.0
Beras Medium,2022-10-22,8800.0,9200.0
Beras Medium,2022-10-23,8800.0,9200.0
Beras Medium,2022-10-24,8800.0,9200.0
Beras Medium,2022-10-25,8800.0,9200.0
Beras Medium,2022-10-26,8800.0,9200.0
Beras Medium,2022-10-27,8800.0,9200.0
Beras Medium,2022-10-28,8800.0,9200.0
Beras Medium,2022-10-29,8800.0,9200.0
Beras Medium,2022-10-30,8800.0,9200.0
Beras Medium,2022-10-31,8800.0,9200.0
Beras Medium,2022-11-01,8800.0,9200.0
Beras Medium,2022-11-02,8800.0,9200.0
Beras Medium,2022-11-03,8800.0,9200.0
Beras Medium,2022-11-04,8800.0,9200.0
Beras Medium,2022-11-05,8800.0,9200.0
Beras Medium,2022-11-06,8800.0,9200.0
Beras Medium,2022-11-07,8800.0,9200.0
Beras Medium,2022-11-08,8800.0,9200.0
Beras Medium,2022-11-09,8800.0,9200.0
Beras Medium,2022-11-10,8800.0,9200.0
Beras Medium,2022-11-11,8800.0,9200.0
Beras Medium,2022-11-12,8800.0,9200.0
Beras Medium,2022-11-13,8800.0,9200.0
Beras Medium,2022-11-14,8800.0,9200.0
Beras Medium,2022-11-15,8800.0,9200.0
Beras Medium,2022-11-16,8800.0,9200.0
Beras Medium,2022-11-17,8800.0,9200.0
Beras Medium,2022-11-18,8800.0,9200.0
Beras Medium,2022-11-19,8800.0,9200.0
Beras Medium,2022-11-20,8800.0,9200.0
Beras Medium,2022-11-21,8800.0,9200.0
Beras Medium,2022-11-22,8800.0,9200.0
Beras Medium,2022-11-23,8800.0,9200.0
Beras Medium,2022-11-24,8800.0,9200.0
Beras Medium,2022-11-25,8800.0,9200.0
Beras Medium,2022-11-26,8800.0,9200.0
Beras Medium,2022-11-27,8800.0,9200.0
Beras Medium,2022-11-28,8800.0,9200.0
Beras Medium,2022-11-29,8800.0,9200.0
Beras Medium,2022-11-30,8800.0,9200.0
Beras Medium,2022-12-01,8800.0,9500.0
Beras Medium,2022-12-02,8800.0,9500.0
Beras Medium,2022-12-03,8800.0,9500.0
Beras Medium,2022-12-04,8800.0,9500.0
Beras Medium,2022-12-05,8900.0,9500.0
Beras Medium,2022-12-06,8900.0,9500.0
Beras Medium,2022-12-07,8900.0,9500.0
Beras Medium,2022-12-08,8900.0,9500.0
Beras Medium,2022-12-09,8900.0,9500.0
Beras Medium,2022-12-10,8900.0,9500.0
Beras Medium,2022-12-11,8900.0,9500.0
Beras Medium,2022-12-12,8900.0,9500.0
Beras Medium,2022-12-13,8900.0,9500.0
Beras Medium,2022-12-14,8900.0,9500.0
Beras Medium,2022-12-15,8900.0,9500.0
Beras Medium,2022-12-16,8900.0,9500.0
Beras Medium,2022-12-17,8900.0,9500.0
Beras Medium,2022-12-18,8900.0,9500.0
Beras Medium,2022-12-19,8900.0,9500.0
Beras Medium,2022-12-20,8900.0,9500.0
Beras Medium,2022-12-21,8900.0,9500.0
Beras Medium,2022-12-22,8900.0,9500.0
Beras Medium,2022-12-23,8900.0,9500.0
Beras Medium,2022-12-24,8900.0,9500.0
Beras Medium,2022-12-25,8900.0,9500.0
Beras Medium,2022-12-26,8900.0,9500.0
Beras Medium,2022-12-27,8900.0,9500.0
Beras Medium,2022-12-28,8900.0,9500.0
Beras Medium,2022-12-29,8900.0,9500.0
Beras Medium,2022-12-30,8900.0,9500.0
Beras Medium,2022-12-31,8900.0,9500.0
Beras Medium,2023-01-01,8900.0,9500.0
Beras Medium,2023-01-02,8800.0,9500.0
Beras Medium,2023-01-03,8800.0,9500.0
Beras Medium,2023-01-04,8800.0,9500.0
Beras Medium,2023-01-05,8800.0,9500.0
Beras Medium,2023-01-06,8800.0,9500.0
Beras Medium,2023-01-07,8800.0,9500.0
Beras Medium,2023-01-08,8800.0,9500.0
Beras Medium,2023-01-09,9300.0,10500.0
Beras Medium,2023-01-10,9300.0,10500.0
Beras Medium,2023-01-11,9300.0,10500.0
Beras Medium,2023-01-12,9300.0,10500.0
Beras Medium,2023-01-13,9300.0,10500.0
Beras Medium,2023-01-14,9300.0,10500.0
Beras Medium,2023-01-15,9300.0,10500.0
Beras Medium,2023-01-16,9300.0,10500.0
Beras Medium,2023-01-17,9300.0,10500.0
Beras Medium,2023-01-18,9300.0,10500.0
Beras Medium,2023-01-19,9300.0,10500.0
Beras Medium,2023-01-20,9300.0,10500.0
Beras Medium,2023-01-21,9300.0,10500.0
Beras Medium,2023-01-22,9300.0,10500.0
Beras Medium,2023-01-23,9300.0,10500.0
Beras Medium,2023-01-24,9300.0,10500.0
Beras Medium,2023-01-25,9300.0,10500.0
Beras Medium,2023-01-26,9300.0,10500.0
Beras Medium,2023-01-27,9300.0,10500.0
Beras Medium,2023-01-28,9300.0,10500.0
Beras Medium,2023-01-29,9300.0,10500.0
Beras Medium,2023-01-30,9300.0,10500.0
Beras Medium,2023-01-31,9300.0,10500.0
Beras Medium,2023-02-01,9300.0,9000.0
Beras Medium,2023-02-02,9300.0,9000.0
Beras Medium,2023-02-03,9300.0,9000.0
Beras Medium,2023-02-04,9300.0,9000.0
Beras Medium,2023-02-05,9300.0,9000.0
Beras Medium,2023-02-06,9300.0,10500.0
Beras Medium,2023-02-07,9300.0,10500.0
Beras Medium,2023-02-08,9300.0,10500.0
Beras Medium,2023-02-09,9300.0,10500.0
Beras Medium,2023-02-10,9300.0,10500.0
Beras Medium,2023-02-11,9300.0,10500.0
Beras Medium,2023-02-12,9300.0,10500.0
Beras Medium,2023-02-13,9300.0,10500.0
Beras Medium,2023-02-14,9300.0,10500.0
Beras Medium,2023-02-15,9300.0,10500.0
Beras Medium,2023-02-16,9300.0,10500.0
Beras Medium,2023-02-17,9300.0,10500.0
Beras Medium,2023-02-18,9300.0,10500.0
Beras Medium,2023-02-19,9300.0,10500.0
Beras Medium,2023-02-20,9600.0,11500.0
Beras Medium,2023-02-21,9600.0,11500.0
Beras Medium,2023-02-22,9600.0,11500.0
Beras Medium,2023-02-23,9600.0,11500.0
Beras Medium,2023-02-24,9600.0,11500.0
Beras Medium,2023-02-25,9600.0,11500.0
Beras Medium,2023-02-26,9600.0,11500.0
Beras Medium,2023-02-27,9600.0,11500.0
Beras Medium,2023-02-28,9600.0,11500.0
Beras Medium,2023-03-01,9300.0,9000.0
Beras Medium,2023-03-02,9300.0,9000.0
Beras Medium,2023-03-03,9300.0,9000.0
Beras Medium,2023-03-04,9300.0,9000.0
Beras Medium,2023-03-05,9300.0,9000.0
Beras Medium,2023-03-06,9300.0,9000.0
Beras Medium,2023-03-07,9300.0,9000.0
Beras Medium,2023-03-08,9300.0,9000.0
Beras Medium,2023-03-09,9300.0,9000.0
Beras Medium,2023-03-10,9300.0,9000.0
Beras Medium,2023-03-11,9300.0,9000.0
Beras Medium,2023-03-12,9300.0,9000.0
Beras Medium,2023-03-13,9300.0,9000.0
Beras Medium,2023-03-14,9300.0,9000.0
Beras Medium,2023-03-15,9300.0,9000.0
Beras Medium,2023-03-16,9300.0,9000.0
Beras Medium,2023-03-17,9300.0,9000.0
Beras Medium,2023-03-18,9300.0,9000.0
Beras Medium,2023-03-19,9300.0,9000.0
Beras Medium,2023-03-20,9300.0,9000.0
Beras Medium,2023-03-21,9300.0,9000.0
Beras Medium,2023-03-22,9300.0,9000.0
Beras Medium,2023-03-23,9300.0,9000.0
Beras Medium,2023-03-24,9300.0,9000.0
Beras Medium,2023-03-25,9300.0,9000.0
Beras Medium,2023-03-26,9300.0,9000.0
Beras Medium,2023-03-27,9300.0,9000.0
Beras Medium,2023-03-28,9300.0,9000.0
Beras Medium,2023-03-29,9300.0,9000.0
Beras Medium,2023-03-30,9300.0,9000.0
Beras Medium,2023-03-31,9300.0,9000.0
Beras Medium,2023-04-01,9300.0,9000.0
Beras Medium,2023-04-02,9300.0,9000.0
Beras Medium,2023-04-03,9300.0,9000.0
Beras Medium,2023-04-04,9300.0,9000.0
Beras Medium,2023-04-05,9300.0,9000.0
Beras Medium,2023-04-06,9300.0,9000.0
Beras Medium,2023-04-07,9300.0,9000.0
Beras Medium,2023-04-08,9300.0,9000.0
Beras Medium,2023-04-09,9300.0,9000.0
Beras Medium,2023-04-10,9300.0,9000.0
Beras Medium,2023-04-11,9300.0,9000.0
Beras Medium,2023-04-12,9300.0,9000.0
Beras Medium,2023-04-13,9300.0,9000.0
Beras Medium,2023-04-14,9300.0,9000.0
Beras Medium,2023-04-15,9300.0,9000.0
Beras Medium,2023-04-16,9300.0,9000.0
Beras Medium,2023-04-17,9300.0,9000.0
Beras Medium,2023-04-18,9300.0,9000.0
Beras Medium,2023-04-19,9300.0,9000.0
Beras Medium,2023-04-20,9300.0,9000.0
Beras Medium,2023-04-21,9300.0,9000.0
Beras Medium,2023-04-22,9300.0,9000.0
Beras Medium,2023-04-23,9300.0,9000.0
Beras Medium,2023-04-24,9300.0,9000.0
Beras Medium,2023-04-25,9300.0,9000.0
Beras Medium,2023-04-26,9300.0,9000.0
Beras Medium,2023-04-27,9300.0,9000.0
Beras Medium,2023-04-28,9300.0,9000.0
Beras Medium,2023-04-29,9300.0,9000.0
Beras Medium,2023-04-30,9300.0,9000.0
Beras Medium,2023-05-01,9300.0,9000.0
Beras Medium,2023-05-02,9300.0,9000.0
Beras Medium,2023-05-03,9300.0,9000.0
Beras Medium,2023-05-04,9300.0,9000.0
Beras Medium,2023-05-05,9300.0,9000.0
Beras Medium,2023-05-06,9300.0,9000.0
Beras Medium,2023-05-07,9300.0,9000.0
Beras Medium,2023-05-08,9300.0,9000.0
Beras Medium,2023-05-09,9300.0,9000.0
Beras Medium,2023-05-10,9300.0,9000.0
Beras Medium,2023-05-11,9300.0,9000.0
Beras Medium,2023-05-12,9300.0,9000.0
Beras Medium,2023-05-13,9300.0,9000.0
Beras Medium,2023-05-14,9300.0,9000.0
Beras Medium,2023-05-15,9600.0,10700.0
Beras Medium,2023-05-16,9600.0,10700.0
Beras Medium,2023-05-17,9600.0,10700.0
Beras Medium,2023-05-18,9600.0,10700.0
Beras Medium,2023-05-19,9600.0,10700.0
Beras Medium,2023-05-20,9600.0,10700.0
Beras Medium,2023-05-21,9600.0,10700.0
Beras Medium,2023-05-22,9600.0,10700.0
Beras Medium,2023-05-23,9600.0,10700.0
Beras Medium,2023-05-24,9600.0,10700.0
Beras Medium,2023-05-25,9600.0,10700.0
Beras Medium,2023-05-26,9600.0,10700.0
Beras Medium,2023-05-27,9600.0,10700.0
Beras Medium,2023-05-28,9600.0,10700.0
Beras Medium,2023-05-29,9600.0,10700.0
Beras Medium,2023-05-30,9600.0,10700.0
Beras Medium,2023-05-31,9600.0,10700.0
Beras Medium,2023-06-01,9600.0,10700.0
Beras Medium,2023-06-02,9600.0,10700.0
Beras Medium,2023-06-03,9600.0,10700.0
Beras Medium,2023-06-04,9600.0,10700.0
Beras Medium,2023-06-05,9600.0,10700.0
Beras Medium,2023-06-06,9600.0,10700.0
Beras Medium,2023-06-07,9600.0,10700.0
Beras Medium,2023-06-08,9600.0,10700.0
Beras Medium,2023-06-09,9600.0,10700.0
Beras Medium,2023-06-10,9600.0,10700.0
Beras Medium,2023-06-11,9600.0,10700.0
Beras Medium,2023-06-12,9600.0,10700.0
Beras Medium,2023-06-13,9600.0,10700.0
Beras Medium,2023-06-14,9600.0,10700.0
Beras Medium,2023-06-15,9600.0,10700.0
Beras Medium,2023-06-16,9600.0,10700.0
Beras Medium,2023-06-17,9600.0,10700.0
Beras Medium,2023-06-18,9600.0,10700.0
Beras Medium,2023-06-19,9600.0,10700.0
Beras Medium,2023-06-20,9600.0,10700.0
Beras Medium,2023-06-21,9600.0,10700.0
Beras Medium,2023-06-22,9600.0,10700.0
Beras Medium,2023-06-23,9600.0,10700.0
Beras Medium,2023-06-24,9600.0,10700.0
Beras Medium,2023-06-25,9600.0,10700.0
Beras Medium,2023-06-26,9600.0,10700.0
Beras Medium,2023-06-27,9600.0,10700.0
Beras Medium,2023-06-28,9600.0,10700.0
Beras Medium,2023-06-29,9600.0,10700.0
Beras Medium,2023-06-30,9600.0,10700.0
Beras Medium,2023-07-01,9600.0,10700.0
Beras Medium,2023-07-02,9600.0,10700.0
Beras Medium,2023-07-03,9600.0,10700.0
Beras Medium,2023-07-04,9600.0,10700.0
Beras Medium,2023-07-05,9600.0,10700.0
Beras Medium,2023-07-06,9600.0,10700.0
Beras Medium,2023-07-07,9600.0,10700.0
Beras Medium,2023-07-08,9600.0,10700.0
Beras Medium,2023-07-09,9600.0,10700.0
Beras Medium,2023-07-10,9600.0,10700.0
Beras Medium,2023-07-11,9600.0,10700.0
Beras Medium,2023-07-12,9600.0,10700.0
Beras Medium,2023-07-13,9600.0,10700.0
Beras Medium,2023-07-14,9600.0,10700.0
Beras Medium,2023-07-15,9600.0,10700.0
Beras Medium,2023-07-16,9600.0,10700.0
Beras Medium,2023-07-17,9700.0,10900.0
Beras Medium,2023-07-18,9700.0,10900.0
Beras Medium,2023-07-19,9700.0,10900.0
Beras Medium,2023-07-20,9700.0,10900.0
Beras Medium,2023-07-21,9700.0,10900.0
Beras Medium,2023-07-22,9700.0,10900.0
Beras Medium,2023-07-23,9700.0,10900.0
Beras Medium,2023-07-24,9700.0,10900.0
Beras Medium,2023-07-25,9700.0,10900.0
Beras Medium,2023-07-26,9700.0,10900.0
Beras Medium,2023-07-27,9700.0,10900.0
Beras Medium,2023-07-28,9700.0,10900.0
Beras Medium,2023-07-29,9700.0,10900.0
Beras Medium,2023-07-30,9700.0,10900.0
Beras Medium,2023-07-31,9700.0,10900.0
Beras Medium,2023-08-01,9700.0,10900.0
Beras Medium,2023-08-02,9700.0,10900.0
Beras Medium,2023-08-03,9700.0,10900.0
Beras Medium,2023-08-04,9700.0,10900.0
Beras Medium,2023-08-05,9700.0,10900.0
Beras Medium,2023-08-06,9700.0,10900.0
Beras Medium,2023-08-07,9700.0,10900.0
Beras Medium,2023-08-08,9700.0,10900.0
Beras Medium,2023-08-09,9700.0,10900.0
Beras Medium,2023-08-10,9700.0,10900.0
Beras Medium,2023-08-11,9700.0,10900.0
Beras Medium,2023-08-12,9700.0,10900.0
Beras Medium,2023-08-13,9700.0,10900.0
Beras Medium,2023-08-14,9700.0,10900.0
Beras Medium,2023-08-15,9700.0,10900.0
Beras Medium,2023-08-16,9700.0,10900.0
Beras Medium,2023-08-17,9700.0,10900.0
Beras Medium,2023-08-18,9700.0,10900.0
Beras Medium,2023-08-19,9700.0,10900.0
Beras Medium,2023-08-20,9700.0,10900.0
Beras Medium,2023-08-21,9700.0,10900.0
Beras Medium,2023-08-22,9700.0,10900.0
Beras Medium,2023-08-23,9700.0,10900.0
Beras Medium,2023-08-24,9700.0,10900.0
Beras Medium,2023-08-25,9700.0,10900.0
Beras Medium,2023-08-26,9700.0,10900.0
Beras Medium,2023-08-27,9700.0,10900.0
Beras Medium,2023-08-28,10500.0,11400.0
Beras Medium,2023-08-29,10500.0,11400.0
Beras Medium,2023-08-30,10500.0,11400.0
Beras Medium,2023-08-31,10500.0,11400.0
Beras Medium,2023-09-01,10500.0,11400.0
Beras Medium,2023-09-02,10500.0,11400.0
Beras Medium,2023-09-03,10500.0,11400.0
Beras Medium,2023-09-04,10700.0,11400.0
Beras Medium,2023-09-05,10700.0,11400.0
Beras Medium,2023-09-06,10700.0,11400.0
Beras Medium,2023-09-07,10700.0,11400.0
Beras Medium,2023-09-08,10700.0,11400.0
Beras Medium,2023-09-09,10700.0,11400.0
Beras Medium,2023-09-10,10700.0,11400.0
Beras Medium,2023-09-11,10700.0,11400.0
Beras Medium,2023-09-12,10700.0,11400.0
Beras Medium,2023-09-13,10700.0,11800.0
Beras Medium,2023-09-14,10700.0,11800.0
Beras Medium,2023-09-15,10700.0,11800.0
Beras Medium,2023-09-16,10700.0,11800.0
Beras Medium,2023-09-17,10700.0,11800.0
Beras Medium,2023-09-18,12200.0,13000.0
Beras Medium,2023-09-19,12200.0,13000.0
Beras Medium,2023-09-20,12200.0,13000.0
Beras Medium,2023-09-21,12200.0,13000.0
Beras Medium,2023-09-22,12200.0,13000.0
Beras Medium,2023-09-23,12200.0,13000.0
Beras Medium,2023-09-24,12200.0,13000.0
Beras Medium,2023-09-25,12200.0,13000.0
Beras Medium,2023-09-26,12200.0,13000.0
Beras Medium,2023-09-27,12200.0,13000.0
Beras Medium,2023-09-29,12200.0,13000.0
Beras Medium,2023-09-30,12200.0,13000.0
Beras Medium,2023-10-01,12200.0,13000.0
Beras Medium,2023-10-02,12200.0,13000.0
Beras Medium,2023-10-03,12200.0,13000.0
Beras Medium,2023-10-04,12200.0,13000.0
Beras Medium,2023-10-05,12200.0,13000.0
Beras Medium,2023-10-06,12200.0,13000.0
Beras Medium,2023-10-07,12200.0,13000.0
Beras Medium,2023-10-08,12200.0,13000.0
Beras Medium,2023-10-09,12200.0,13000.0
Beras Medium,2023-10-10,12200.0,13000.0
Beras Medium,2023-10-11,12200.0,13000.0
Beras Medium,2023-10-12,12200.0,13000.0
Beras Medium,2023-10-13,12200.0,13000.0
Beras Medium,2023-10-14,12200.0,13000.0
Beras Medium,2023-10-15,12200.0,13000.0
Beras Medium,2023-10-16,12200.0,13000.0
Beras Medium,2023-10-17,12200.0,13000.0
Beras Medium,2023-10-18,12200.0,13000.0
Beras Medium,2023-10-19,12200.0,13000.0
Beras Medium,2023-10-20,12200.0,13000.0
Beras Medium,2023-10-21,12200.0,13000.0
Beras Medium,2023-10-22,12200.0,13000.0
Beras Medium,2023-10-23,12200.0,13000.0
Beras Medium,2023-10-24,12200.0,13000.0
Beras Medium,2023-10-25,12200.0,13000.0
Beras Medium,2023-10-26,12200.0,13000.0
Beras Medium,2023-10-27,12200.0,13000.0
Beras Medium,2023-10-28,12200.0,13000.0
Beras Medium,2023-10-29,12200.0,13000.0
Beras Medium,2023-10-30,12500.0,13500.0
Beras Medium,2023-10-31,12500.0,13500.0
Beras Medium,2023-11-01,12500.0,13500.0
Beras Medium,2023-11-02,12500.0,13500.0
Beras Medium,2023-11-03,12500.0,13500.0
Beras Medium,2023-11-04,12500.0,13500.0
Beras Medium,2023-11-05,12500.0,13500.0
Beras Medium,2023-11-06,12500.0,13800.0
Beras Medium,2023-11-07,12500.0,13800.0
Beras Medium,2023-11-08,12500.0,13800.0
Beras Medium,2023-11-09,12500.0,13800.0
Beras Medium,2023-11-10,12500.0,13800.0
Beras Medium,2023-11-11,12500.0,13800.0
Beras Medium,2023-11-12,12500.0,13800.0
Beras Medium,2023-11-13,12500.0,13800.0
Beras Medium,2023-11-14,12500.0,13800.0
Beras Medium,2023-11-15,12500.0,13800.0
Beras Medium,2023-11-16,12500.0,13800.0
Beras Medium,2023-11-17,12500.0,13800.0
Beras Medium,2023-11-18,12500.0,13800.0
Beras Medium,2023-11-19,12500.0,13800.0
Beras Medium,2023-11-20,12500.0,13800.0
Beras Medium,2023-11-21,12500.0,13800.0
Beras Medium,2023-11-22,12500.0,13800.0
Beras Medium,2023-11-23,12500.0,13800.0
Beras Medium,2023-11-24,12500.0,13800.0
Beras Medium,2023-11-25,12500.0,13800.0
Beras Medium,2023-11-26,12500.0,13800.0
Beras Medium,2023-11-27,12500.0,13800.0
Beras Medium,2023-11-28,12500.0,13800.0
Beras Medium,2023-11-29,12500.0,13800.0
Beras Medium,2023-11-30,12500.0,13800.0
Beras Medium,2023-12-01,12500.0,13800.0
Beras Medium,2023-12-02,12500.0,13800.0
Beras Medium,2023-12-03,12500.0,13800.0
Beras Medium,2023-12-04,12500.0,13800.0
Beras Medium,2023-12-05,12500.0,13800.0
Beras Medium,2023-12-06,12500.0,13800.0
Beras Medium,2023-12-07,12500.0,13800.0
Beras Medium,2023-12-08,12500.0,13800.0
Beras Medium,2023-12-09,12500.0,13800.0
Beras Medium,2023-12-10,12500.0,13800.0
Beras Medium,2023-12-11,12500.0,13800.0
Beras Medium,2023-12-12,12500.0,13800.0
Beras Medium,2023-12-13,12500.0,13800.0
Beras Medium,2023-12-14,12500.0,13800.0
Beras Medium,2023-12-15,12500.0,13800.0
Beras Medium,2023-12-16,12500.0,13800.0
Beras Medium,2023-12-17,12500.0,13800.0
Beras Medium,2023-12-18,12500.0,13800.0
Beras Medium,2023-12-19,12500.0,13800.0
Beras Medium,2023-12-20,12500.0,13800.0
Beras Medium,2023-12-21,12500.0,13800.0
Beras Medium,2023-12-22,12500.0,13800.0
Beras Medium,2023-12-23,12500.0,13800.0
Beras Medium,2023-12-24,12500.0,13800.0
Beras Medium,2023-12-25,12500.0,13800.0
Beras Medium,2023-12-26,12500.0,13800.0
Beras Medium,2023-12-27,12500.0,13800.0
Beras Medium,2023-12-28,12500.0,13800.0
Beras Medium,2023-12-29,12500.0,13800.0
Beras Medium,2023-12-30,12500.0,13800.0
Beras Medium,2023-12-31,12500.0,13800.0
Beras Medium,2024-01-01,12500.0,13800.0
Beras Medium,2024-01-02,12500.0,13800.0
Beras Medium,2024-01-03,12500.0,13800.0
Beras Medium,2024-01-04,12500.0,13800.0
Beras Medium,2024-01-05,12500.0,13800.0
Beras Medium,2024-01-06,12500.0,13800.0
Beras Medium,2024-01-07,12500.0,13800.0
Beras Medium,2024-01-08,12500.0,13800.0
Beras Medium,2024-01-09,12500.0,13800.0
Beras Medium,2024-01-10,12500.0,13800.0
Beras Medium,2024-01-11,12500.0,13800.0
Beras Medium,2024-01-12,12500.0,13800.0
Beras Medium,2024-01-13,12500.0,13800.0
Beras Medium,2024-01-14,12500.0,13800.0
Beras Medium,2024-01-15,12500.0,13800.0
Beras Medium,2024-01-16,12500.0,13800.0
Beras Medium,2024-01-17,12500.0,13800.0
Beras Medium,2024-01-18,12500.0,13800.0
Beras Medium,2024-01-19,12500.0,13800.0
Beras Medium,2024-01-20,12500.0,13800.0
Beras Medium,2024-01-21,12500.0,13800.0
Beras Medium,2024-01-22,12500.0,13800.0
Beras Medium,2024-01-23,12500.0,13800.0
Beras Medium,2024-01-24,12500.0,13800.0
Beras Medium,2024-01-25,12500.0,13800.0
Beras Medium,2024-01-26,12500.0,13800.0
Beras Medium,2024-01-27,12500.0,13800.0
Beras Medium,2024-01-28,12500.0,13800.0
Beras Medium,2024-01-29,12500.0,13800.0
Beras Medium,2024-01-30,12500.0,13800.0
Beras Medium,2024-01-31,12500.0,13800.0
Beras Medium,2024-02-01,13300.0,14200.0
Beras Medium,2024-02-02,13300.0,14200.0
Beras Medium,2024-02-03,13300.0,14200.0
Beras Medium,2024-02-04,13300.0,14200.0
Beras Medium,2024-02-05,13500.0,14500.0
Beras Medium,2024-02-06,13500.0,14500.0
Beras Medium,2024-02-07,13500.0,14500.0
Beras Medium,2024-02-08,13500.0,14500.0
Beras Medium,2024-02-09,13500.0,14500.0
Beras Medium,2024-02-10,13500.0,14500.0
Beras Medium,2024-02-11,13500.0,14500.0
Beras Medium,2024-02-12,13800.0,14700.0
Beras Medium,2024-02-13,13800.0,14700.0
Beras Medium,2024-02-14,13800.0,14700.0
Beras Medium,2024-02-15,13800.0,14700.0
Beras Medium,2024-02-16,13800.0,14700.0
Beras Medium,2024-02-17,13800.0,14700.0
Beras Medium,2024-02-18,13800.0,14700.0
Beras Medium,2024-02-19,14500.0,15000.0
Beras Medium,2024-02-20,14500.0,15000.0
Beras Medium,2024-02-21,15000.0,16000.0
Beras Medium,2024-02-22,15000.0,16000.0
Beras Medium,2024-02-23,15000.0,16000.0
Beras Medium,2024-02-24,15000.0,16000.0
Beras Medium,2024-02-25,15000.0,16000.0
Beras Medium,2024-02-26,15000.0,16000.0
Beras Medium,2024-02-27,15000.0,16000.0
Beras Medium,2024-02-28,15000.0,16000.0
Beras Medium,2024-02-29,15000.0,16000.0
Beras Medium,2024-03-01,14000.0,16000.0
Beras Medium,2024-03-02,14000.0,16000.0
Beras Medium,2024-03-03,14000.0,16000.0
Beras Medium,2024-03-04,14000.0,16000.0
Beras Medium,2024-03-05,14000.0,16000.0
Beras Medium,2024-03-06,14000.0,16000.0
Beras Medium,2024-03-07,14000.0,16000.0
Beras Medium,2024-03-08,14000.0,16000.0
Beras Medium,2024-03-09,14000.0,16000.0
Beras Medium,2024-03-10,14000.0,16000.0
Beras Medium,2024-03-11,14000.0,16000.0
Beras Medium,2024-03-12,14000.0,15000.0
Beras Medium,2024-03-13,14000.0,15000.0
Beras Medium,2024-03-14,14000.0,15000.0
Beras Medium,2024-03-15,14000.0,15000.0
Beras Medium,2024-03-16,14000.0,15000.0
Beras Medium,2024-03-17,14000.0,15000.0
Beras Medium,2024-03-18,14000.0,15000.0
Beras Medium,2024-03-19,14000.0,15000.0
Beras Medium,2024-03-20,14000.0,15000.0
Beras Medium,2024-03-21,14000.0,15000.0
Beras Medium,2024-03-22,14000.0,15000.0
Beras Medium,2024-03-23,14000.0,15000.0
Beras Medium,2024-03-24,14000.0,15000.0
Beras Medium,2024-03-25,13000.0,14000.0
Beras Medium,2024-03-26,13000.0,14000.0
Beras Medium,2024-03-27,13000.0,14000.0
Beras Medium,2024-03-28,13000.0,14000.0
Beras Medium,2024-03-29,13000.0,14000.0
Beras Medium,2024-03-30,13000.0,14000.0
Beras Medium,2024-03-31,13000.0,14000.0
Beras Medium,2024-04-01,13000.0,14000.0
Beras Medium,2024-04-02,12000.0,14000.0
Beras Medium,2024-04-03,12000.0,14000.0
Beras Medium,2024-04-04,12000.0,14000.0
Beras Medium,2024-04-05,12000.0,14000.0
Beras Medium,2024-04-06,12000.0,14000.0
Beras Medium,2024-04-07,12000.0,14000.0
Beras Medium,2024-04-08,12000.0,14000.0
Beras Medium,2024-04-09,12000.0,14000.0
Beras Medium,2024-04-10,12000.0,14000.0
Beras Medium,2024-04-11,12000.0,14000.0
Beras Medium,2024-04-12,12000.0,14000.0
Beras Medium,2024-04-13,12000.0,14000.0
Beras Medium,2024-04-14,12000.0,14000.0
Beras Medium,2024-04-15,12000.0,14000.0
Beras Medium,2024-04-16,12000.0,14000.0
Beras Medium,2024-04-17,12000.0,14000.0
Beras Medium,2024-04-18,12000.0,14000.0
Beras Medium,2024-04-19,12000.0,14000.0
Beras Medium,2024-04-20,12000.0,14000.0
Beras Medium,2024-04-21,12000.0,14000.0
Beras Medium,2024-04-22,12000.0,14000.0
Beras Medium,2024-04-23,12000.0,14000.0
Beras Medium,2024-04-24,12000.0,14000.0
Beras Medium,2024-04-25,12000.0,14000.0
Beras Medium,2024-04-26,12000.0,14000.0
Beras Medium,2024-04-27,12000.0,14000.0
Beras Medium,2024-04-28,12000.0,14000.0
Beras Medium,2024-04-29,12000.0,14000.0
Beras Medium,2024-04-30,12000.0,14000.0
Beras Medium,2024-05-01,12000.0,14000.0
Beras Medium,2024-05-02,12000.0,14000.0
Beras Medium,2024-05-03,12000.0,14000.0
Beras Medium,2024-05-04,12000.0,14000.0
Beras Medium,2024-05-05,12000.0,14000.0
Beras Medium,2024-05-06,12000.0,14000.0
Beras Medium,2024-05-07,12000.0,14000.0
Beras Medium,2024-05-08,12000.0,14000.0
Beras Medium,2024-05-09,12000.0,14000.0
Beras Medium,2024-05-10,12000.0,14000.0
Beras Medium,2024-05-11,12000.0,14000.0
Beras Medium,2024-05-12,12000.0,14000.0
Beras Medium,2024-05-13,12000.0,14000.0
Beras Medium,2024-05-14,12000.0,14000.0
Beras Medium,2024-05-15,12000.0,14000.0
Beras Medium,2024-05-16,12000.0,14000.0
Beras Medium,2024-05-17,12000.0,14000.0
Beras Medium,2024-05-18,12000.0,14000.0
Beras Medium,2024-05-19,12000.0,14000.0
Beras Medium,2024-05-20,12000.0,14000.0
Beras Medium,2024-05-21,12000.0,14000.0
Beras Medium,2024-05-22,12000.0,14000.0
Beras Medium,2024-05-23,12000.0,14000.0
Beras Medium,2024-05-24,12000.0,14000.0
Beras Medium,2024-05-25,12000.0,14000.0
Beras Medium,2024-05-26,12000.0,14000.0
Beras Medium,2024-05-27,12000.0,14000.0
Beras Medium,2024-05-28,12000.0,14000.0
Beras Medium,2024-05-29,12000.0,14000.0
Beras Medium,2024-05-30,12000.0,14000.0
Beras Medium,2024-05-31,12000.0,14000.0
Beras Medium,2024-06-01,12000.0,14000.0
Beras Medium,2024-06-02,12000.0,14000.0
Beras Medium,2024-06-03,12000.0,14000.0
Beras Medium,2024-06-04,12000.0,14000.0
Beras Medium,2024-06-05,12000.0,14000.0
Beras Medium,2024-06-06,12000.0,14000.0
Beras Medium,2024-06-07,12000.0,14000.0
Beras Medium,2024-06-08,12000.0,14000.0
Beras Medium,2024-06-09,12000.0,14000.0
Beras Medium,2024-06-10,12000.0,14000.0
Beras Medium,2024-06-11,12000.0,14000.0
Beras Medium,2024-06-12,12000.0,14000.0
Beras Medium,2024-06-13,12000.0,14000.0
Beras Medium,2024-06-14,12000.0,14000.0
Beras Medium,2024-06-15,12000.0,14000.0
Beras Medium,2024-06-16,12000.0,14000.0
Beras Medium,2024-06-17,12000.0,14000.0
Beras Medium,2024-06-18,12000.0,14000.0
Beras Medium,2024-06-19,12000.0,14000.0
Beras Medium,2024-06-20,12000.0,14000.0
Beras Medium,2024-06-21,12000.0,14000.0
Beras Medium,2024-06-22,12000.0,14000.0
Beras Medium,2024-06-23,12000.0,14000.0
Beras Medium,2024-06-24,12000.0,14000.0
Beras Medium,2024-06-25,12000.0,14000.0
Beras Medium,2024-06-26,12000.0,14000.0
Beras Medium,2024-06-27,12000.0,14000.0
Beras Medium,2024-06-28,12000.0,14000.0
Beras Medium,2024-06-29,12000.0,14000.0
Beras Medium,2024-06-30,12000.0,14000.0
Beras Medium,2024-07-01,12000.0,14000.0
Beras Medium,2024-07-02,12000.0,14000.0
Beras Medium,2024-07-03,12000.0,13200.0
Beras Medium,2024-07-04,12000.0,13200.0
Beras Medium,2024-07-05,12000.0,13200.0
Beras Medium,2024-07-06,12000.0,13200.0
Beras Medium,2024-07-07,12000.0,13200.0
Beras Medium,2024-07-08,12000.0,13200.0
Beras Medium,2024-07-09,12000.0,13200.0
Beras Medium,2024-07-10,12000.0,13200.0
Beras Medium,2024-07-11,12000.0,13200.0
Beras Medium,2024-07-12,12000.0,13200.0
Beras Medium,2024-07-13,12000.0,13200.0
Beras Medium,2024-07-14,12000.0,13200.0
Beras Medium,2024-07-15,12000.0,13200.0
Beras Medium,2024-07-16,12000.0,13200.0
Beras Medium,2024-07-17,12000.0,13200.0
Beras Medium,2024-07-18,12000.0,13200.0
Beras Medium,2024-07-19,12000.0,13200.0
Beras Medium,2024-07-20,12000.0,13200.0
Beras Medium,2024-07-21,12000.0,13200.0
Beras Medium,2024-07-22,13000.0,13300.0
Beras Medium,2024-07-23,13000.0,13300.0
Beras Medium,2024-07-24,13000.0,13300.0
Beras Medium,2024-07-25,13000.0,13300.0
Beras Medium,2024-07-26,13000.0,13300.0
Beras Medium,2024-07-27,13000.0,13300.0
Beras Medium,2024-07-28,13000.0,13300.0
Beras Medium,2024-07-29,13000.0,13300.0
Beras Medium,2024-07-30,13000.0,13300.0
Beras Medium,2024-07-31,13000.0,13300.0
Beras Medium,2024-08-01,13000.0,13300.0
Beras Medium,2024-08-02,13000.0,13300.0
Beras Medium,2024-08-03,13000.0,13300.0
Beras Medium,2024-08-04,13000.0,13300.0
Beras Medium,2024-08-05,12000.0,13200.0
Beras Medium,2024-08-06,12000.0,13200.0
Beras Medium,2024-08-07,12000.0,13200.0
Beras Medium,2024-08-08,12000.0,13200.0
Beras Medium,2024-08-09,12000.0,13200.0
Beras Medium,2024-08-10,12000.0,13200.0
Beras Medium,2024-08-11,12000.0,13200.0
Beras Medium,2024-08-12,12300.0,13300.0
Beras Medium,2024-08-13,12300.0,13300.0
Beras Medium,2024-08-14,12300.0,13300.0
Beras Medium,2024-08-15,12300.0,13300.0
Beras Medium,2024-08-16,12300.0,13300.0
Beras Medium,2024-08-17,12300.0,13300.0
Beras Medium,2024-08-18,12300.0,13300.0
Beras Medium,2024-08-19,12300.0,13300.0
Beras Medium,2024-08-20,12300.0,13300.0
Beras Medium,2024-08-21,12300.0,13300.0
Beras Medium,2024-08-22,12300.0,13300.0
Beras Medium,2024-08-23,12300.0,13300.0
Beras Medium,2024-08-24,12300.0,13300.0
Beras Medium,2024-08-25,12300.0,13300.0
Beras Medium,2024-08-26,13000.0,13500.0
Beras Medium,2024-08-27,13000.0,13500.0
Beras Medium,2024-08-28,13000.0,13500.0
Beras Medium,2024-08-29,13000.0,13500.0
Beras Medium,2024-08-30,13000.0,13500.0
Beras Medium,2024-08-31,13000.0,13500.0
Beras Medium,2024-09-01,13000.0,13500.0
Beras Medium,2024-09-02,13000.0,13500.0
Beras Medium,2024-09-03,13000.0,13500.0
Beras Medium,2024-09-04,13000.0,13500.0
Beras Medium,2024-09-05,13000.0,13500.0
Beras Medium,2024-09-06,13000.0,13500.0
Beras Medium,2024-09-07,13000.0,13500.0
Beras Medium,2024-09-08,13000.0,13500.0
Beras Medium,2024-09-09,13000.0,13500.0
Beras Medium,2024-09-10,13000.0,13500.0
Beras Medium,2024-09-11,13000.0,13500.0
Beras Medium,2024-09-12,13000.0,13500.0
Beras Medium,2024-09-13,13000.0,13500.0
Beras Medium,2024-09-14,13000.0,13500.0
Beras Medium,2024-09-15,13000.0,13500.0
Beras Medium,2024-09-16,13000.0,13500.0
Beras Medium,2024-09-17,13000.0,13500.0
Beras Medium,2024-09-18,13000.0,13500.0
Beras Medium,2024-09-19,13000.0,13500.0
Beras Medium,2024-09-20,13000.0,13500.0
Beras Medium,2024-09-21,13000.0,13500.0
Beras Medium,2024-09-22,13000.0,13500.0
Beras Medium,2024-09-23,13000.0,13500.0
Beras Medium,2024-09-24,13000.0,13500.0
Beras Medium,2024-09-25,13000.0,13500.0
Beras Medium,2024-09-26,13000.0,13500.0
Beras Medium,2024-09-27,13000.0,13500.0
Beras Medium,2024-09-28,13000.0,13500.0
Beras Medium,2024-09-29,13000.0,13500.0
Beras Medium,2024-09-30,13000.0,13500.0
Beras Medium,2024-10-01,13000.0,13500.0
Beras Medium,2024-10-02,12700.0,13800.0
Beras Medium,2024-10-03,12700.0,13800.0
Beras Medium,2024-10-04,12700.0,13800.0
Beras Medium,2024-10-05,12700.0,13800.0
Beras Medium,2024-10-06,12700.0,13800.0
Beras Medium,2024-10-07,12700.0,13800.0
Beras Medium,2024-10-08,12700.0,13800.0
Beras Medium,2024-10-09,12700.0,13800.0
Beras Medium,2024-10-10,12700.0,13800.0
Beras Medium,2024-10-11,12700.0,13800.0
Beras Medium,2024-10-12,12700.0,13800.0
Beras Medium,2024-10-13,12700.0,13800.0
Beras Medium,2024-10-14,12500.0,13500.0
Beras Medium,2024-10-15,12500.0,13500.0
Beras Medium,2024-10-16,12500.0,13500.0
Beras Medium,2024-10-17,12500.0,13500.0
Beras Medium,2024-10-18,12500.0,13500.0
Beras Medium,2024-10-19,12500.0,13500.0
Beras Medium,2024-10-20,12500.0,13500.0
Beras Medium,2024-10-21,12500.0,13500.0
Beras Medium,2024-10-22,12500.0,13500.0
Beras Medium,2024-10-23,12500.0,13500.0
Beras Medium,2024-10-24,12500.0,13500.0
Beras Medium,2024-10-25,12500.0,13500.0
Beras Medium,2024-10-26,12500.0,13500.0
Beras Medium,2024-10-27,12500.0,13500.0
Beras Medium,2024-10-28,12500.0,13500.0
Beras Medium,2024-10-29,12500.0,13500.0
Beras Medium,2024-10-30,12500.0,13500.0
Beras Medium,2024-10-31,12500.0,13500.0
Beras Medium,2024-11-01,12500.0,13500.0
Beras Medium,2024-11-02,12500.0,13500.0
Beras Medium,2024-11-03,12500.0,13500.0
Beras Medium,2024-11-04,12500.0,13500.0
Beras Medium,2024-11-05,12500.0,13500.0
Beras Medium,2024-11-06,12500.0,13500.0
Beras Medium,2024-11-07,12500.0,13500.0
Beras Medium,2024-11-08,12500.0,13500.0
Beras Medium,2024-11-09,12500.0,13500.0
Beras Medium,2024-11-10,12500.0,13500.0
Beras Medium,2024-11-11,12500.0,13500.0
Beras Medium,2024-11-12,12500.0,13500.0
Beras Medium,2024-11-13,12500.0,13500.0
Beras Medium,2024-11-14,12500.0,13500.0
Beras Medium,2024-11-15,12500.0,13500.0
Beras Medium,2024-11-16,12500.0,13500.0
Beras Medium,2024-11-17,12500.0,13500.0
Beras Medium,2024-11-18,12500.0,13500.0
Beras Medium,2024-11-19,12500.0,13500.0
Beras Medium,2024-11-20,12500.0,13500.0
Beras Medium,2024-11-21,12500.0,13500.0
Beras Medium,2024-11-22,12500.0,13500.0
Beras Medium,2024-11-23,12500.0,13500.0
Beras Medium,2024-11-24,12500.0,13500.0
Beras Medium,2024-11-25,12500.0,13500.0
Beras Medium,2024-11-26,12500.0,13500.0
Beras Medium,2024-11-27,12500.0,13500.0
Beras Medium,2024-11-28,12500.0,13500.0
Beras Medium,2024-11-29,12500.0,13500.0
Beras Medium,2024-11-30,12500.0,13500.0
Beras Premium,2022-01-01,9500.0,10000.0
Beras Premium,2022-01-02,9500.0,10000.0
Beras Premium,2022-01-03,9500.0,10000.0
Beras Premium,2022-01-04,9500.0,10000.0
Beras Premium,2022-01-05,9500.0,10000.0
Beras Premium,2022-01-06,9500.0,10000.0
Beras Premium,2022-01-07,9500.0,10000.0
Beras Premium,2022-01-08,9500.0,10000.0
Beras Premium,2022-01-09,9500.0,10000.0
Beras Premium,2022-01-10,9500.0,10000.0
Beras Premium,2022-01-11,9500.0,10000.0
Beras Premium,2022-01-12,9500.0,10000.0
Beras Premium,2022-01-13,9500.0,10000.0
Beras Premium,2022-01-14,9500.0,10000.0
Beras Premium,2022-01-15,9500.0,10000.0
Beras Premium,2022-01-16,9500.0,10000.0
Beras Premium,2022-01-17,9500.0,10000.0
Beras Premium,2022-01-18,9500.0,10000.0
Beras Premium,2022-01-19,9500.0,10000.0
Beras Premium,2022-01-20,9500.0,10000.0
Beras Premium,2022-01-21,9500.0,10000.0
Beras Premium,2022-01-22,9500.0,10000.0
Beras Premium,2022-01-23,9500.0,10000.0
Beras Premium,2022-01-24,9500.0,10000.0
Beras Premium,2022-01-25,9500.0,10000.0
Beras Premium,2022-01-26,9500.0,10000.0
Beras Premium,2022-01-27,9500.0,10000.0
Beras Premium,2022-01-28,9500.0,10000.0
Beras Premium,2022-01-29,9500.0,10000.0
Beras Premium,2022-01-30,9500.0,10000.0
Beras Premium,2022-01-31,9500.0,10000.0
Beras Premium,2022-02-01,9500.0,10000.0
Beras Premium,2022-02-02,9500.0,10000.0
Beras Premium,2022-02-03,9500.0,10000.0
Beras Premium,2022-02-04,9500.0,10000.0
Beras Premium,2022-02-05,9500.0,10000.0
Beras Premium,2022-02-06,9500.0,10000.0
Beras Premium,2022-02-07,9500.0,10000.0
Beras Premium,2022-02-08,9500.0,10000.0
Beras Premium,2022-02-09,9500.0,10000.0
Beras Premium,2022-02-10,9500.0,10000.0
Beras Premium,2022-02-11,9500.0,10000.0
Beras Premium,2022-02-12,9500.0,10000.0
Beras Premium,2022-02-13,9500.0,10000.0
Beras Premium,2022-02-14,9500.0,10000.0
Beras Premium,2022-02-15,9500.0,10000.0
Beras Premium,2022-02-16,9500.0,10000.0
Beras Premium,2022-02-17,9500.0,10000.0
Beras Premium,2022-02-18,9500.0,10000.0
Beras Premium,2022-02-19,9500.0,10000.0
Beras Premium,2022-02-20,9500.0,10000.0
Beras Premium,2022-02-21,9500.0,10000.0
Beras Premium,2022-02-22,9500.0,10000.0
Beras Premium,2022-02-23,9500.0,10000.0
Beras Premium,2022-02-24,9500.0,10000.0
Beras Premium,2022-02-25,9500.0,10000.0
Beras Premium,2022-02-26,9500.0,10000.0
Beras Premium,2022-02-27,9500.0,10000.0
Beras Premium,2022-02-28,9500.0,10000.0
Beras Premium,2022-03-01,9500.0,10000.0
Beras Premium,2022-03-02,9500.0,10000.0
Beras Premium,2022-03-03,9500.0,10000.0
Beras Premium,2022-03-04,9500.0,10000.0
Beras Premium,2022-03-05,9500.0,10000.0
Beras Premium,2022-03-06,9500.0,10000.0
Beras Premium,2022-03-07,9500.0,10000.0
Beras Premium,2022-03-08,9500.0,10000.0
Beras Premium,2022-03-09,9500.0,10000.0
Beras Premium,2022-03-10,9500.0,10000.0
Beras Premium,2022-03-11,9500.0,10000.0
Beras Premium,2022-03-12,9500.0,10000.0
Beras Premium,2022-03-13,9500.0,10000.0
Beras Premium,2022-03-14,9500.0,10000.0
Beras Premium,2022-03-15,9500.0,10000.0
Beras Premium,2022-03-16,9500.0,10000.0
Beras Premium,2022-03-17,9500.0,10000.0
Beras Premium,2022-03-18,9500.0,10000.0
Beras Premium,2022-03-19,9500.0,10000.0
Beras Premium,2022-03-20,9500.0,10000.0
Beras Premium,2022-03-21,9500.0,10000.0
Beras Premium,2022-03-22,9500.0,10000.0
Beras Premium,2022-03-23,9500.0,10000.0
Beras Premium,2022-03-24,9500.0,10000.0
Beras Premium,2022-03-25,9500.0,10000.0
Beras Premium,2022-03-26,9500.0,10000.0
Beras Premium,2022-03-27,9500.0,10000.0
Beras Premium,2022-03-28,9500.0,10000.0
Beras Premium,2022-03-29,9500.0,10000.0
Beras Premium,2022-03-30,9500.0,10000.0
Beras Premium,2022-03-31,9500.0,10000.0
Beras Premium,2022-04-01,9500.0,10000.0
Beras Premium,2022-04-02,9500.0,10000.0
Beras Premium,2022-04-03,9500.0,10000.0
Beras Premium,2022-04-04,9500.0,10000.0
Beras Premium,2022-04-05,9500.0,10000.0
Beras Premium,2022-04-06,9500.0,10000.0
Beras Premium,2022-04-07,9500.0,10000.0
Beras Premium,2022-04-08,9500.0,10000.0
Beras Premium,2022-04-09,9500.0,10000.0
Beras Premium,2022-04-10,9500.0,10000.0
Beras Premium,2022-04-11,9500.0,10000.0
Beras Premium,2022-04-12,9500.0,10000.0
Beras Premium,2022-04-13,9500.0,10000.0
Beras Premium,2022-04-14,9500.0,10000.0
Beras Premium,2022-04-15,9500.0,10000.0
Beras Premium,2022-04-16,9500.0,10000.0
Beras Premium,2022-04-17,9500.0,10000.0
Beras Premium,2022-04-18,9500.0,10000.0
Beras Premium,2022-04-19,9500.0,10000.0
Beras Premium,2022-04-20,9500.0,10000.0
Beras Premium,2022-04-21,9500.0,10000.0
Beras Premium,2022-04-22,9500.0,10000.0
Beras Premium,2022-04-23,9500.0,10000.0
Beras Premium,2022-04-24,9500.0,10000.0
Beras Premium,2022-04-25,9500.0,10000.0
Beras Premium,2022-04-26,9500.0,10000.0
Beras Premium,2022-04-27,9500.0,10000.0
Beras Premium,2022-04-28,9500.0,10000.0
Beras Premium,2022-04-29,9500.0,10000.0
Beras Premium,2022-04-30,9500.0,10000.0
Beras Premium,2022-05-01,9500.0,10000.0
Beras Premium,2022-05-02,9500.0,10000.0
Beras Premium,2022-05-03,9500.0,10000.0
Beras Premium,2022-05-04,9500.0,9800.0
Beras Premium,2022-05-05,9500.0,10000.0
Beras Premium,2022-05-06,9500.0,10000.0
Beras Premium,2022-05-07,9500.0,10000.0
Beras Premium,2022-05-08,9500.0,10000.0
Beras Premium,2022-05-09,9500.0,10000.0
Beras Premium,2022-05-10,9500.0,10000.0
Beras Premium,2022-05-11,9500.0,10000.0
Beras Premium,2022-05-12,9500.0,10000.0
Beras Premium,2022-05-13,9500.0,10000.0
Beras Premium,2022-05-14,9500.0,10000.0
Beras Premium,2022-05-15,9500.0,10000.0
Beras Premium,2022-05-16,9500.0,10000.0
Beras Premium,2022-05-17,9500.0,10000.0
Beras Premium,2022-05-18,9500.0,10000.0
Beras Premium,2022-05-19,9500.0,10000.0
Beras Premium,2022-05-20,9500.0,10000.0
Beras Premium,2022-05-21,9500.0,10000.0
Beras Premium,2022-05-22,9500.0,10000.0
Beras Premium,2022-05-23,9500.0,10000.0
Beras Premium,2022-05-24,9500.0,10000.0
Beras Premium,2022-05-25,9500.0,10000.0
Beras Premium,2022-05-26,9500.0,10000.0
Beras Premium,2022-05-27,9500.0,10000.0
Beras Premium,2022-05-28,9500.0,10000.0
Beras Premium,2022-05-29,9500.0,10000.0
Beras Premium,2022-05-30,9500.0,10000.0
Beras Premium,2022-05-31,9500.0,10000.0
Beras Premium,2022-06-01,9500.0,10000.0
Beras Premium,2022-06-02,9500.0,9800.0
Beras Premium,2022-06-03,9500.0,9800.0
Beras Premium,2022-06-04,9500.0,9800.0
Beras Premium,2022-06-05,9500.0,9800.0
Beras Premium,2022-06-06,9500.0,10000.0
Beras Premium,2022-06-07,9500.0,10000.0
Beras Premium,2022-06-08,9500.0,10000.0
Beras Premium,2022-06-09,9500.0,10000.0
Beras Premium,2022-06-10,9500.0,10000.0
Beras Premium,2022-06-11,9500.0,10000.0
Beras Premium,2022-06-12,9500.0,10000.0
Beras Premium,2022-06-13,9500.0,10000.0
Beras Premium,2022-06-14,9500.0,10000.0
Beras Premium,2022-06-15,9500.0,10000.0
Beras Premium,2022-06-16,9500.0,10000.0
Beras Premium,2022-06-17,9500.0,10000.0
Beras Premium,2022-06-18,9500.0,10000.0
Beras Premium,2022-06-19,9500.0,10000.0
Beras Premium,2022-06-20,9500.0,10000.0
Beras Premium,2022-06-21,9500.0,10000.0
Beras Premium,2022-06-22,9500.0,10000.0
Beras Premium,2022-06-23,9500.0,10000.0
Beras Premium,2022-06-24,9500.0,10000.0
Beras Premium,2022-06-25,9500.0,10000.0
Beras Premium,2022-06-26,9500.0,10000.0
Beras Premium,2022-06-27,9500.0,10000.0
Beras Premium,2022-06-28,9500.0,10000.0
Beras Premium,2022-06-29,9500.0,10000.0
Beras Premium,2022-06-30,9500.0,10000.0
Beras Premium,2022-07-01,9500.0,10000.0
Beras Premium,2022-07-02,9500.0,10000.0
Beras Premium,2022-07-03,9500.0,10000.0
Beras Premium,2022-07-04,9500.0,10000.0
Beras Premium,2022-07-05,9500.0,10000.0
Beras Premium,2022-07-06,9500.0,10000.0
Beras Premium,2022-07-07,9500.0,10000.0
Beras Premium,2022-07-08,9500.0,10000.0
Beras Premium,2022-07-09,9500.0,10000.0
Beras Premium,2022-07-10,9500.0,10000.0
Beras Premium,2022-07-11,9500.0,10000.0
Beras Premium,2022-07-12,9500.0,10000.0
Beras Premium,2022-07-13,9500.0,10000.0
Beras Premium,2022-07-14,9500.0,10000.0
Beras Premium,2022-07-15,9500.0,10000.0
Beras Premium,2022-07-16,9500.0,10000.0
Beras Premium,2022-07-17,9500.0,10000.0
Beras Premium,2022-07-18,9500.0,10000.0
Beras Premium,2022-07-19,9500.0,10000.0
Beras Premium,2022-07-20,9500.0,10000.0
Beras Premium,2022-07-21,9500.0,10000.0
Beras Premium,2022-07-22,9500.0,10000.0
Beras Premium,2022-07-23,9500.0,10000.0
Beras Premium,2022-07-24,9500.0,10000.0
Beras Premium,2022-07-25,9500.0,10000.0
Beras Premium,2022-07-26,9500.0,10000.0
Beras Premium,2022-07-27,9500.0,10000.0
Beras Premium,2022-07-28,9500.0,10000.0
Beras Premium,2022-07-29,9500.0,10000.0
Beras Premium,2022-07-30,9500.0,10000.0
Beras Premium,2022-07-31,9500.0,10000.0
Beras Premium,2022-08-01,9500.0,10000.0
Beras Premium,2022-08-02,9500.0,10000.0
Beras Premium,2022-08-03,9500.0,10000.0
Beras Premium,2022-08-04,9500.0,10000.0
Beras Premium,2022-08-05,9500.0,10000.0
Beras Premium,2022-08-06,9500.0,10000.0
Beras Premium,2022-08-07,9500.0,10000.0
Beras Premium,2022-08-08,9500.0,10000.0
Beras Premium,2022-08-09,9500.0,10000.0
Beras Premium,2022-08-10,9500.0,10000.0
Beras Premium,2022-08-11,9500.0,10000.0
Beras Premium,2022-08-12,9500.0,10000.0
Beras Premium,2022-08-13,9500.0,10000.0
Beras Premium,2022-08-14,9500.0,10000.0
Beras Premium,2022-08-15,9500.0,10000.0
Beras Premium,2022-08-16,9500.0,10000.0
Beras Premium,2022-08-17,9500.0,10000.0
Beras Premium,2022-08-18,9500.0,10000.0
Beras Premium,2022-08-19,9500.0,10000.0
Beras Premium,2022-08-20,9500.0,10000.0
Beras Premium,2022-08-21,9500.0,10000.0
Beras Premium,2022-08-22,9500.0,10000.0
Beras Premium,2022-08-23,9500.0,10000.0
Beras Premium,2022-08-24,9500.0,10000.0
Beras Premium,2022-08-25,9500.0,10000.0
Beras Premium,2022-08-26,9500.0,10000.0
Beras Premium,2022-08-27,9500.0,10000.0
Beras Premium,2022-08-28,9500.0,10000.0
Beras Premium,2022-08-29,9500.0,10000.0
Beras Premium,2022-08-30,9500.0,10000.0
Beras Premium,2022-08-31,9500.0,10000.0
Beras Premium,2022-09-01,9500.0,10000.0
Beras Premium,2022-09-02,9500.0,10000.0
Beras Premium,2022-09-03,9500.0,10000.0
Beras Premium,2022-09-04,9500.0,10000.0
Beras Premium,2022-09-05,9500.0,10000.0
Beras Premium,2022-09-06,9500.0,10000.0
Beras Premium,2022-09-07,9500.0,10000.0
Beras Premium,2022-09-08,9500.0,10000.0
Beras Premium,2022-09-09,9500.0,10000.0
Beras Premium,2022-09-10,9500.0,10000.0
Beras Premium,2022-09-11,9500.0,10000.0
Beras Premium,2022-09-12,9500.0,10000.0
Beras Premium,2022-09-13,9500.0,10000.0
Beras Premium,2022-09-14,9500.0,10000.0
Beras Premium,2022-09-15,9500.0,10000.0
Beras Premium,2022-09-16,9500.0,10000.0
Beras Premium,2022-09-17,9500.0,10000.0
Beras Premium,2022-09-18,9500.0,10000.0
Beras Premium,2022-09-19,9500.0,10000.0
Beras Premium,2022-09-20,9500.0,10000.0
Beras Premium,2022-09-21,9500.0,10000.0
Beras Premium,2022-09-22,9500.0,10000.0
Beras Premium,2022-09-23,9500.0,10000.0
Beras Premium,2022-09-24,9500.0,10000.0
Beras Premium,2022-09-25,9500.0,10000.0
Beras Premium,2022-09-26,9500.0,10000.0
Beras Premium,2022-09-27,9500.0,10000.0
Beras Premium,2022-09-28,9500.0,10000.0
Beras Premium,2022-09-29,9500.0,10000.0
Beras Premium,2022-09-30,9500.0,10000.0
Beras Premium,2022-10-01,9500.0,10000.0
Beras Premium,2022-10-02,9500.0,10000.0
Beras Premium,2022-10-03,9500.0,10000.0
Beras Premium,2022-10-04,9600.0,10000.0
Beras Premium,2022-10-05,9600.0,10000.0
Beras Premium,2022-10-06,9600.0,10000.0
Beras Premium,2022-10-07,9600.0,10000.0
Beras Premium,2022-10-08,9600.0,10000.0
Beras Premium,2022-10-09,9600.0,10000.0
Beras Premium,2022-10-10,9600.0,10000.0
Beras Premium,2022-10-11,9600.0,10000.0
Beras Premium,2022-10-12,9600.0,10000.0
Beras Premium,2022-10-13,9600.0,10000.0
Beras Premium,2022-10-14,9600.0,10000.0
Beras Premium,2022-10-15,9600.0,10000.0
Beras Premium,2022-10-16,9600.0,10000.0
Beras Premium,2022-10-17,9600.0,10000.0
Beras Premium,2022-10-18,9600.0,10000.0
Beras Premium,2022-10-19,9600.0,10000.0
Beras Premium,2022-10-20,9600.0,10000.0
Beras Premium,2022-10-21,9600.0,10000.0
Beras Premium,2022-10-22,9600.0,10000.0
Beras Premium,2022-10-23,9600.0,10000.0
Beras Premium,2022-10-24,9600.0,10000.0
Beras Premium,2022-10-25,9600.0,10000.0
Beras Premium,2022-10-26,9600.0,10000.0
Beras Premium,2022-10-27,9600.0,10000.0
Beras Premium,2022-10-28,9600.0,10000.0
Beras Premium,2022-10-29,9600.0,10000.0
Beras Premium,2022-10-30,9600.0,10000.0
Beras Premium,2022-10-31,9600.0,10000.0
Beras Premium,2022-11-01,9600.0,10000.0
Beras Premium,2022-11-02,9600.0,10000.0
Beras Premium,2022-11-03,9600.0,10000.0
Beras Premium,2022-11-04,9600.0,10000.0
Beras Premium,2022-11-05,9600.0,10000.0
Beras Premium,2022-11-06,9600.0,10000.0
Beras Premium,2022-11-07,9600.0,10000.0
Beras Premium,2022-11-08,9600.0,10000.0
Beras Premium,2022-11-09,9600.0,10000.0
Beras Premium,2022-11-10,9600.0,10000.0
Beras Premium,2022-11-11,9600.0,10000.0
Beras Premium,2022-11-12,9600.0,10000.0
Beras Premium,2022-11-13,9600.0,10000.0
Beras Premium,2022-11-14,9600.0,10000.0
Beras Premium,2022-11-15,9600.0,10000.0
Beras Premium,2022-11-16,9600.0,10000.0
Beras Premium,2022-11-17,9600.0,10000.0
Beras Premium,2022-11-18,9600.0,10000.0
Beras Premium,2022-11-19,9600.0,10000.0
Beras Premium,2022-11-20,9600.0,10000.0
Beras Premium,2022-11-21,9600.0,10000.0
Beras Premium,2022-11-22,9600.0,10000.0
Beras Premium,2022-11-23,9600.0,10000.0
Beras Premium,2022-11-24,9600.0,10000.0
Beras Premium,2022-11-25,9600.0,10000.0
Beras Premium,2022-11-26,9600.0,10000.0
Beras Premium,2022-11-27,9600.0,10000.0
Beras Premium,2022-11-28,9600.0,10000.0
Beras Premium,2022-11-29,9600.0,10000.0
Beras Premium,2022-11-30,9600.0,10000.0
Beras Premium,2022-12-01,9600.0,10000.0
Beras Premium,2022-12-02,9600.0,10000.0
Beras Premium,2022-12-03,9600.0,10000.0
Beras Premium,2022-12-04,9600.0,10000.0
Beras Premium,2022-12-05,9600.0,10000.0
Beras Premium,2022-12-06,9600.0,10000.0
Beras Premium,2022-12-07,9600.0,10000.0
Beras Premium,2022-12-08,9600.0,10000.0
Beras Premium,2022-12-09,9600.0,10000.0
Beras Premium,2022-12-10,9600.0,10000.0
Beras Premium,2022-12-11,9600.0,10000.0
Beras Premium,2022-12-12,9600.0,10000.0
Beras Premium,2022-12-13,9600.0,10000.0
Beras Premium,2022-12-14,9600.0,10000.0
Beras Premium,2022-12-15,9600.0,10000.0
Beras Premium,2022-12-16,9600.0,10000.0
Beras Premium,2022-12-17,9600.0,10000.0
Beras Premium,2022-12-18,9600.0,10000.0
Beras Premium,2022-12-19,9600.0,10000.0
Beras Premium,2022-12-20,9600.0,10000.0
Beras Premium,2022-12-21,9600.0,10000.0
Beras Premium,2022-12-22,9600.0,10000.0
Beras Premium,2022-12-23,9600.0,10000.0
Beras Premium,2022-12-24,9600.0,10000.0
Beras Premium,2022-12-25,9600.0,10000.0
Beras Premium,2022-12-26,9600.0,10000.0
Beras Premium,2022-12-27,9600.0,10000.0
Beras Premium,2022-12-28,9600.0,10000.0
Beras Premium,2022-12-29,9600.0,10000.0
Beras Premium,2022-12-30,9600.0,10000.0
Beras Premium,2022-12-31,9600.0,10000.0
Beras Premium,2023-01-01,9600.0,10000.0
Beras Premium,2023-01-02,9600.0,10000.0
Beras Premium,2023-01-03,9600.0,10000.0
Beras Premium,2023-01-04,9600.0,10000.0
Beras Premium,2023-01-05,9600.0,10000.0
Beras Premium,2023-01-06,9600.0,10000.0
Beras Premium,2023-01-07,9600.0,10000.0
Beras Premium,2023-01-08,9600.0,10000.0
Beras Premium,2023-01-09,10000.0,11100.0
Beras Premium,2023-01-10,10000.0,11100.0
Beras Premium,2023-01-11,10000.0,11100.0
Beras Premium,2023-01-12,10000.0,11100.0
Beras Premium,2023-01-13,10000.0,11100.0
Beras Premium,2023-01-14,10000.0,11100.0
Beras Premium,2023-01-15,10000.0,11100.0
Beras Premium,2023-01-16,10000.0,11100.0
Beras Premium,2023-01-17,10000.0,11100.0
Beras Premium,2023-01-18,10000.0,11100.0
Beras Premium,2023-01-19,10000.0,11100.0
Beras Premium,2023-01-20,10000.0,11100.0
Beras Premium,2023-01-21,10000.0,11100.0
Beras Premium,2023-01-22,10000.0,11100.0
Beras Premium,2023-01-23,10000.0,11100.0
Beras Premium,2023-01-24,10000.0,11100.0
Beras Premium,2023-01-25,10000.0,11100.0
Beras Premium,2023-01-26,10000.0,11100.0
Beras Premium,2023-01-27,10000.0,11100.0
Beras Premium,2023-01-28,10000.0,11100.0
Beras Premium,2023-01-29,10000.0,11100.0
Beras Premium,2023-01-30,10000.0,11100.0
Beras Premium,2023-01-31,10000.0,11100.0
Beras Premium,2023-02-01,10000.0,11100.0
Beras Premium,2023-02-02,10000.0,11100.0
Beras Premium,2023-02-03,10000.0,11100.0
Beras Premium,2023-02-04,10000.0,11100.0
Beras Premium,2023-02-05,10000.0,11100.0
Beras Premium,2023-02-06,10000.0,11500.0
Beras Premium,2023-02-07,10000.0,11500.0
Beras Premium,2023-02-08,10000.0,11500.0
Beras Premium,2023-02-09,10000.0,11500.0
Beras Premium,2023-02-10,10000.0,11500.0
Beras Premium,2023-02-11,10000.0,11500.0
Beras Premium,2023-02-12,10000.0,11500.0
Beras Premium,2023-02-13,10000.0,11500.0
Beras Premium,2023-02-14,10000.0,11500.0
Beras Premium,2023-02-15,10000.0,11500.0
Beras Premium,2023-02-16,10000.0,11500.0
Beras Premium,2023-02-17,10000.0,11500.0
Beras Premium,2023-02-18,10000.0,11500.0
Beras Premium,2023-02-19,10000.0,11500.0
Beras Premium,2023-02-20,10500.0,11900.0
Beras Premium,2023-02-21,10500.0,11900.0
Beras Premium,2023-02-22,10500.0,11900.0
Beras Premium,2023-02-23,10500.0,11900.0
Beras Premium,2023-02-24,10500.0,11900.0
Beras Premium,2023-02-25,10500.0,11900.0
Beras Premium,2023-02-26,10500.0,11900.0
Beras Premium,2023-02-27,10500.0,11900.0
Beras Premium,2023-02-28,10500.0,11900.0
Beras Premium,2023-03-01,10000.0,11100.0
Beras Premium,2023-03-02,10000.0,11100.0
Beras Premium,2023-03-03,10000.0,11100.0
Beras Premium,2023-03-04,10000.0,11100.0
Beras Premium,2023-03-05,10000.0,11100.0
Beras Premium,2023-03-06,10000.0,11100.0
Beras Premium,2023-03-07,10000.0,11100.0
Beras Premium,2023-03-08,10000.0,11100.0
Beras Premium,2023-03-09,10000.0,11100.0
Beras Premium,2023-03-10,10000.0,11100.0
Beras Premium,2023-03-11,10000.0,11100.0
Beras Premium,2023-03-12,10000.0,11100.0
Beras Premium,2023-03-13,10000.0,11100.0
Beras Premium,2023-03-14,10000.0,11100.0
Beras Premium,2023-03-15,10000.0,11100.0
Beras Premium,2023-03-16,10000.0,11100.0
Beras Premium,2023-03-17,10000.0,11100.0
Beras Premium,2023-03-18,10000.0,11100.0
Beras Premium,2023-03-19,10000.0,11100.0
Beras Premium,2023-03-20,10000.0,11100.0
Beras Premium,2023-03-21,10000.0,11100.0
Beras Premium,2023-03-22,10000.0,11100.0
Beras Premium,2023-03-23,10000.0,11100.0
Beras Premium,2023-03-24,10000.0,11100.0
Beras Premium,2023-03-25,10000.0,11100.0
Beras Premium,2023-03-26,10000.0,11100.0
Beras Premium,2023-03-27,10000.0,11100.0
Beras Premium,2023-03-28,10000.0,11100.0
Beras Premium,2023-03-29,10000.0,11100.0
Beras Premium,2023-03-30,10000.0,11100.0
Beras Premium,2023-03-31,10000.0,11100.0
Beras Premium,2023-04-01,10000.0,11100.0
Beras Premium,2023-04-02,10000.0,11100.0
Beras Premium,2023-04-03,10000.0,11100.0
Beras Premium,2023-04-04,10000.0,11100.0
Beras Premium,2023-04-05,10000.0,11100.0
Beras Premium,2023-04-06,10000.0,11100.0
Beras Premium,2023-04-07,10000.0,11100.0
Beras Premium,2023-04-08,10000.0,11100.0
Beras Premium,2023-04-09,10000.0,11100.0
Beras Premium,2023-04-10,10000.0,11100.0
Beras Premium,2023-04-11,10000.0,11100.0
Beras Premium,2023-04-12,10000.0,11100.0
Beras Premium,2023-04-13,10000.0,11100.0
Beras Premium,2023-04-14,10000.0,11100.0
Beras Premium,2023-04-15,10000.0,11100.0
Beras Premium,2023-04-16,10000.0,11100.0
Beras Premium,2023-04-17,10000.0,11100.0
Beras Premium,2023-04-18,10000.0,11100.0
Beras Premium,2023-04-19,10000.0,11100.0
Beras Premium,2023-04-20,10000.0,11100.0
Beras Premium,2023-04-21,10000.0,11100.0
Beras Premium,2023-04-22,10000.0,11100.0
Beras Premium,2023-04-23,10000.0,11100.0
Beras Premium,2023-04-24,10000.0,11100.0
Beras Premium,2023-04-25,10000.0,11100.0
Beras Premium,2023-04-26,10000.0,11100.0
Beras Premium,2023-04-27,10000.0,11100.0
Beras Premium,2023-04-28,10000.0,11100.0
Beras Premium,2023-04-29,10000.0,11100.0
Beras Premium,2023-04-30,10000.0,11100.0
Beras Premium,2023-05-01,10000.0,11100.0
Beras Premium,2023-05-02,10000.0,11100.0
Beras Premium,2023-05-03,10000.0,11100.0
Beras Premium,2023-05-04,10000.0,11100.0
Beras Premium,2023-05-05,10000.0,11100.0
Beras Premium,2023-05-06,10000.0,11100.0
Beras Premium,2023-05-07,10000.0,11100.0
Beras Premium,2023-05-08,10000.0,11100.0
Beras Premium,2023-05-09,10000.0,11100.0
Beras Premium,2023-05-10,10000.0,11100.0
Beras Premium,2023-05-11,10000.0,11100.0
Beras Premium,2023-05-12,10000.0,11100.0
Beras Premium,2023-05-13,10000.0,11100.0
Beras Premium,2023-05-14,10000.0,11100.0
Beras Premium,2023-05-15,10500.0,11500.0
Beras Premium,2023-05-16,10500.0,11500.0
Beras Premium,2023-05-17,10500.0,11500.0
Beras Premium,2023-05-18,10500.0,11500.0
Beras Premium,2023-05-19,10500.0,11500.0
Beras Premium,2023-05-20,10500.0,11500.0
Beras Premium,2023-05-21,10500.0,11500.0
Beras Premium,2023-05-22,10500.0,11500.0
Beras Premium,2023-05-23,10500.0,11500.0
Beras Premium,2023-05-24,10500.0,11500.0
Beras Premium,2023-05-25,10500.0,11500.0
Beras Premium,2023-05-26,10500.0,11500.0
Beras Premium,2023-05-27,10500.0,11500.0
Beras Premium,2023-05-28,10500.0,11500.0
Beras Premium,2023-05-29,10500.0,11500.0
Beras Premium,2023-05-30,10500.0,11500.0
Beras Premium,2023-05-31,10500.0,11500.0
Beras Premium,2023-06-01,10500.0,11500.0
Beras Premium,2023-06-02,10500.0,11500.0
Beras Premium,2023-06-03,10500.0,11500.0
Beras Premium,2023-06-04,10500.0,11500.0
Beras Premium,2023-06-05,10500.0,11500.0
Beras Premium,2023-06-06,10500.0,11500.0
Beras Premium,2023-06-07,10500.0,11500.0
Beras Premium,2023-06-08,10500.0,11500.0
Beras Premium,2023-06-09,10500.0,11500.0
Beras Premium,2023-06-10,10500.0,11500.0
Beras Premium,2023-06-11,10500.0,11500.0
Beras Premium,2023-06-12,10500.0,11500.0
Beras Premium,2023-06-13,10500.0,11500.0
Beras Premium,2023-06-14,10500.0,11500.0
Beras Premium,2023-06-15,10500.0,11500.0
Beras Premium,2023-06-16,10500.0,11500.0
Beras Premium,2023-06-17,10500.0,11500.0
Beras Premium,2023-06-18,10500.0,11500.0
Beras Premium,2023-06-19,10500.0,11500.0
Beras Premium,2023-06-20,10500.0,11500.0
Beras Premium,2023-06-21,10500.0,11500.0
Beras Premium,2023-06-22,10500.0,11500.0
Beras Premium,2023-06-23,10500.0,11500.0
Beras Premium,2023-06-24,10500.0,11500.0
Beras Premium,2023-06-25,10500.0,11500.0
Beras Premium,2023-06-26,10500.0,11500.0
Beras Premium,2023-06-27,10500.0,11500.0
Beras Premium,2023-06-28,10500.0,11500.0
Beras Premium,2023-06-29,10500.0,11500.0
Beras Premium,2023-06-30,10500.0,11500.0
Beras Premium,2023-07-01,10500.0,11500.0
Beras Premium,2023-07-02,10500.0,11500.0
Beras Premium,2023-07-03,10500.0,11500.0
Beras Premium,2023-07-04,10500.0,11500.0
Beras Premium,2023-07-05,10500.0,11500.0
Beras Premium,2023-07-06,10500.0,11500.0
Beras Premium,2023-07-07,10500.0,11500.0
Beras Premium,2023-07-08,10500.0,11500.0
Beras Premium,2023-07-09,10500.0,11500.0
Beras Premium,2023-07-10,10500.0,11500.0
Beras Premium,2023-07-11,10500.0,11500.0
Beras Premium,2023-07-12,10500.0,11500.0
Beras Premium,2023-07-13,10500.0,11500.0
Beras Premium,2023-07-14,10500.0,11500.0
Beras Premium,2023-07-15,10500.0,11500.0
Beras Premium,2023-07-16,10500.0,11500.0
Beras Premium,2023-07-17,10700.0,11900.0
Beras Premium,2023-07-18,10700.0,11900.0
Beras Premium,2023-07-19,10700.0,11900.0
Beras Premium,2023-07-20,10700.0,11900.0
Beras Premium,2023-07-21,10700.0,11900.0
Beras Premium,2023-07-22,10700.0,11900.0
Beras Premium,2023-07-23,10700.0,11900.0
Beras Premium,2023-07-24,10700.0,11900.0
Beras Premium,2023-07-25,10700.0,11900.0
Beras Premium,2023-07-26,10700.0,11900.0
Beras Premium,2023-07-27,10700.0,11900.0
Beras Premium,2023-07-28,10700.0,11900.0
Beras Premium,2023-07-29,10700.0,11900.0
Beras Premium,2023-07-30,10700.0,11900.0
Beras Premium,2023-07-31,10700.0,11900.0
Beras Premium,2023-08-01,10700.0,11900.0
Beras Premium,2023-08-02,10700.0,11900.0
Beras Premium,2023-08-03,10700.0,11900.0
Beras Premium,2023-08-04,10700.0,11900.0
Beras Premium,2023-08-05,10700.0,11900.0
Beras Premium,2023-08-06,10700.0,11900.0
Beras Premium,2023-08-07,10700.0,11900.0
Beras Premium,2023-08-08,10700.0,11900.0
Beras Premium,2023-08-09,10700.0,11900.0
Beras Premium,2023-08-10,10700.0,11900.0
Beras Premium,2023-08-11,10700.0,11900.0
Beras Premium,2023-08-12,10700.0,11900.0
Beras Premium,2023-08-13,10700.0,11900.0
Beras Premium,2023-08-14,10700.0,11900.0
Beras Premium,2023-08-15,10700.0,11900.0
Beras Premium,2023-08-16,10700.0,11900.0
Beras Premium,2023-08-17,10700.0,11900.0
Beras Premium,2023-08-18,10700.0,11900.0
Beras Premium,2023-08-19,10700.0,11900.0
Beras Premium,2023-08-20,10700.0,11900.0
Beras Premium,2023-08-21,10700.0,11900.0
Beras Premium,2023-08-22,10700.0,11900.0
Beras Premium,2023-08-23,10700.0,11900.0
Beras Premium,2023-08-24,10700.0,11900.0
Beras Premium,2023-08-25,10700.0,11900.0
Beras Premium,2023-08-26,10700.0,11900.0
Beras Premium,2023-08-27,10700.0,11900.0
Beras Premium,2023-08-28,11100.0,12600.0
Beras Premium,2023-08-29,11100.0,12600.0
Beras Premium,2023-08-30,11100.0,12600.0
Beras Premium,2023-08-31,11100.0,12600.0
Beras Premium,2023-09-01,11100.0,12600.0
Beras Premium,2023-09-02,11100.0,12600.0
Beras Premium,2023-09-03,11100.0,12600.0
Beras Premium,2023-09-04,11200.0,12800.0
Beras Premium,2023-09-05,11200.0,12800.0
Beras Premium,2023-09-06,11200.0,12800.0
Beras Premium,2023-09-07,11200.0,12800.0
Beras Premium,2023-09-08,11200.0,12800.0
Beras Premium,2023-09-09,11200.0,12800.0
Beras Premium,2023-09-10,11200.0,12800.0
Beras Premium,2023-09-11,11200.0,12800.0
Beras Premium,2023-09-12,11200.0,12800.0
Beras Premium,2023-09-13,11200.0,12800.0
Beras Premium,2023-09-14,11200.0,12800.0
Beras Premium,2023-09-15,11200.0,12800.0
Beras Premium,2023-09-16,11200.0,12800.0
Beras Premium,2023-09-17,11200.0,12800.0
Beras Premium,2023-09-18,12800.0,14000.0
Beras Premium,2023-09-19,12800.0,14000.0
Beras Premium,2023-09-20,12800.0,14000.0
Beras Premium,2023-09-21,12800.0,14000.0
Beras Premium,2023-09-22,12800.0,14000.0
Beras Premium,2023-09-23,12800.0,14000.0
Beras Premium,2023-09-24,12800.0,14000.0
Beras Premium,2023-09-25,13200.0,14800.0
Beras Premium,2023-09-26,13200.0,14800.0
Beras Premium,2023-09-27,13200.0,14800.0
Beras Premium,2023-09-28,13200.0,14800.0
Beras Premium,2023-09-29,13200.0,14800.0
Beras Premium,2023-09-30,13200.0,14800.0
Beras Premium,2023-10-01,13200.0,14800.0
Beras Premium,2023-10-02,13200.0,14800.0
Beras Premium,2023-10-03,13200.0,14800.0
Beras Premium,2023-10-04,13200.0,14800.0
Beras Premium,2023-10-05,13200.0,14800.0
Beras Premium,2023-10-06,13200.0,14800.0
Beras Premium,2023-10-07,13200.0,14800.0
Beras Premium,2023-10-08,13200.0,14800.0
Beras Premium,2023-10-09,13200.0,14800.0
Beras Premium,2023-10-10,13200.0,14800.0
Beras Premium,2023-10-11,13200.0,14800.0
Beras Premium,2023-10-12,13200.0,14800.0
Beras Premium,2023-10-13,13200.0,14800.0
Beras Premium,2023-10-14,13200.0,14800.0
Beras Premium,2023-10-15,13200.0,14800.0
Beras Premium,2023-10-16,13200.0,14800.0
Beras Premium,2023-10-17,13200.0,14800.0
Beras Premium,2023-10-18,13200.0,14800.0
Beras Premium,2023-10-19,13200.0,14800.0
Beras Premium,2023-10-20,13200.0,14800.0
Beras Premium,2023-10-21,13200.0,14800.0
Beras Premium,2023-10-22,13200.0,14800.0
Beras Premium,2023-10-23,13200.0,14800.0
Beras Premium,2023-10-24,13200.0,14800.0
Beras Premium,2023-10-25,13200.0,14800.0
Beras Premium,2023-10-26,13200.0,14800.0
Beras Premium,2023-10-27,13200.0,14800.0
Beras Premium,2023-10-28,13200.0,14800.0
Beras Premium,2023-10-29,13200.0,14800.0
Beras Premium,2023-10-30,13500.0,14500.0
Beras Premium,2023-10-31,13500.0,14500.0
Beras Premium,2023-11-01,13500.0,14500.0
Beras Premium,2023-11-02,13500.0,14500.0
Beras Premium,2023-11-03,13500.0,14500.0
Beras Premium,2023-11-04,13500.0,14500.0
Beras Premium,2023-11-05,13500.0,14500.0
Beras Premium,2023-11-06,13500.0,14600.0
Beras Premium,2023-11-07,13500.0,14600.0
Beras Premium,2023-11-08,13500.0,14600.0
Beras Premium,2023-11-09,13500.0,14600.0
Beras Premium,2023-11-10,13500.0,14600.0
Beras Premium,2023-11-11,13500.0,14600.0
Beras Premium,2023-11-12,13500.0,14600.0
Beras Premium,2023-11-13,13500.0,14600.0
Beras Premium,2023-11-14,13500.0,14600.0
Beras Premium,2023-11-15,13500.0,14600.0
Beras Premium,2023-11-16,13500.0,14600.0
Beras Premium,2023-11-17,13500.0,14600.0
Beras Premium,2023-11-18,13500.0,14600.0
Beras Premium,2023-11-19,13500.0,14600.0
Beras Premium,2023-11-20,13500.0,14600.0
Beras Premium,2023-11-21,13500.0,14600.0
Beras Premium,2023-11-22,13500.0,14600.0
Beras Premium,2023-11-23,13500.0,14600.0
Beras Premium,2023-11-24,13500.0,14600.0
Beras Premium,2023-11-25,13500.0,14600.0
Beras Premium,2023-11-26,13500.0,14600.0
Beras Premium,2023-11-27,13500.0,14600.0
Beras Premium,2023-11-28,13500.0,14600.0
Beras Premium,2023-11-29,13500.0,14600.0
Beras Premium,2023-11-30,13500.0,14600.0
Beras Premium,2023-12-01,13500.0,14600.0
Beras Premium,2023-12-02,13500.0,14600.0
Beras Premium,2023-12-03,13500.0,14600.0
Beras Premium,2023-12-04,13500.0,14600.0
Beras Premium,2023-12-05,13500.0,14600.0
Beras Premium,2023-12-06,13500.0,14600.0
Beras Premium,2023-12-07,13500.0,14600.0
Beras Premium,2023-12-08,13500.0,14600.0
Beras Premium,2023-12-09,13500.0,14600.0
Beras Premium,2023-12-10,13500.0,14600.0
Beras Premium,2023-12-11,13500.0,14600.0
Beras Premium,2023-12-12,13500.0,14600.0
Beras Premium,2023-12-13,13500.0,14600.0
Beras Premium,2023-12-14,13500.0,14600.0
Beras Premium,2023-12-15,13500.0,14600.0
Beras Premium,2023-12-16,13500.0,14600.0
Beras Premium,2023-12-17,13500.0,14600.0
Beras Premium,2023-12-18,13500.0,14600.0
Beras Premium,2023-12-19,13500.0,14600.0
Beras Premium,2023-12-20,13500.0,14600.0
Beras Premium,2023-12-21,13500.0,14600.0
Beras Premium,2023-12-22,13500.0,14600.0
Beras Premium,2023-12-23,13500.0,14600.0
Beras Premium,2023-12-24,13500.0,14600.0
Beras Premium,2023-12-25,13500.0,14600.0
Beras Premium,2023-12-26,13500.0,14600.0
Beras Premium,2023-12-27,13500.0,14600.0
Beras Premium,2023-12-28,13500.0,14600.0
Beras Premium,2023-12-29,13500.0,14600.0
Beras Premium,2023-12-30,13500.0,14600.0
Beras Premium,2023-12-31,13500.0,14600.0
Beras Premium,2024-01-01,13500.0,14600.0
Beras Premium,2024-01-02,13500.0,14600.0
Beras Premium,2024-01-03,13500.0,14600.0
Beras Premium,2024-01-04,13500.0,14600.0
Beras Premium,2024-01-05,13500.0,14600.0
Beras Premium,2024-01-06,13500.0,14600.0
Beras Premium,2024-01-07,13500.0,14600.0
Beras Premium,2024-01-08,13500.0,14600.0
Beras Premium,2024-01-09,13500.0,14600.0
Beras Premium,2024-01-10,13500.0,14600.0
Beras Premium,2024-01-11,13500.0,14600.0
Beras Premium,2024-01-12,13500.0,14600.0
Beras Premium,2024-01-13,13500.0,14600.0
Beras Premium,2024-01-14,13500.0,14600.0
Beras Premium,2024-01-15,13500.0,14600.0
Beras Premium,2024-01-16,13500.0,14600.0
Beras Premium,2024-01-17,13500.0,14600.0
Beras Premium,2024-01-18,13500.0,14600.0
Beras Premium,2024-01-19,13500.0,14600.0
Beras Premium,2024-01-20,13500.0,14600.0
Beras Premium,2024-01-21,13500.0,14600.0
Beras Premium,2024-01-22,13500.0,14600.0
Beras Premium,2024-01-23,13500.0,14600.0
Beras Premium,2024-01-24,13500.0,14600.0
Beras Premium,2024-01-25,13500.0,14600.0
Beras Premium,2024-01-26,13500.0,14600.0
Beras Premium,2024-01-27,13500.0,14600.0
Beras Premium,2024-01-28,13500.0,14600.0
Beras Premium,2024-01-29,13500.0,14600.0
Beras Premium,2024-01-30,13500.0,14600.0
Beras Premium,2024-01-31,13500.0,14600.0
Beras Premium,2024-02-01,13900.0,14400.0
Beras Premium,2024-02-02,13900.0,14400.0
Beras Premium,2024-02-03,13900.0,14400.0
Beras Premium,2024-02-04,13900.0,14400.0
Beras Premium,2024-02-05,14000.0,14900.0
Beras Premium,2024-02-06,14000.0,14900.0
Beras Premium,2024-02-07,14000.0,14900.0
Beras Premium,2024-02-08,14000.0,14900.0
Beras Premium,2024-02-09,14000.0,14900.0
Beras Premium,2024-02-10,14000.0,14900.0
Beras Premium,2024-02-11,14000.0,14900.0
Beras Premium,2024-02-12,14500.0,15000.0
Beras Premium,2024-02-13,14500.0,15000.0
Beras Premium,2024-02-14,14500.0,15000.0
Beras Premium,2024-02-15,14500.0,15000.0
Beras Premium,2024-02-16,14500.0,15000.0
Beras Premium,2024-02-17,14500.0,15000.0
Beras Premium,2024-02-18,14500.0,15000.0
Beras Premium,2024-02-19,14500.0,16000.0
Beras Premium,2024-02-20,14500.0,16000.0
Beras Premium,2024-02-21,14500.0,16500.0
Beras Premium,2024-02-22,14500.0,16500.0
Beras Premium,2024-02-23,14500.0,16500.0
Beras Premium,2024-02-24,14500.0,16500.0
Beras Premium,2024-02-25,14500.0,16500.0
Beras Premium,2024-02-26,14500.0,17500.0
Beras Premium,2024-02-27,14500.0,17500.0
Beras Premium,2024-02-28,14500.0,17500.0
Beras Premium,2024-02-29,14500.0,17500.0
Beras Premium,2024-03-01,15500.0,17500.0
Beras Premium,2024-03-02,15500.0,17500.0
Beras Premium,2024-03-03,15500.0,17500.0
Beras Premium,2024-03-04,15500.0,17500.0
Beras Premium,2024-03-05,15500.0,17500.0
Beras Premium,2024-03-06,15500.0,17500.0
Beras Premium,2024-03-07,15500.0,17500.0
Beras Premium,2024-03-08,15500.0,17500.0
Beras Premium,2024-03-09,15500.0,17500.0
Beras Premium,2024-03-10,15500.0,17500.0
Beras Premium,2024-03-11,15500.0,17500.0
Beras Premium,2024-03-12,15500.0,16000.0
Beras Premium,2024-03-13,15500.0,16000.0
Beras Premium,2024-03-14,15500.0,16000.0
Beras Premium,2024-03-15,15500.0,16000.0
Beras Premium,2024-03-16,15500.0,16000.0
Beras Premium,2024-03-17,15500.0,16000.0
Beras Premium,2024-03-18,15500.0,16000.0
Beras Premium,2024-03-19,15500.0,16000.0
Beras Premium,2024-03-20,15500.0,16000.0
Beras Premium,2024-03-21,15500.0,16000.0
Beras Premium,2024-03-22,15500.0,16000.0
Beras Premium,2024-03-23,15500.0,16000.0
Beras Premium,2024-03-24,15500.0,16000.0
Beras Premium,2024-03-25,14000.0,15000.0
Beras Premium,2024-03-26,14000.0,15000.0
Beras Premium,2024-03-27,14000.0,15000.0
Beras Premium,2024-03-28,14000.0,15000.0
Beras Premium,2024-03-29,14000.0,15000.0
Beras Premium,2024-03-30,14000.0,15000.0
Beras Premium,2024-03-31,14000.0,15000.0
Beras Premium,2024-04-01,14000.0,15000.0
Beras Premium,2024-04-02,13000.0,15000.0
Beras Premium,2024-04-03,13000.0,15000.0
Beras Premium,2024-04-04,13000.0,15000.0
Beras Premium,2024-04-05,13000.0,15000.0
Beras Premium,2024-04-06,13000.0,15000.0
Beras Premium,2024-04-07,13000.0,15000.0
Beras Premium,2024-04-08,13000.0,15000.0
Beras Premium,2024-04-09,13000.0,15000.0
Beras Premium,2024-04-10,13000.0,15000.0
Beras Premium,2024-04-11,13000.0,15000.0
Beras Premium,2024-04-12,13000.0,15000.0
Beras Premium,2024-04-13,13000.0,15000.0
Beras Premium,2024-04-14,13000.0,15000.0
Beras Premium,2024-04-15,13000.0,15000.0
Beras Premium,2024-04-16,13000.0,15000.0
Beras Premium,2024-04-17,13000.0,15000.0
Beras Premium,2024-04-18,13000.0,15000.0
Beras Premium,2024-04-19,13000.0,15000.0
Beras Premium,2024-04-20,13000.0,15000.0
Beras Premium,2024-04-21,13000.0,15000.0
Beras Premium,2024-04-22,13000.0,15000.0
Beras Premium,2024-04-23,13000.0,15000.0
Beras Premium,2024-04-24,13000.0,15000.0
Beras Premium,2024-04-25,13000.0,15000.0
Beras Premium,2024-04-26,13000.0,15000.0
Beras Premium,2024-04-27,13000.0,15000.0
Beras Premium,2024-04-28,13000.0,15000.0
Beras Premium,2024-04-29,13000.0,15000.0
Beras Premium,2024-04-30,13000.0,15000.0
Beras Premium,2024-05-01,13000.0,15000.0
Beras Premium,2024-05-02,13000.0,15000.0
Beras Premium,2024-05-03,13000.0,15000.0
Beras Premium,2024-05-04,13000.0,15000.0
Beras Premium,2024-05-05,13000.0,15000.0
Beras Premium,2024-05-06,13000.0,15000.0
Beras Premium,2024-05-07,13000.0,15000.0
Beras Premium,2024-05-08,13000.0,15000.0
Beras Premium,2024-05-09,13000.0,15000.0
Beras Premium,2024-05-10,13000.0,15000.0
Beras Premium,2024-05-11,13000.0,15000.0
Beras Premium,2024-05-12,13000.0,15000.0
Beras Premium,2024-05-13,13000.0,15000.0
Beras Premium,2024-05-14,13000.0,15000.0
Beras Premium,2024-05-15,13000.0,15000.0
Beras Premium,2024-05-16,13000.0,15000.0
Beras Premium,2024-05-17,13000.0,15000.0
Beras Premium,2024-05-18,13000.0,15000.0
Beras Premium,2024-05-19,13000.0,15000.0
Beras Premium,2024-05-20,13000.0,15000.0
Beras Premium,2024-05-21,13000.0,15000.0
Beras Premium,2024-05-22,13000.0,15000.0
Beras Premium,2024-05-23,13000.0,15000.0
Beras Premium,2024-05-24,13000.0,15000.0
Beras Premium,2024-05-25,13000.0,15000.0
Beras Premium,2024-05-26,13000.0,15000.0
Beras Premium,2024-05-27,13000.0,15000.0
Beras Premium,2024-05-28,13000.0,15000.0
Beras Premium,2024-05-29,13000.0,15000.0
Beras Premium,2024-05-30,13000.0,15000.0
Beras Premium,2024-05-31,13000.0,15000.0
Beras Premium,2024-06-01,13000.0,15000.0
Beras Premium,2024-06-02,13000.0,15000.0
Beras Premium,2024-06-03,13000.0,15000.0
Beras Premium,2024-06-04,13000.0,15000.0
Beras Premium,2024-06-05,13000.0,15000.0
Beras Premium,2024-06-06,13000.0,15000.0
Beras Premium,2024-06-07,13000.0,15000.0
Beras Premium,2024-06-08,13000.0,15000.0
Beras Premium,2024-06-09,13000.0,15000.0
Beras Premium,2024-06-10,13000.0,15000.0
Beras Premium,2024-06-11,13000.0,15000.0
Beras Premium,2024-06-12,13000.0,15000.0
Beras Premium,2024-06-13,13000.0,15000.0
Beras Premium,2024-06-14,13000.0,15000.0
Beras Premium,2024-06-15,13000.0,15000.0
Beras Premium,2024-06-16,13000.0,15000.0
Beras Premium,2024-06-17,13000.0,15000.0
Beras Premium,2024-06-18,13000.0,15000.0
Beras Premium,2024-06-19,13000.0,15000.0
Beras Premium,2024-06-20,13000.0,15000.0
Beras Premium,2024-06-21,13000.0,15000.0
Beras Premium,2024-06-22,13000.0,15000.0
Beras Premium,2024-06-23,13000.0,15000.0
Beras Premium,2024-06-24,13000.0,15000.0
Beras Premium,2024-06-25,13000.0,15000.0
Beras Premium,2024-06-26,13000.0,15000.0
Beras Premium,2024-06-27,13000.0,15000.0
Beras Premium,2024-06-28,13000.0,15000.0
Beras Premium,2024-06-29,13000.0,15000.0
Beras Premium,2024-06-30,13000.0,15000.0
Beras Premium,2024-07-01,13000.0,15000.0
Beras Premium,2024-07-02,13000.0,15000.0
Beras Premium,2024-07-03,13000.0,13700.0
Beras Premium,2024-07-04,13000.0,13700.0
Beras Premium,2024-07-05,13000.0,13700.0
Beras Premium,2024-07-06,13000.0,13700.0
Beras Premium,2024-07-07,13000.0,13700.0
Beras Premium,2024-07-08,13000.0,13700.0
Beras Premium,2024-07-09,13000.0,13700.0
Beras Premium,2024-07-10,13000.0,13700.0
Beras Premium,2024-07-11,13000.0,13700.0
Beras Premium,2024-07-12,13000.0,13700.0
Beras Premium,2024-07-13,13000.0,13700.0
Beras Premium,2024-07-14,13000.0,13700.0
Beras Premium,2024-07-15,13000.0,13700.0
Beras Premium,2024-07-16,13000.0,13700.0
Beras Premium,2024-07-17,13000.0,13700.0
Beras Premium,2024-07-18,13000.0,13700.0
Beras Premium,2024-07-19,13000.0,13700.0
Beras Premium,2024-07-20,13000.0,13700.0
Beras Premium,2024-07-21,13000.0,13700.0
Beras Premium,2024-07-22,14000.0,14700.0
Beras Premium,2024-07-23,14000.0,14700.0
Beras Premium,2024-07-24,14000.0,14700.0
Beras Premium,2024-07-25,14000.0,14700.0
Beras Premium,2024-07-26,14000.0,14700.0
Beras Premium,2024-07-27,14000.0,14700.0
Beras Premium,2024-07-28,14000.0,14700.0
Beras Premium,2024-07-29,14000.0,14700.0
Beras Premium,2024-07-30,14000.0,14700.0
Beras Premium,2024-07-31,14000.0,14700.0
Beras Premium,2024-08-01,14000.0,14700.0
Beras Premium,2024-08-02,14000.0,14700.0
Beras Premium,2024-08-03,14000.0,14700.0
Beras Premium,2024-08-04,14000.0,14700.0
Beras Premium,2024-08-05,13000.0,13700.0
Beras Premium,2024-08-06,13000.0,13700.0
Beras Premium,2024-08-07,13000.0,13700.0
Beras Premium,2024-08-08,13000.0,13700.0
Beras Premium,2024-08-09,13000.0,13700.0
Beras Premium,2024-08-10,13000.0,13700.0
Beras Premium,2024-08-11,13000.0,13700.0
Beras Premium,2024-08-12,13000.0,13700.0
Beras Premium,2024-08-13,13000.0,13700.0
Beras Premium,2024-08-14,13000.0,13700.0
Beras Premium,2024-08-15,13000.0,13700.0
Beras Premium,2024-08-16,13000.0,13700.0
Beras Premium,2024-08-17,13000.0,13700.0
Beras Premium,2024-08-18,13000.0,13700.0
Beras Premium,2024-08-19,13000.0,13700.0
Beras Premium,2024-08-20,13000.0,13700.0
Beras Premium,2024-08-21,13000.0,13700.0
Beras Premium,2024-08-22,13000.0,13700.0
Beras Premium,2024-08-23,13000.0,13700.0
Beras Premium,2024-08-24,13000.0,13700.0
Beras Premium,2024-08-25,13000.0,13700.0
Beras Premium,2024-08-26,13700.0,14000.0
Beras Premium,2024-08-27,13700.0,14000.0
Beras Premium,2024-08-28,13700.0,14000.0
Beras Premium,2024-08-29,13700.0,14000.0
Beras Premium,2024-08-30,13700.0,14000.0
Beras Premium,2024-08-31,13700.0,14000.0
Beras Premium,2024-09-01,13700.0,14000.0
Beras Premium,2024-09-02,13700.0,14000.0
Beras Premium,2024-09-03,13700.0,14000.0
Beras Premium,2024-09-04,13700.0,14000.0
Beras Premium,2024-09-05,13700.0,14000.0
Beras Premium,2024-09-06,13700.0,14000.0
Beras Premium,2024-09-07,13700.0,14000.0
Beras Premium,2024-09-08,13700.0,14000.0
Beras Premium,2024-09-09,13700.0,14000.0
Beras Premium,2024-09-10,13700.0,14000.0
Beras Premium,2024-09-11,13700.0,14000.0
Beras Premium,2024-09-12,13700.0,14000.0
Beras Premium,2024-09-13,13700.0,14000.0
Beras Premium,2024-09-14,13700.0,14000.0
Beras Premium,2024-09-15,13700.0,14000.0
Beras Premium,2024-09-16,13700.0,14000.0
Beras Premium,2024-09-17,13700.0,14000.0
Beras Premium,2024-09-18,13700.0,14000.0
Beras Premium,2024-09-19,13700.0,14000.0
Beras Premium,2024-09-20,13700.0,14000.0
Beras Premium,2024-09-21,13700.0,14000.0
Beras Premium,2024-09-22,13700.0,14000.0
Beras Premium,2024-09-23,13700.0,14000.0
Beras Premium,2024-09-24,13700.0,14000.0
Beras Premium,2024-09-25,13700.0,14000.0
Beras Premium,2024-09-26,13700.0,14000.0
Beras Premium,2024-09-27,13700.0,14000.0
Beras Premium,2024-09-28,13700.0,14000.0
Beras Premium,2024-09-29,13700.0,14000.0
Beras Premium,2024-09-30,13700.0,14000.0
Beras Premium,2024-10-01,13800.0,14000.0
Beras Premium,2024-10-02,13400.0,14000.0
Beras Premium,2024-10-03,13400.0,14000.0
Beras Premium,2024-10-04,13400.0,14000.0
Beras Premium,2024-10-05,13400.0,14000.0
Beras Premium,2024-10-06,13400.0,14000.0
Beras Premium,2024-10-07,13400.0,14000.0
Beras Premium,2024-10-08,13400.0,14000.0
Beras Premium,2024-10-09,13400.0,14000.0
Beras Premium,2024-10-10,13400.0,14000.0
Beras Premium,2024-10-11,13400.0,14000.0
Beras Premium,2024-10-12,13400.0,14000.0
Beras Premium,2024-10-13,13400.0,14000.0
Beras Premium,2024-10-14,13000.0,14000.0
Beras Premium,2024-10-15,13000.0,14000.0
Beras Premium,2024-10-16,13000.0,14000.0
Beras Premium,2024-10-17,13000.0,14000.0
Beras Premium,2024-10-18,13000.0,14000.0
Beras Premium,2024-10-19,13000.0,14000.0
Beras Premium,2024-10-20,13000.0,14000.0
Beras Premium,2024-10-21,13000.0,14000.0
Beras Premium,2024-10-22,13000.0,14000.0
Beras Premium,2024-10-23,13000.0,14000.0
Beras Premium,2024-10-24,13000.0,14000.0
Beras Premium,2024-10-25,13000.0,14000.0
Beras Premium,2024-10-26,13000.0,14000.0
Beras Premium,2024-10-27,13000.0,14000.0
Beras Premium,2024-10-28,13000.0,14000.0
Beras Premium,2024-10-29,13000.0,14000.0
Beras Premium,2024-10-30,13000.0,14000.0
Beras Premium,2024-10-31,13000.0,14000.0
Beras Premium,2024-11-01,13000.0,14000.0
Beras Premium,2024-11-02,13000.0,14000.0
Beras Premium,2024-11-03,13000.0,14000.0
Beras Premium,2024-11-04,13000.0,14000.0
Beras Premium,2024-11-05,13000.0,14000.0
Beras Premium,2024-11-06,13000.0,14000.0
Beras Premium,2024-11-07,13000.0,14000.0
Beras Premium,2024-11-08,13000.0,14000.0
Beras Premium,2024-11-09,13000.0,14000.0
Beras Premium,2024-11-10,13000.0,14000.0
Beras Premium,2024-11-11,13000.0,14000.0
Beras Premium,2024-11-12,13000.0,14000.0
Beras Premium,2024-11-13,13000.0,14000.0
Beras Premium,2024-11-14,13000.0,14000.0
Beras Premium,2024-11-15,13000.0,14000.0
Beras Premium,2024-11-16,13000.0,14000.0
Beras Premium,2024-11-17,13000.0,14000.0
Beras Premium,2024-11-18,13000.0,14000.0
Beras Premium,2024-11-19,13000.0,14000.0
Beras Premium,2024-11-20,13000.0,14000.0
Beras Premium,2024-11-21,13000.0,14000.0
Beras Premium,2024-11-22,13000.0,14000.0
Beras Premium,2024-11-23,13000.0,14000.0
Beras Premium,2024-11-24,13000.0,14000.0
Beras Premium,2024-11-25,13000.0,14000.0
Beras Premium,2024-11-26,13000.0,14000.0
Beras Premium,2024-11-27,13000.0,14000.0
Beras Premium,2024-11-28,13000.0,14000.0
Beras Premium,2024-11-29,13000.0,14000.0
Beras Premium,2024-11-30,13000.0,14000.0
Jagung Pipil Kering,2022-01-03,4800.0,5000.0
Jagung Pipil Kering,2022-01-04,4800.0,5000.0
Jagung Pipil Kering,2022-01-05,4800.0,5000.0
Jagung Pipil Kering,2022-01-06,4800.0,5000.0
Jagung Pipil Kering,2022-01-07,4800.0,5000.0
Jagung Pipil Kering,2022-01-08,4800.0,5000.0
Jagung Pipil Kering,2022-01-09,4800.0,5000.0
Jagung Pipil Kering,2022-01-10,4800.0,5000.0
Jagung Pipil Kering,2022-01-11,4800.0,5000.0
Jagung Pipil Kering,2022-01-12,4800.0,5000.0
Jagung Pipil Kering,2022-01-13,4800.0,5000.0
Jagung Pipil Kering,2022-01-14,4800.0,5000.0
Jagung Pipil Kering,2022-01-15,4800.0,5000.0
Jagung Pipil Kering,2022-01-16,4800.0,5000.0
Jagung Pipil Kering,2022-01-17,4800.0,5000.0
Jagung Pipil Kering,2022-01-18,4800.0,5000.0
Jagung Pipil Kering,2022-01-19,4800.0,5000.0
Jagung Pipil Kering,2022-01-20,4800.0,5000.0
Jagung Pipil Kering,2022-01-21,4800.0,5000.0
Jagung Pipil Kering,2022-01-22,4800.0,5000.0
Jagung Pipil Kering,2022-01-23,4800.0,5000.0
Jagung Pipil Kering,2022-01-24,4800.0,5000.0
Jagung Pipil Kering,2022-01-25,4800.0,5000.0
Jagung Pipil Kering,2022-01-26,4800.0,5000.0
Jagung Pipil Kering,2022-01-27,4800.0,5000.0
Jagung Pipil Kering,2022-01-28,4800.0,5000.0
Jagung Pipil Kering,2022-01-29,4800.0,5000.0
Jagung Pipil Kering,2022-01-30,4800.0,5000.0
Jagung Pipil Kering,2022-01-31,4800.0,5000.0
Jagung Pipil Kering,2022-02-01,4800.0,5000.0
Jagung Pipil Kering,2022-02-02,4700.0,4850.0
Jagung Pipil Kering,2022-02-03,4700.0,4850.0
Jagung Pipil Kering,2022-02-04,4700.0,4850.0
Jagung Pipil Kering,2022-02-05,4700.0,4850.0
Jagung Pipil Kering,2022-02-06,4700.0,4850.0
Jagung Pipil Kering,2022-02-07,4700.0,4850.0
Jagung Pipil Kering,2022-02-08,4700.0,4850.0
Jagung Pipil Kering,2022-02-09,4700.0,4850.0
Jagung Pipil Kering,2022-02-10,4700.0,4850.0
Jagung Pipil Kering,2022-02-11,4700.0,4850.0
Jagung Pipil Kering,2022-02-12,4700.0,4850.0
Jagung Pipil Kering,2022-02-13,4700.0,4850.0
Jagung Pipil Kering,2022-02-14,4700.0,4850.0
Jagung Pipil Kering,2022-02-15,4700.0,4850.0
Jagung Pipil Kering,2022-02-16,4700.0,4850.0
Jagung Pipil Kering,2022-02-17,4700.0,4850.0
Jagung Pipil Kering,2022-02-18,4700.0,4850.0
Jagung Pipil Kering,2022-02-19,4700.0,4850.0
Jagung Pipil Kering,2022-02-20,4700.0,4850.0
Jagung Pipil Kering,2022-02-21,4700.0,4850.0
Jagung Pipil Kering,2022-02-22,4700.0,4850.0
Jagung Pipil Kering,2022-02-23,4700.0,4850.0
Jagung Pipil Kering,2022-02-24,4700.0,4850.0
Jagung Pipil Kering,2022-02-25,4700.0,4850.0
Jagung Pipil Kering,2022-02-26,4700.0,4850.0
Jagung Pipil Kering,2022-02-27,4700.0,4850.0
Jagung Pipil Kering,2022-02-28,4700.0,4850.0
Jagung Pipil Kering,2022-03-01,4700.0,4850.0
Jagung Pipil Kering,2022-03-02,4500.0,4700.0
Jagung Pipil Kering,2022-03-03,4500.0,4700.0
Jagung Pipil Kering,2022-03-04,4500.0,4700.0
Jagung Pipil Kering,2022-03-05,4500.0,4700.0
Jagung Pipil Kering,2022-03-06,4500.0,4700.0
Jagung Pipil Kering,2022-03-07,4500.0,4700.0
Jagung Pipil Kering,2022-03-08,4500.0,4700.0
Jagung Pipil Kering,2022-03-09,4500.0,4700.0
Jagung Pipil Kering,2022-03-10,4500.0,4700.0
Jagung Pipil Kering,2022-03-11,4500.0,4700.0
Jagung Pipil Kering,2022-03-12,4500.0,4700.0
Jagung Pipil Kering,2022-03-13,4500.0,4700.0
Jagung Pipil Kering,2022-03-14,4600.0,5000.0
Jagung Pipil Kering,2022-03-15,4600.0,5000.0
Jagung Pipil Kering,2022-03-16,4600.0,5000.0
Jagung Pipil Kering,2022-03-17,4600.0,5000.0
Jagung Pipil Kering,2022-03-18,4600.0,5000.0
Jagung Pipil Kering,2022-03-19,4600.0,5000.0
Jagung Pipil Kering,2022-03-20,4600.0,5000.0
Jagung Pipil Kering,2022-03-21,4800.0,5150.0
Jagung Pipil Kering,2022-03-22,4800.0,5150.0
Jagung Pipil Kering,2022-03-23,4800.0,5150.0
Jagung Pipil Kering,2022-03-24,4800.0,5150.0
Jagung Pipil Kering,2022-03-25,4800.0,5150.0
Jagung Pipil Kering,2022-03-26,4800.0,5150.0
Jagung Pipil Kering,2022-03-27,4800.0,5150.0
Jagung Pipil Kering,2022-03-28,4800.0,5200.0
Jagung Pipil Kering,2022-03-29,4800.0,5200.0
Jagung Pipil Kering,2022-03-30,4800.0,5200.0
Jagung Pipil Kering,2022-03-31,4800.0,5200.0
Jagung Pipil Kering,2022-04-01,4800.0,5200.0
Jagung Pipil Kering,2022-04-02,4800.0,5200.0
Jagung Pipil Kering,2022-04-03,4800.0,5200.0
Jagung Pipil Kering,2022-04-04,5100.0,5200.0
Jagung Pipil Kering,2022-04-05,5100.0,5200.0
Jagung Pipil Kering,2022-04-06,5100.0,5200.0
Jagung Pipil Kering,2022-04-07,5100.0,5200.0
Jagung Pipil Kering,2022-04-08,5100.0,5200.0
Jagung Pipil Kering,2022-04-09,5100.0,5200.0
Jagung Pipil Kering,2022-04-10,5100.0,5200.0
Jagung Pipil Kering,2022-04-11,4900.0,5150.0
Jagung Pipil Kering,2022-04-12,4900.0,5150.0
Jagung Pipil Kering,2022-04-13,4900.0,5150.0
Jagung Pipil Kering,2022-04-14,4900.0,5150.0
Jagung Pipil Kering,2022-04-15,4900.0,5150.0
Jagung Pipil Kering,2022-04-16,4900.0,5150.0
Jagung Pipil Kering,2022-04-17,4900.0,5150.0
Jagung Pipil Kering,2022-04-18,4900.0,5150.0
Jagung Pipil Kering,2022-04-19,4900.0,5150.0
Jagung Pipil Kering,2022-04-20,4900.0,5150.0
Jagung Pipil Kering,2022-04-21,4900.0,5150.0
Jagung Pipil Kering,2022-04-22,4900.0,5150.0
Jagung Pipil Kering,2022-04-23,4900.0,5150.0
Jagung Pipil Kering,2022-04-24,4900.0,5150.0
Jagung Pipil Kering,2022-04-25,4800.0,5000.0
Jagung Pipil Kering,2022-04-26,4800.0,5000.0
Jagung Pipil Kering,2022-04-27,4800.0,5000.0
Jagung Pipil Kering,2022-04-28,4800.0,5000.0
Jagung Pipil Kering,2022-04-29,4800.0,5000.0
Jagung Pipil Kering,2022-04-30,4800.0,5000.0
Jagung Pipil Kering,2022-05-01,4800.0,5000.0
Jagung Pipil Kering,2022-05-02,4800.0,5000.0
Jagung Pipil Kering,2022-05-03,4800.0,5000.0
Jagung Pipil Kering,2022-05-04,4500.0,5000.0
Jagung Pipil Kering,2022-05-05,4500.0,5000.0
Jagung Pipil Kering,2022-05-06,4400.0,5000.0
Jagung Pipil Kering,2022-05-07,4400.0,5000.0
Jagung Pipil Kering,2022-05-08,4400.0,5000.0
Jagung Pipil Kering,2022-05-09,4300.0,4500.0
Jagung Pipil Kering,2022-05-10,4200.0,4400.0
Jagung Pipil Kering,2022-05-11,4200.0,4400.0
Jagung Pipil Kering,2022-05-12,4100.0,4200.0
Jagung Pipil Kering,2022-05-13,3850.0,4000.0
Jagung Pipil Kering,2022-05-14,3850.0,4000.0
Jagung Pipil Kering,2022-05-15,3850.0,4000.0
Jagung Pipil Kering,2022-05-16,3850.0,4000.0
Jagung Pipil Kering,2022-05-17,3800.0,4000.0
Jagung Pipil Kering,2022-05-18,3800.0,4000.0
Jagung Pipil Kering,2022-05-19,3800.0,4000.0
Jagung Pipil Kering,2022-05-20,3800.0,4000.0
Jagung Pipil Kering,2022-05-21,3800.0,4000.0
Jagung Pipil Kering,2022-05-22,3800.0,4000.0
Jagung Pipil Kering,2022-05-23,4000.0,4250.0
Jagung Pipil Kering,2022-05-24,4000.0,4250.0
Jagung Pipil Kering,2022-05-25,4000.0,4250.0
Jagung Pipil Kering,2022-05-26,4000.0,4250.0
Jagung Pipil Kering,2022-05-27,4000.0,4250.0
Jagung Pipil Kering,2022-05-28,4000.0,4250.0
Jagung Pipil Kering,2022-05-29,4000.0,4250.0
Jagung Pipil Kering,2022-05-30,4000.0,4250.0
Jagung Pipil Kering,2022-05-31,4000.0,4250.0
Jagung Pipil Kering,2022-06-01,4000.0,4250.0
Jagung Pipil Kering,2022-06-02,3900.0,4250.0
Jagung Pipil Kering,2022-06-03,3900.0,4250.0
Jagung Pipil Kering,2022-06-04,3900.0,4250.0
Jagung Pipil Kering,2022-06-05,3900.0,4250.0
Jagung Pipil Kering,2022-06-06,3900.0,4250.0
Jagung Pipil Kering,2022-06-07,3900.0,4250.0
Jagung Pipil Kering,2022-06-08,3900.0,4250.0
Jagung Pipil Kering,2022-06-09,3900.0,4250.0
Jagung Pipil Kering,2022-06-10,3900.0,4250.0
Jagung Pipil Kering,2022-06-11,3900.0,4250.0
Jagung Pipil Kering,2022-06-12,3900.0,4250.0
Jagung Pipil Kering,2022-06-13,3900.0,4250.0
Jagung Pipil Kering,2022-06-14,3900.0,4250.0
Jagung Pipil Kering,2022-06-15,3900.0,4250.0
Jagung Pipil Kering,2022-06-16,3900.0,4250.0
Jagung Pipil Kering,2022-06-17,3900.0,4250.0
Jagung Pipil Kering,2022-06-18,3900.0,4250.0
Jagung Pipil Kering,2022-06-19,3900.0,4250.0
Jagung Pipil Kering,2022-06-20,3900.0,4250.0
Jagung Pipil Kering,2022-06-21,3900.0,4250.0
Jagung Pipil Kering,2022-06-22,3900.0,4250.0
Jagung Pipil Kering,2022-06-23,4000.0,4150.0
Jagung Pipil Kering,2022-06-24,4000.0,4150.0
Jagung Pipil Kering,2022-06-25,4000.0,4150.0
Jagung Pipil Kering,2022-06-26,4000.0,4150.0
Jagung Pipil Kering,2022-06-27,4000.0,4250.0
Jagung Pipil Kering,2022-06-28,4000.0,4250.0
Jagung Pipil Kering,2022-06-29,3600.0,3800.0
Jagung Pipil Kering,2022-06-30,3600.0,3800.0
Jagung Pipil Kering,2022-07-01,3600.0,3800.0
Jagung Pipil Kering,2022-07-02,3600.0,3800.0
Jagung Pipil Kering,2022-07-03,3600.0,3800.0
Jagung Pipil Kering,2022-07-04,3900.0,4250.0
Jagung Pipil Kering,2022-07-05,3900.0,4250.0
Jagung Pipil Kering,2022-07-06,3900.0,4250.0
Jagung Pipil Kering,2022-07-07,3900.0,4250.0
Jagung Pipil Kering,2022-07-08,3900.0,4250.0
Jagung Pipil Kering,2022-07-09,3900.0,4250.0
Jagung Pipil Kering,2022-07-10,3900.0,4250.0
Jagung Pipil Kering,2022-07-11,3300.0,3600.0
Jagung Pipil Kering,2022-07-12,3300.0,3600.0
Jagung Pipil Kering,2022-07-13,3300.0,3600.0
Jagung Pipil Kering,2022-07-14,3300.0,3600.0
Jagung Pipil Kering,2022-07-15,3300.0,3600.0
Jagung Pipil Kering,2022-07-16,3300.0,3600.0
Jagung Pipil Kering,2022-07-17,3300.0,3600.0
Jagung Pipil Kering,2022-07-18,3300.0,3600.0
Jagung Pipil Kering,2022-07-19,3300.0,3600.0
Jagung Pipil Kering,2022-07-20,3300.0,3600.0
Jagung Pipil Kering,2022-07-21,3300.0,3600.0
Jagung Pipil Kering,2022-07-22,3400.0,3700.0
Jagung Pipil Kering,2022-07-23,3400.0,3700.0
Jagung Pipil Kering,2022-07-24,3400.0,3700.0
Jagung Pipil Kering,2022-07-25,3500.0,3800.0
Jagung Pipil Kering,2022-07-26,3600.0,3900.0
Jagung Pipil Kering,2022-07-27,3600.0,3900.0
Jagung Pipil Kering,2022-07-28,3600.0,3950.0
Jagung Pipil Kering,2022-07-29,3800.0,4000.0
Jagung Pipil Kering,2022-07-30,3800.0,4000.0
Jagung Pipil Kering,2022-07-31,3800.0,4000.0
Jagung Pipil Kering,2022-08-01,3800.0,4000.0
Jagung Pipil Kering,2022-08-02,3800.0,4000.0
Jagung Pipil Kering,2022-08-03,3800.0,4000.0
Jagung Pipil Kering,2022-08-04,3800.0,4000.0
Jagung Pipil Kering,2022-08-05,3800.0,4000.0
Jagung Pipil Kering,2022-08-06,3800.0,4000.0
Jagung Pipil Kering,2022-08-07,3800.0,4000.0
Jagung Pipil Kering,2022-08-08,3800.0,4000.0
Jagung Pipil Kering,2022-08-09,3800.0,4000.0
Jagung Pipil Kering,2022-08-10,3800.0,4000.0
Jagung Pipil Kering,2022-08-11,3800.0,4000.0
Jagung Pipil Kering,2022-08-12,3800.0,4000.0
Jagung Pipil Kering,2022-08-13,3800.0,4000.0
Jagung Pipil Kering,2022-08-14,3800.0,4000.0
Jagung Pipil Kering,2022-08-15,3700.0,3900.0
Jagung Pipil Kering,2022-08-16,3700.0,3900.0
Jagung Pipil Kering,2022-08-17,3700.0,3900.0
Jagung Pipil Kering,2022-08-18,3700.0,3900.0
Jagung Pipil Kering,2022-08-19,3700.0,3900.0
Jagung Pipil Kering,2022-08-20,3700.0,3900.0
Jagung Pipil Kering,2022-08-21,3700.0,3900.0
Jagung Pipil Kering,2022-08-22,3700.0,3900.0
Jagung Pipil Kering,2022-08-23,3700.0,3900.0
Jagung Pipil Kering,2022-08-24,3700.0,3900.0
Jagung Pipil Kering,2022-08-25,3700.0,3900.0
Jagung Pipil Kering,2022-08-26,3700.0,3900.0
Jagung Pipil Kering,2022-08-27,3700.0,3900.0
Jagung Pipil Kering,2022-08-28,3700.0,3900.0
Jagung Pipil Kering,2022-08-29,3800.0,3900.0
Jagung Pipil Kering,2022-08-30,3800.0,3900.0
Jagung Pipil Kering,2022-08-31,3800.0,3900.0
Jagung Pipil Kering,2022-09-01,3800.0,3900.0
Jagung Pipil Kering,2022-09-02,3800.0,3900.0
Jagung Pipil Kering,2022-09-03,3800.0,3900.0
Jagung Pipil Kering,2022-09-04,3800.0,3900.0
Jagung Pipil Kering,2022-09-05,3800.0,3900.0
Jagung Pipil Kering,2022-09-06,3800.0,3900.0
Jagung Pipil Kering,2022-09-07,3800.0,3900.0
Jagung Pipil Kering,2022-09-08,3800.0,3900.0
Jagung Pipil Kering,2022-09-09,3800.0,3900.0
Jagung Pipil Kering,2022-09-10,3800.0,3900.0
Jagung Pipil Kering,2022-09-11,3800.0,3900.0
Jagung Pipil Kering,2022-09-12,3800.0,3900.0
Jagung Pipil Kering,2022-09-13,3800.0,3900.0
Jagung Pipil Kering,2022-09-14,3800.0,3900.0
Jagung Pipil Kering,2022-09-15,3800.0,3900.0
Jagung Pipil Kering,2022-09-16,3800.0,3900.0
Jagung Pipil Kering,2022-09-17,3800.0,3900.0
Jagung Pipil Kering,2022-09-18,3800.0,3900.0
Jagung Pipil Kering,2022-09-19,3800.0,3950.0
Jagung Pipil Kering,2022-09-20,3800.0,3950.0
Jagung Pipil Kering,2022-09-21,3800.0,3950.0
Jagung Pipil Kering,2022-09-22,3800.0,3950.0
Jagung Pipil Kering,2022-09-23,3800.0,3950.0
Jagung Pipil Kering,2022-09-24,3800.0,3950.0
Jagung Pipil Kering,2022-09-25,3800.0,3950.0
Jagung Pipil Kering,2022-09-26,3800.0,3950.0
Jagung Pipil Kering,2022-09-27,3800.0,3950.0
Jagung Pipil Kering,2022-09-28,3800.0,3950.0
Jagung Pipil Kering,2022-09-29,3800.0,3950.0
Jagung Pipil Kering,2022-09-30,3800.0,3950.0
Jagung Pipil Kering,2022-10-01,3800.0,3950.0
Jagung Pipil Kering,2022-10-02,3800.0,3950.0
Jagung Pipil Kering,2022-10-03,3800.0,3950.0
Jagung Pipil Kering,2022-10-04,3800.0,3950.0
Jagung Pipil Kering,2022-10-05,3800.0,3950.0
Jagung Pipil Kering,2022-10-06,3800.0,3950.0
Jagung Pipil Kering,2022-10-07,3800.0,3950.0
Jagung Pipil Kering,2022-10-08,3800.0,3950.0
Jagung Pipil Kering,2022-10-09,3800.0,3950.0
Jagung Pipil Kering,2022-10-10,3800.0,3900.0
Jagung Pipil Kering,2022-10-11,3800.0,3900.0
Jagung Pipil Kering,2022-10-12,3800.0,3900.0
Jagung Pipil Kering,2022-10-13,3800.0,3800.0
Jagung Pipil Kering,2022-10-14,3800.0,3800.0
Jagung Pipil Kering,2022-10-15,3800.0,3800.0
Jagung Pipil Kering,2022-10-16,3800.0,3800.0
Jagung Pipil Kering,2022-10-17,3800.0,3800.0
Jagung Pipil Kering,2022-10-18,3800.0,3800.0
Jagung Pipil Kering,2022-10-19,3700.0,3800.0
Jagung Pipil Kering,2022-10-20,3700.0,3800.0
Jagung Pipil Kering,2022-10-21,3700.0,3800.0
Jagung Pipil Kering,2022-10-22,3700.0,3800.0
Jagung Pipil Kering,2022-10-23,3700.0,3800.0
Jagung Pipil Kering,2022-10-24,3700.0,3800.0
Jagung Pipil Kering,2022-10-25,3700.0,3800.0
Jagung Pipil Kering,2022-10-26,3700.0,3800.0
Jagung Pipil Kering,2022-10-27,3700.0,3800.0
Jagung Pipil Kering,2022-10-28,3700.0,3800.0
Jagung Pipil Kering,2022-10-29,3700.0,3800.0
Jagung Pipil Kering,2022-10-30,3700.0,3800.0
Jagung Pipil Kering,2022-10-31,3700.0,3800.0
Jagung Pipil Kering,2022-11-01,3700.0,3800.0
Jagung Pipil Kering,2022-11-02,3700.0,3800.0
Jagung Pipil Kering,2022-11-03,3700.0,3800.0
Jagung Pipil Kering,2022-11-04,3700.0,3800.0
Jagung Pipil Kering,2022-11-05,3700.0,3800.0
Jagung Pipil Kering,2022-11-06,3700.0,3800.0
Jagung Pipil Kering,2022-11-07,3700.0,3800.0
Jagung Pipil Kering,2022-11-08,3700.0,3800.0
Jagung Pipil Kering,2022-11-09,3700.0,3800.0
Jagung Pipil Kering,2022-11-10,3700.0,3800.0
Jagung Pipil Kering,2022-11-11,3700.0,3800.0
Jagung Pipil Kering,2022-11-12,3700.0,3800.0
Jagung Pipil Kering,2022-11-13,3700.0,3800.0
Jagung Pipil Kering,2022-11-14,3700.0,3800.0
Jagung Pipil Kering,2022-11-15,3700.0,3800.0
Jagung Pipil Kering,2022-11-16,3700.0,3800.0
Jagung Pipil Kering,2022-11-17,3700.0,3800.0
Jagung Pipil Kering,2022-11-18,3700.0,3800.0
Jagung Pipil Kering,2022-11-19,3700.0,3800.0
Jagung Pipil Kering,2022-11-20,3700.0,3800.0
Jagung Pipil Kering,2022-11-21,3700.0,3800.0
Jagung Pipil Kering,2022-11-22,3700.0,3800.0
Jagung Pipil Kering,2022-11-23,3700.0,3800.0
Jagung Pipil Kering,2022-11-24,3700.0,3800.0
Jagung Pipil Kering,2022-11-25,3700.0,3800.0
Jagung Pipil Kering,2022-11-26,3700.0,3800.0
Jagung Pipil Kering,2022-11-27,3700.0,3800.0
Jagung Pipil Kering,2022-11-28,3700.0,3800.0
Jagung Pipil Kering,2022-11-29,3700.0,3800.0
Jagung Pipil Kering,2022-11-30,3700.0,3800.0
Jagung Pipil Kering,2022-12-01,3400.0,3600.0
Jagung Pipil Kering,2022-12-02,3400.0,3600.0
Jagung Pipil Kering,2022-12-03,3400.0,3600.0
Jagung Pipil Kering,2022-12-04,3400.0,3600.0
Jagung Pipil Kering,2022-12-05,3400.0,3600.0
Jagung Pipil Kering,2022-12-06,3400.0,3600.0
Jagung Pipil Kering,2022-12-07,3400.0,3600.0
Jagung Pipil Kering,2022-12-08,3400.0,3600.0
Jagung Pipil Kering,2022-12-09,3400.0,3600.0
Jagung Pipil Kering,2022-12-10,3400.0,3600.0
Jagung Pipil Kering,2022-12-11,3400.0,3600.0
Jagung Pipil Kering,2022-12-12,3400.0,3600.0
Jagung Pipil Kering,2022-12-13,3400.0,3600.0
Jagung Pipil Kering,2022-12-14,3400.0,3600.0
Jagung Pipil Kering,2022-12-15,3400.0,3600.0
Jagung Pipil Kering,2022-12-16,3400.0,3600.0
Jagung Pipil Kering,2022-12-17,3400.0,3600.0
Jagung Pipil Kering,2022-12-18,3400.0,3600.0
Jagung Pipil Kering,2022-12-19,3400.0,3600.0
Jagung Pipil Kering,2022-12-20,3400.0,3600.0
Jagung Pipil Kering,2022-12-21,3400.0,3600.0
Jagung Pipil Kering,2022-12-22,3400.0,3600.0
Jagung Pipil Kering,2022-12-23,3400.0,3600.0
Jagung Pipil Kering,2022-12-24,3400.0,3600.0
Jagung Pipil Kering,2022-12-25,3400.0,3600.0
Jagung Pipil Kering,2022-12-26,3400.0,3700.0
Jagung Pipil Kering,2022-12-27,3400.0,3700.0
Jagung Pipil Kering,2022-12-28,3400.0,3700.0
Jagung Pipil Kering,2022-12-29,3400.0,3700.0
Jagung Pipil Kering,2022-12-30,3400.0,3700.0
Jagung Pipil Kering,2022-12-31,3400.0,3700.0
Jagung Pipil Kering,2023-01-01,3400.0,3700.0
Jagung Pipil Kering,2023-01-02,3400.0,3600.0
Jagung Pipil Kering,2023-01-03,3400.0,3600.0
Jagung Pipil Kering,2023-01-04,3400.0,3600.0
Jagung Pipil Kering,2023-01-05,3400.0,3600.0
Jagung Pipil Kering,2023-01-06,3400.0,3600.0
Jagung Pipil Kering,2023-01-07,3400.0,3600.0
Jagung Pipil Kering,2023-01-08,3400.0,3600.0
Jagung Pipil Kering,2023-01-09,3500.0,3800.0
Jagung Pipil Kering,2023-01-10,3500.0,3800.0
Jagung Pipil Kering,2023-01-11,3500.0,3800.0
Jagung Pipil Kering,2023-01-12,3500.0,3800.0
Jagung Pipil Kering,2023-01-13,3500.0,3800.0
Jagung Pipil Kering,2023-01-14,3500.0,3800.0
Jagung Pipil Kering,2023-01-15,3500.0,3800.0
Jagung Pipil Kering,2023-01-16,3600.0,3900.0
Jagung Pipil Kering,2023-01-17,3600.0,3900.0
Jagung Pipil Kering,2023-01-18,3600.0,3900.0
Jagung Pipil Kering,2023-01-19,3600.0,3900.0
Jagung Pipil Kering,2023-01-20,3600.0,3900.0
Jagung Pipil Kering,2023-01-21,3600.0,3900.0
Jagung Pipil Kering,2023-01-22,3600.0,3900.0
Jagung Pipil Kering,2023-01-23,3800.0,4200.0
Jagung Pipil Kering,2023-01-24,3800.0,4200.0
Jagung Pipil Kering,2023-01-25,3800.0,4200.0
Jagung Pipil Kering,2023-01-26,3800.0,4200.0
Jagung Pipil Kering,2023-01-27,3800.0,4200.0
Jagung Pipil Kering,2023-01-28,3800.0,4200.0
Jagung Pipil Kering,2023-01-29,3800.0,4200.0
Jagung Pipil Kering,2023-01-30,3800.0,4200.0
Jagung Pipil Kering,2023-01-31,3800.0,4200.0
Jagung Pipil Kering,2023-02-01,3800.0,4200.0
Jagung Pipil Kering,2023-02-02,3800.0,4200.0
Jagung Pipil Kering,2023-02-03,3800.0,4200.0
Jagung Pipil Kering,2023-02-04,3800.0,4200.0
Jagung Pipil Kering,2023-02-05,3800.0,4200.0
Jagung Pipil Kering,2023-02-06,3900.0,4300.0
Jagung Pipil Kering,2023-02-07,3900.0,4300.0
Jagung Pipil Kering,2023-02-08,3900.0,4300.0
Jagung Pipil Kering,2023-02-09,3900.0,4300.0
Jagung Pipil Kering,2023-02-10,3900.0,4300.0
Jagung Pipil Kering,2023-02-11,3900.0,4300.0
Jagung Pipil Kering,2023-02-12,3900.0,4300.0
Jagung Pipil Kering,2023-02-13,3900.0,4300.0
Jagung Pipil Kering,2023-02-14,3900.0,4300.0
Jagung Pipil Kering,2023-02-15,3900.0,4300.0
Jagung Pipil Kering,2023-02-16,3900.0,4300.0
Jagung Pipil Kering,2023-02-17,3900.0,4300.0
Jagung Pipil Kering,2023-02-18,3900.0,4300.0
Jagung Pipil Kering,2023-02-19,3900.0,4300.0
Jagung Pipil Kering,2023-02-20,3900.0,4300.0
Jagung Pipil Kering,2023-02-21,3900.0,4300.0
Jagung Pipil Kering,2023-02-22,3900.0,4300.0
Jagung Pipil Kering,2023-02-23,4100.0,4450.0
Jagung Pipil Kering,2023-02-24,4100.0,4450.0
Jagung Pipil Kering,2023-02-25,4100.0,4450.0
Jagung Pipil Kering,2023-02-26,4100.0,4450.0
Jagung Pipil Kering,2023-02-27,4100.0,4500.0
Jagung Pipil Kering,2023-02-28,4100.0,4500.0
Jagung Pipil Kering,2023-03-01,3800.0,4200.0
Jagung Pipil Kering,2023-03-02,3800.0,4200.0
Jagung Pipil Kering,2023-03-03,3800.0,4200.0
Jagung Pipil Kering,2023-03-04,3800.0,4200.0
Jagung Pipil Kering,2023-03-05,3800.0,4200.0
Jagung Pipil Kering,2023-03-06,3800.0,4200.0
Jagung Pipil Kering,2023-03-07,3800.0,4200.0
Jagung Pipil Kering,2023-03-08,3800.0,4200.0
Jagung Pipil Kering,2023-03-09,3800.0,4200.0
Jagung Pipil Kering,2023-03-10,3800.0,4200.0
Jagung Pipil Kering,2023-03-11,3800.0,4200.0
Jagung Pipil Kering,2023-03-12,3800.0,4200.0
Jagung Pipil Kering,2023-03-13,3900.0,4300.0
Jagung Pipil Kering,2023-03-14,3900.0,4300.0
Jagung Pipil Kering,2023-03-15,3900.0,4300.0
Jagung Pipil Kering,2023-03-16,3900.0,4300.0
Jagung Pipil Kering,2023-03-17,3900.0,4300.0
Jagung Pipil Kering,2023-03-18,3900.0,4300.0
Jagung Pipil Kering,2023-03-19,3900.0,4300.0
Jagung Pipil Kering,2023-03-20,3900.0,4300.0
Jagung Pipil Kering,2023-03-21,3900.0,4300.0
Jagung Pipil Kering,2023-03-22,3900.0,4300.0
Jagung Pipil Kering,2023-03-23,3900.0,4300.0
Jagung Pipil Kering,2023-03-24,3900.0,4300.0
Jagung Pipil Kering,2023-03-25,3900.0,4300.0
Jagung Pipil Kering,2023-03-26,3900.0,4300.0
Jagung Pipil Kering,2023-03-27,4200.0,4900.0
Jagung Pipil Kering,2023-03-28,4200.0,4900.0
Jagung Pipil Kering,2023-03-29,4200.0,4900.0
Jagung Pipil Kering,2023-03-30,4200.0,4900.0
Jagung Pipil Kering,2023-03-31,4200.0,4900.0
Jagung Pipil Kering,2023-04-01,4200.0,4900.0
Jagung Pipil Kering,2023-04-02,4200.0,4900.0
Jagung Pipil Kering,2023-04-03,4200.0,4900.0
Jagung Pipil Kering,2023-04-04,4200.0,4900.0
Jagung Pipil Kering,2023-04-05,4200.0,4900.0
Jagung Pipil Kering,2023-04-06,4200.0,4900.0
Jagung Pipil Kering,2023-04-07,4200.0,4900.0
Jagung Pipil Kering,2023-04-08,4200.0,4900.0
Jagung Pipil Kering,2023-04-09,4200.0,4900.0
Jagung Pipil Kering,2023-04-10,4500.0,4900.0
Jagung Pipil Kering,2023-04-11,4500.0,4900.0
Jagung Pipil Kering,2023-04-12,4500.0,4900.0
Jagung Pipil Kering,2023-04-13,4500.0,4900.0
Jagung Pipil Kering,2023-04-14,4500.0,4900.0
Jagung Pipil Kering,2023-04-15,4500.0,4900.0
Jagung Pipil Kering,2023-04-16,4500.0,4900.0
Jagung Pipil Kering,2023-04-17,4500.0,4900.0
Jagung Pipil Kering,2023-04-18,4500.0,4900.0
Jagung Pipil Kering,2023-04-19,4500.0,4900.0
Jagung Pipil Kering,2023-04-20,4500.0,4900.0
Jagung Pipil Kering,2023-04-21,4500.0,4900.0
Jagung Pipil Kering,2023-04-22,4500.0,4900.0
Jagung Pipil Kering,2023-04-23,4500.0,4900.0
Jagung Pipil Kering,2023-04-24,4700.0,4950.0
Jagung Pipil Kering,2023-04-25,4700.0,4950.0
Jagung Pipil Kering,2023-04-26,4700.0,4950.0
Jagung Pipil Kering,2023-04-27,4700.0,4950.0
Jagung Pipil Kering,2023-04-28,4700.0,4950.0
Jagung Pipil Kering,2023-04-29,4700.0,4950.0
Jagung Pipil Kering,2023-04-30,4700.0,4950.0
Jagung Pipil Kering,2023-05-01,4700.0,4950.0
Jagung Pipil Kering,2023-05-02,4700.0,4950.0
Jagung Pipil Kering,2023-05-03,4700.0,4950.0
Jagung Pipil Kering,2023-05-04,4700.0,4950.0
Jagung Pipil Kering,2023-05-05,4700.0,4950.0
Jagung Pipil Kering,2023-05-06,4700.0,4950.0
Jagung Pipil Kering,2023-05-07,4700.0,4950.0
Jagung Pipil Kering,2023-05-08,4700.0,4950.0
Jagung Pipil Kering,2023-05-09,4700.0,4950.0
Jagung Pipil Kering,2023-05-10,4700.0,4950.0
Jagung Pipil Kering,2023-05-11,4700.0,4950.0
Jagung Pipil Kering,2023-05-12,4700.0,4950.0
Jagung Pipil Kering,2023-05-13,4700.0,4950.0
Jagung Pipil Kering,2023-05-14,4700.0,4950.0
Jagung Pipil Kering,2023-05-15,4700.0,4900.0
Jagung Pipil Kering,2023-05-16,4700.0,4900.0
Jagung Pipil Kering,2023-05-17,4700.0,4900.0
Jagung Pipil Kering,2023-05-18,4700.0,4900.0
Jagung Pipil Kering,2023-05-19,4700.0,4900.0
Jagung Pipil Kering,2023-05-20,4700.0,4900.0
Jagung Pipil Kering,2023-05-21,4700.0,4900.0
Jagung Pipil Kering,2023-05-22,4700.0,4900.0
Jagung Pipil Kering,2023-05-23,4700.0,4900.0
Jagung Pipil Kering,2023-05-24,4700.0,4900.0
Jagung Pipil Kering,2023-05-25,4700.0,4900.0
Jagung Pipil Kering,2023-05-26,4700.0,4900.0
Jagung Pipil Kering,2023-05-27,4700.0,4900.0
Jagung Pipil Kering,2023-05-28,4700.0,4900.0
Jagung Pipil Kering,2023-05-29,4700.0,4900.0
Jagung Pipil Kering,2023-05-30,4700.0,4900.0
Jagung Pipil Kering,2023-05-31,4700.0,4900.0
Jagung Pipil Kering,2023-06-01,4700.0,4900.0
Jagung Pipil Kering,2023-06-02,4700.0,4900.0
Jagung Pipil Kering,2023-06-03,4700.0,4900.0
Jagung Pipil Kering,2023-06-04,4700.0,4900.0
Jagung Pipil Kering,2023-06-05,4700.0,4900.0
Jagung Pipil Kering,2023-06-06,4700.0,4900.0
Jagung Pipil Kering,2023-06-07,4700.0,4900.0
Jagung Pipil Kering,2023-06-08,4700.0,4900.0
Jagung Pipil Kering,2023-06-09,4700.0,4900.0
Jagung Pipil Kering,2023-06-10,4700.0,4900.0
Jagung Pipil Kering,2023-06-11,4700.0,4900.0
Jagung Pipil Kering,2023-06-12,4700.0,4800.0
Jagung Pipil Kering,2023-06-13,4700.0,4800.0
Jagung Pipil Kering,2023-06-14,4700.0,4800.0
Jagung Pipil Kering,2023-06-15,4700.0,4800.0
Jagung Pipil Kering,2023-06-16,4700.0,4800.0
Jagung Pipil Kering,2023-06-17,4700.0,4800.0
Jagung Pipil Kering,2023-06-18,4700.0,4800.0
Jagung Pipil Kering,2023-06-19,4700.0,4800.0
Jagung Pipil Kering,2023-06-20,4700.0,4800.0
Jagung Pipil Kering,2023-06-21,4700.0,4800.0
Jagung Pipil Kering,2023-06-22,4700.0,4800.0
Jagung Pipil Kering,2023-06-23,4700.0,4800.0
Jagung Pipil Kering,2023-06-24,4700.0,4800.0
Jagung Pipil Kering,2023-06-25,4700.0,4800.0
Jagung Pipil Kering,2023-06-26,4700.0,4800.0
Jagung Pipil Kering,2023-06-27,4700.0,4800.0
Jagung Pipil Kering,2023-06-28,4700.0,4800.0
Jagung Pipil Kering,2023-06-29,4700.0,4800.0
Jagung Pipil Kering,2023-06-30,4700.0,4800.0
Jagung Pipil Kering,2023-07-01,4700.0,4800.0
Jagung Pipil Kering,2023-07-02,4700.0,4800.0
Jagung Pipil Kering,2023-07-03,4700.0,4800.0
Jagung Pipil Kering,2023-07-04,4700.0,4800.0
Jagung Pipil Kering,2023-07-05,4700.0,4800.0
Jagung Pipil Kering,2023-07-06,4700.0,4800.0
Jagung Pipil Kering,2023-07-07,4700.0,4800.0
Jagung Pipil Kering,2023-07-08,4700.0,4800.0
Jagung Pipil Kering,2023-07-09,4700.0,4800.0
Jagung Pipil Kering,2023-07-10,4700.0,4800.0
Jagung Pipil Kering,2023-07-11,4700.0,4800.0
Jagung Pipil Kering,2023-07-12,4700.0,4800.0
Jagung Pipil Kering,2023-07-13,4700.0,4800.0
Jagung Pipil Kering,2023-07-14,4700.0,4800.0
Jagung Pipil Kering,2023-07-15,4700.0,4800.0
Jagung Pipil Kering,2023-07-16,4700.0,4800.0
Jagung Pipil Kering,2023-07-17,4700.0,4800.0
Jagung Pipil Kering,2023-07-18,4700.0,4800.0
Jagung Pipil Kering,2023-07-19,4700.0,4800.0
Jagung Pipil Kering,2023-07-20,4700.0,4800.0
Jagung Pipil Kering,2023-07-21,4700.0,4800.0
Jagung Pipil Kering,2023-07-22,4700.0,4800.0
Jagung Pipil Kering,2023-07-23,4700.0,4800.0
Jagung Pipil Kering,2023-07-24,4700.0,4800.0
Jagung Pipil Kering,2023-07-25,4700.0,4800.0
Jagung Pipil Kering,2023-07-26,4700.0,4800.0
Jagung Pipil Kering,2023-07-27,4700.0,4800.0
Jagung Pipil Kering,2023-07-28,4700.0,4800.0
Jagung Pipil Kering,2023-07-29,4700.0,4800.0
Jagung Pipil Kering,2023-07-30,4700.0,4800.0
Jagung Pipil Kering,2023-07-31,4700.0,4800.0
Jagung Pipil Kering,2023-08-01,4700.0,4800.0
Jagung Pipil Kering,2023-08-02,4700.0,4800.0
Jagung Pipil Kering,2023-08-03,4700.0,4800.0
Jagung Pipil Kering,2023-08-04,4700.0,4800.0
Jagung Pipil Kering,2023-08-05,4700.0,4800.0
Jagung Pipil Kering,2023-08-06,4700.0,4800.0
Jagung Pipil Kering,2023-08-07,4700.0,4800.0
Jagung Pipil Kering,2023-08-08,4700.0,4800.0
Jagung Pipil Kering,2023-08-09,4700.0,4800.0
Jagung Pipil Kering,2023-08-10,4700.0,4800.0
Jagung Pipil Kering,2023-08-11,4700.0,4800.0
Jagung Pipil Kering,2023-08-12,4700.0,4800.0
Jagung Pipil Kering,2023-08-13,4700.0,4800.0
Jagung Pipil Kering,2023-08-14,4800.0,5000.0
Jagung Pipil Kering,2023-08-15,4800.0,5000.0
Jagung Pipil Kering,2023-08-16,4800.0,5000.0
Jagung Pipil Kering,2023-08-17,4800.0,5000.0
Jagung Pipil Kering,2023-08-18,4800.0,5000.0
Jagung Pipil Kering,2023-08-19,4800.0,5000.0
Jagung Pipil Kering,2023-08-20,4800.0,5000.0
Jagung Pipil Kering,2023-08-21,4800.0,5000.0
Jagung Pipil Kering,2023-08-22,4800.0,5000.0
Jagung Pipil Kering,2023-08-23,4800.0,5000.0
Jagung Pipil Kering,2023-08-24,4800.0,5000.0
Jagung Pipil Kering,2023-08-25,4800.0,5000.0
Jagung Pipil Kering,2023-08-26,4800.0,5000.0
Jagung Pipil Kering,2023-08-27,4800.0,5000.0
Jagung Pipil Kering,2023-08-28,5000.0,5200.0
Jagung Pipil Kering,2023-08-29,5000.0,5200.0
Jagung Pipil Kering,2023-08-30,5000.0,5200.0
Jagung Pipil Kering,2023-08-31,5000.0,5200.0
Jagung Pipil Kering,2023-09-01,5000.0,5200.0
Jagung Pipil Kering,2023-09-02,5000.0,5200.0
Jagung Pipil Kering,2023-09-03,5000.0,5200.0
Jagung Pipil Kering,2023-09-04,5400.0,5700.0
Jagung Pipil Kering,2023-09-05,5400.0,5700.0
Jagung Pipil Kering,2023-09-06,5400.0,5700.0
Jagung Pipil Kering,2023-09-07,5400.0,5700.0
Jagung Pipil Kering,2023-09-08,5400.0,5700.0
Jagung Pipil Kering,2023-09-09,5400.0,5700.0
Jagung Pipil Kering,2023-09-10,5400.0,5700.0
Jagung Pipil Kering,2023-09-11,5400.0,5700.0
Jagung Pipil Kering,2023-09-12,5400.0,5700.0
Jagung Pipil Kering,2023-09-13,5400.0,5700.0
Jagung Pipil Kering,2023-09-14,5400.0,5700.0
Jagung Pipil Kering,2023-09-15,5400.0,5700.0
Jagung Pipil Kering,2023-09-16,5400.0,5700.0
Jagung Pipil Kering,2023-09-17,5400.0,5700.0
Jagung Pipil Kering,2023-09-18,5500.0,5800.0
Jagung Pipil Kering,2023-09-19,5500.0,5800.0
Jagung Pipil Kering,2023-09-20,5500.0,5800.0
Jagung Pipil Kering,2023-09-21,5500.0,5800.0
Jagung Pipil Kering,2023-09-22,5500.0,5800.0
Jagung Pipil Kering,2023-09-23,5500.0,5800.0
Jagung Pipil Kering,2023-09-24,5500.0,5800.0
Jagung Pipil Kering,2023-09-25,5500.0,5800.0
Jagung Pipil Kering,2023-09-26,5500.0,5800.0
Jagung Pipil Kering,2023-09-27,5500.0,5800.0
Jagung Pipil Kering,2023-09-28,5500.0,5800.0
Jagung Pipil Kering,2023-09-29,5500.0,5800.0
Jagung Pipil Kering,2023-09-30,5500.0,5800.0
Jagung Pipil Kering,2023-10-01,5500.0,5800.0
Jagung Pipil Kering,2023-10-02,5500.0,5800.0
Jagung Pipil Kering,2023-10-03,5500.0,5800.0
Jagung Pipil Kering,2023-10-04,5500.0,5800.0
Jagung Pipil Kering,2023-10-05,5500.0,5800.0
Jagung Pipil Kering,2023-10-06,5500.0,5800.0
Jagung Pipil Kering,2023-10-07,5500.0,5800.0
Jagung Pipil Kering,2023-10-08,5500.0,5800.0
Jagung Pipil Kering,2023-10-09,5500.0,5800.0
Jagung Pipil Kering,2023-10-10,5500.0,5800.0
Jagung Pipil Kering,2023-10-11,5500.0,5800.0
Jagung Pipil Kering,2023-10-12,5500.0,5800.0
Jagung Pipil Kering,2023-10-13,5500.0,5800.0
Jagung Pipil Kering,2023-10-14,5500.0,5800.0
Jagung Pipil Kering,2023-10-15,5500.0,5800.0
Jagung Pipil Kering,2023-10-16,5500.0,5700.0
Jagung Pipil Kering,2023-10-17,5500.0,5700.0
Jagung Pipil Kering,2023-10-18,5500.0,5700.0
Jagung Pipil Kering,2023-10-19,5500.0,5700.0
Jagung Pipil Kering,2023-10-20,5500.0,5700.0
Jagung Pipil Kering,2023-10-21,5500.0,5700.0
Jagung Pipil Kering,2023-10-22,5500.0,5700.0
Jagung Pipil Kering,2023-10-23,5500.0,5700.0
Jagung Pipil Kering,2023-10-24,5500.0,5700.0
Jagung Pipil Kering,2023-10-25,5500.0,5700.0
Jagung Pipil Kering,2023-10-26,5500.0,5700.0
Jagung Pipil Kering,2023-10-27,5500.0,5700.0
Jagung Pipil Kering,2023-10-28,5500.0,5700.0
Jagung Pipil Kering,2023-10-29,5500.0,5700.0
Jagung Pipil Kering,2023-10-30,5500.0,5900.0
Jagung Pipil Kering,2023-10-31,5500.0,5900.0
Jagung Pipil Kering,2023-11-01,5500.0,5900.0
Jagung Pipil Kering,2023-11-02,5500.0,5900.0
Jagung Pipil Kering,2023-11-03,5500.0,5900.0
Jagung Pipil Kering,2023-11-04,5500.0,5900.0
Jagung Pipil Kering,2023-11-05,5500.0,5900.0
Jagung Pipil Kering,2023-11-06,5500.0,6000.0
Jagung Pipil Kering,2023-11-07,5500.0,6000.0
Jagung Pipil Kering,2023-11-08,5500.0,6000.0
Jagung Pipil Kering,2023-11-09,5500.0,6000.0
Jagung Pipil Kering,2023-11-10,5500.0,6000.0
Jagung Pipil Kering,2023-11-11,5500.0,6000.0
Jagung Pipil Kering,2023-11-12,5500.0,6000.0
Jagung Pipil Kering,2023-11-13,5500.0,6000.0
Jagung Pipil Kering,2023-11-14,5500.0,6000.0
Jagung Pipil Kering,2023-11-15,5500.0,6000.0
Jagung Pipil Kering,2023-11-16,5500.0,6000.0
Jagung Pipil Kering,2023-11-17,5500.0,6000.0
Jagung Pipil Kering,2023-11-18,5500.0,6000.0
Jagung Pipil Kering,2023-11-19,5500.0,6000.0
Jagung Pipil Kering,2023-11-20,5500.0,6000.0
Jagung Pipil Kering,2023-11-21,5500.0,6000.0
Jagung Pipil Kering,2023-11-22,5500.0,6000.0
Jagung Pipil Kering,2023-11-23,5500.0,6000.0
Jagung Pipil Kering,2023-11-24,5500.0,6000.0
Jagung Pipil Kering,2023-11-25,5500.0,6000.0
Jagung Pipil Kering,2023-11-26,5500.0,6000.0
Jagung Pipil Kering,2023-11-27,5700.0,5900.0
Jagung Pipil Kering,2023-11-28,5700.0,5900.0
Jagung Pipil Kering,2023-11-29,5700.0,5900.0
Jagung Pipil Kering,2023-11-30,5700.0,5900.0
Jagung Pipil Kering,2023-12-01,5700.0,5900.0
Jagung Pipil Kering,2023-12-02,5700.0,5900.0
Jagung Pipil Kering,2023-12-03,5700.0,5900.0
Jagung Pipil Kering,2023-12-04,5700.0,5900.0
Jagung Pipil Kering,2023-12-05,5700.0,5900.0
Jagung Pipil Kering,2023-12-06,5700.0,5900.0
Jagung Pipil Kering,2023-12-07,5700.0,5900.0
Jagung Pipil Kering,2023-12-08,5700.0,5900.0
Jagung Pipil Kering,2023-12-09,5700.0,5900.0
Jagung Pipil Kering,2023-12-10,5700.0,5900.0
Jagung Pipil Kering,2023-12-11,5700.0,5900.0
Jagung Pipil Kering,2023-12-12,5700.0,5900.0
Jagung Pipil Kering,2023-12-13,5700.0,5900.0
Jagung Pipil Kering,2023-12-14,5700.0,5900.0
Jagung Pipil Kering,2023-12-15,5700.0,5900.0
Jagung Pipil Kering,2023-12-16,5700.0,5900.0
Jagung Pipil Kering,2023-12-17,5700.0,5900.0
Jagung Pipil Kering,2023-12-18,5700.0,5900.0
Jagung Pipil Kering,2023-12-19,5700.0,5900.0
Jagung Pipil Kering,2023-12-20,5700.0,5900.0
Jagung Pipil Kering,2023-12-21,5700.0,5900.0
Jagung Pipil Kering,2023-12-22,5700.0,5900.0
Jagung Pipil Kering,2023-12-23,5700.0,5900.0
Jagung Pipil Kering,2023-12-24,5700.0,5900.0
Jagung Pipil Kering,2023-12-25,5700.0,5900.0
Jagung Pipil Kering,2023-12-26,5700.0,6000.0
Jagung Pipil Kering,2023-12-27,5700.0,6000.0
Jagung Pipil Kering,2023-12-28,5700.0,6000.0
Jagung Pipil Kering,2023-12-29,5700.0,6000.0
Jagung Pipil Kering,2023-12-30,5700.0,6000.0
Jagung Pipil Kering,2023-12-31,5700.0,6000.0
Jagung Pipil Kering,2024-01-01,5700.0,6000.0
Jagung Pipil Kering,2024-01-02,5700.0,6000.0
Jagung Pipil Kering,2024-01-03,5700.0,6000.0
Jagung Pipil Kering,2024-01-04,5700.0,6000.0
Jagung Pipil Kering,2024-01-05,5700.0,6000.0
Jagung Pipil Kering,2024-01-06,5700.0,6000.0
Jagung Pipil Kering,2024-01-07,5700.0,6000.0
Jagung Pipil Kering,2024-01-08,5700.0,6000.0
Jagung Pipil Kering,2024-01-09,5700.0,6000.0
Jagung Pipil Kering,2024-01-10,5700.0,6000.0
Jagung Pipil Kering,2024-01-11,5700.0,6000.0
Jagung Pipil Kering,2024-01-12,5700.0,6000.0
Jagung Pipil Kering,2024-01-13,5700.0,6000.0
Jagung Pipil Kering,2024-01-14,5700.0,6000.0
Jagung Pipil Kering,2024-01-15,5700.0,6000.0
Jagung Pipil Kering,2024-01-16,5700.0,6000.0
Jagung Pipil Kering,2024-01-17,5700.0,6000.0
Jagung Pipil Kering,2024-01-18,5700.0,6000.0
Jagung Pipil Kering,2024-01-19,5700.0,6000.0
Jagung Pipil Kering,2024-01-20,5700.0,6000.0
Jagung Pipil Kering,2024-01-21,5700.0,6000.0
Jagung Pipil Kering,2024-01-22,5700.0,6000.0
Jagung Pipil Kering,2024-01-23,5700.0,6000.0
Jagung Pipil Kering,2024-01-24,5700.0,6000.0
Jagung Pipil Kering,2024-01-25,5700.0,6000.0
Jagung Pipil Kering,2024-01-26,5700.0,6000.0
Jagung Pipil Kering,2024-01-27,5700.0,6000.0
Jagung Pipil Kering,2024-01-28,5700.0,6000.0
Jagung Pipil Kering,2024-01-29,5700.0,6000.0
Jagung Pipil Kering,2024-01-30,5700.0,6000.0
Jagung Pipil Kering,2024-01-31,5700.0,6000.0
Jagung Pipil Kering,2024-02-01,8000.0,8500.0
Jagung Pipil Kering,2024-02-02,8000.0,8500.0
Jagung Pipil Kering,2024-02-03,8000.0,8500.0
Jagung Pipil Kering,2024-02-04,8000.0,8500.0
Jagung Pipil Kering,2024-02-05,8000.0,8500.0
Jagung Pipil Kering,2024-02-06,8000.0,8500.0
Jagung Pipil Kering,2024-02-07,8000.0,8500.0
Jagung Pipil Kering,2024-02-08,8000.0,8500.0
Jagung Pipil Kering,2024-02-09,8000.0,8500.0
Jagung Pipil Kering,2024-02-10,8000.0,8500.0
Jagung Pipil Kering,2024-02-11,8000.0,8500.0
Jagung Pipil Kering,2024-02-12,8000.0,8500.0
Jagung Pipil Kering,2024-02-13,8000.0,8500.0
Jagung Pipil Kering,2024-02-14,8000.0,8500.0
Jagung Pipil Kering,2024-02-15,8000.0,8500.0
Jagung Pipil Kering,2024-02-16,8000.0,8500.0
Jagung Pipil Kering,2024-02-17,8000.0,8500.0
Jagung Pipil Kering,2024-02-18,8000.0,8500.0
Jagung Pipil Kering,2024-02-19,8000.0,8500.0
Jagung Pipil Kering,2024-02-20,8000.0,8500.0
Jagung Pipil Kering,2024-02-21,8000.0,8500.0
Jagung Pipil Kering,2024-02-22,8000.0,8500.0
Jagung Pipil Kering,2024-02-23,8000.0,8500.0
Jagung Pipil Kering,2024-02-24,8000.0,8500.0
Jagung Pipil Kering,2024-02-25,8000.0,8500.0
Jagung Pipil Kering,2024-02-26,8000.0,8500.0
Jagung Pipil Kering,2024-02-27,8000.0,8500.0
Jagung Pipil Kering,2024-02-28,8000.0,8500.0
Jagung Pipil Kering,2024-02-29,8000.0,8500.0
Jagung Pipil Kering,2024-03-01,8000.0,8500.0
Jagung Pipil Kering,2024-03-02,8000.0,8500.0
Jagung Pipil Kering,2024-03-03,8000.0,8500.0
Jagung Pipil Kering,2024-03-04,8000.0,8500.0
Jagung Pipil Kering,2024-03-05,8000.0,8500.0
Jagung Pipil Kering,2024-03-06,8000.0,8500.0
Jagung Pipil Kering,2024-03-07,8000.0,8500.0
Jagung Pipil Kering,2024-03-08,5000.0,8500.0
Jagung Pipil Kering,2024-03-09,5000.0,8500.0
Jagung Pipil Kering,2024-03-10,5000.0,8500.0
Jagung Pipil Kering,2024-03-11,5000.0,8500.0
Jagung Pipil Kering,2024-03-12,3800.0,8500.0
Jagung Pipil Kering,2024-03-13,3800.0,8500.0
Jagung Pipil Kering,2024-03-14,3800.0,8500.0
Jagung Pipil Kering,2024-03-15,3800.0,8500.0
Jagung Pipil Kering,2024-03-16,3800.0,8500.0
Jagung Pipil Kering,2024-03-17,3800.0,8500.0
Jagung Pipil Kering,2024-03-18,4100.0,8500.0
Jagung Pipil Kering,2024-03-19,4100.0,8500.0
Jagung Pipil Kering,2024-03-20,4100.0,8500.0
Jagung Pipil Kering,2024-03-21,4100.0,8500.0
Jagung Pipil Kering,2024-03-22,4100.0,8500.0
Jagung Pipil Kering,2024-03-23,4100.0,8500.0
Jagung Pipil Kering,2024-03-24,4100.0,8500.0
Jagung Pipil Kering,2024-03-25,4500.0,8500.0
Jagung Pipil Kering,2024-03-26,4500.0,8500.0
Jagung Pipil Kering,2024-03-27,4500.0,8500.0
Jagung Pipil Kering,2024-03-28,4500.0,8500.0
Jagung Pipil Kering,2024-03-29,4500.0,8500.0
Jagung Pipil Kering,2024-03-30,4500.0,8500.0
Jagung Pipil Kering,2024-03-31,4500.0,8500.0
Jagung Pipil Kering,2024-04-01,4500.0,4850.0
Jagung Pipil Kering,2024-04-02,4500.0,4700.0
Jagung Pipil Kering,2024-04-03,4500.0,4700.0
Jagung Pipil Kering,2024-04-04,4500.0,4700.0
Jagung Pipil Kering,2024-04-05,4500.0,4700.0
Jagung Pipil Kering,2024-04-06,4500.0,4700.0
Jagung Pipil Kering,2024-04-07,4500.0,4700.0
Jagung Pipil Kering,2024-04-08,4500.0,4700.0
Jagung Pipil Kering,2024-04-09,4500.0,4700.0
Jagung Pipil Kering,2024-04-10,4500.0,4700.0
Jagung Pipil Kering,2024-04-11,4500.0,4700.0
Jagung Pipil Kering,2024-04-12,4500.0,4700.0
Jagung Pipil Kering,2024-04-13,4500.0,4700.0
Jagung Pipil Kering,2024-04-14,4500.0,4700.0
Jagung Pipil Kering,2024-04-15,4500.0,4700.0
Jagung Pipil Kering,2024-04-16,4000.0,4200.0
Jagung Pipil Kering,2024-04-17,4000.0,4200.0
Jagung Pipil Kering,2024-04-18,4000.0,4200.0
Jagung Pipil Kering,2024-04-19,4000.0,4200.0
Jagung Pipil Kering,2024-04-20,4000.0,4200.0
Jagung Pipil Kering,2024-04-21,4000.0,4200.0
Jagung Pipil Kering,2024-04-22,4000.0,4200.0
Jagung Pipil Kering,2024-04-23,4000.0,4200.0
Jagung Pipil Kering,2024-04-24,4000.0,4200.0
Jagung Pipil Kering,2024-04-25,4000.0,4200.0
Jagung Pipil Kering,2024-04-26,4000.0,4200.0
Jagung Pipil Kering,2024-04-27,4000.0,4200.0
Jagung Pipil Kering,2024-04-28,4000.0,4200.0
Jagung Pipil Kering,2024-04-29,4150.0,4250.0
Jagung Pipil Kering,2024-04-30,4150.0,4250.0
Jagung Pipil Kering,2024-05-01,4150.0,4250.0
Jagung Pipil Kering,2024-05-02,4150.0,4250.0
Jagung Pipil Kering,2024-05-03,4150.0,4250.0
Jagung Pipil Kering,2024-05-04,4150.0,4250.0
Jagung Pipil Kering,2024-05-05,4150.0,4250.0
Jagung Pipil Kering,2024-05-06,4000.0,4300.0
Jagung Pipil Kering,2024-05-07,4000.0,4300.0
Jagung Pipil Kering,2024-05-08,4000.0,4300.0
Jagung Pipil Kering,2024-05-09,4000.0,4300.0
Jagung Pipil Kering,2024-05-10,4000.0,4300.0
Jagung Pipil Kering,2024-05-11,4000.0,4300.0
Jagung Pipil Kering,2024-05-12,4000.0,4300.0
Jagung Pipil Kering,2024-05-13,3900.0,4000.0
Jagung Pipil Kering,2024-05-14,3900.0,4000.0
Jagung Pipil Kering,2024-05-15,3600.0,3900.0
Jagung Pipil Kering,2024-05-16,3600.0,3900.0
Jagung Pipil Kering,2024-05-17,3600.0,3900.0
Jagung Pipil Kering,2024-05-18,3600.0,3900.0
Jagung Pipil Kering,2024-05-19,3600.0,3900.0
Jagung Pipil Kering,2024-05-20,3750.0,3750.0
Jagung Pipil Kering,2024-05-21,3750.0,3750.0
Jagung Pipil Kering,2024-05-22,3750.0,3750.0
Jagung Pipil Kering,2024-05-23,3750.0,3750.0
Jagung Pipil Kering,2024-05-24,3750.0,3750.0
Jagung Pipil Kering,2024-05-25,3750.0,3750.0
Jagung Pipil Kering,2024-05-26,3750.0,3750.0
Jagung Pipil Kering,2024-05-27,3750.0,3750.0
Jagung Pipil Kering,2024-05-28,3750.0,3750.0
Jagung Pipil Kering,2024-05-29,3750.0,3750.0
Jagung Pipil Kering,2024-05-30,3750.0,3750.0
Jagung Pipil Kering,2024-05-31,3750.0,3750.0
Jagung Pipil Kering,2024-06-01,3750.0,3750.0
Jagung Pipil Kering,2024-06-02,3750.0,3750.0
Jagung Pipil Kering,2024-06-03,3750.0,3800.0
Jagung Pipil Kering,2024-06-04,3750.0,3800.0
Jagung Pipil Kering,2024-06-05,3750.0,3800.0
Jagung Pipil Kering,2024-06-06,3750.0,3800.0
Jagung Pipil Kering,2024-06-07,3750.0,3800.0
Jagung Pipil Kering,2024-06-08,3750.0,3800.0
Jagung Pipil Kering,2024-06-09,3750.0,3800.0
Jagung Pipil Kering,2024-06-10,3750.0,3800.0
Jagung Pipil Kering,2024-06-11,3750.0,3800.0
Jagung Pipil Kering,2024-06-12,3750.0,3800.0
Jagung Pipil Kering,2024-06-13,3750.0,3800.0
Jagung Pipil Kering,2024-06-14,3750.0,3800.0
Jagung Pipil Kering,2024-06-15,3750.0,3800.0
Jagung Pipil Kering,2024-06-16,3750.0,3800.0
Jagung Pipil Kering,2024-06-17,3750.0,3800.0
Jagung Pipil Kering,2024-06-18,3750.0,3800.0
Jagung Pipil Kering,2024-06-19,3750.0,3800.0
Jagung Pipil Kering,2024-06-20,3750.0,3800.0
Jagung Pipil Kering,2024-06-21,3750.0,3800.0
Jagung Pipil Kering,2024-06-22,3750.0,3800.0
Jagung Pipil Kering,2024-06-23,3750.0,3800.0
Jagung Pipil Kering,2024-06-24,3750.0,3800.0
Jagung Pipil Kering,2024-06-25,3750.0,3800.0
Jagung Pipil Kering,2024-06-26,3750.0,3800.0
Jagung Pipil Kering,2024-06-27,3750.0,3800.0
Jagung Pipil Kering,2024-06-28,3750.0,3800.0
Jagung Pipil Kering,2024-06-29,3550.0,3800.0
Jagung Pipil Kering,2024-06-30,3550.0,3800.0
Jagung Pipil Kering,2024-07-01,3550.0,3800.0
Jagung Pipil Kering,2024-07-02,3550.0,3800.0
Jagung Pipil Kering,2024-07-03,3550.0,3700.0
Jagung Pipil Kering,2024-07-04,3550.0,3700.0
Jagung Pipil Kering,2024-07-05,3550.0,3700.0
Jagung Pipil Kering,2024-07-06,3550.0,3700.0
Jagung Pipil Kering,2024-07-07,3550.0,3700.0
Jagung Pipil Kering,2024-07-08,3550.0,3700.0
Jagung Pipil Kering,2024-07-09,3550.0,3700.0
Jagung Pipil Kering,2024-07-10,3550.0,3700.0
Jagung Pipil Kering,2024-07-11,3550.0,3700.0
Jagung Pipil Kering,2024-07-12,3550.0,3700.0
Jagung Pipil Kering,2024-07-13,3550.0,3700.0
Jagung Pipil Kering,2024-07-14,3550.0,3700.0
Jagung Pipil Kering,2024-07-15,3550.0,3700.0
Jagung Pipil Kering,2024-07-16,3550.0,3700.0
Jagung Pipil Kering,2024-07-17,3550.0,3700.0
Jagung Pipil Kering,2024-07-18,3550.0,3700.0
Jagung Pipil Kering,2024-07-19,3550.0,3700.0
Jagung Pipil Kering,2024-07-20,3550.0,3700.0
Jagung Pipil Kering,2024-07-21,3550.0,3700.0
Jagung Pipil Kering,2024-07-22,3400.0,3800.0
Jagung Pipil Kering,2024-07-23,3400.0,3800.0
Jagung Pipil Kering,2024-07-24,3400.0,3800.0
Jagung Pipil Kering,2024-07-25,3400.0,3800.0
Jagung Pipil Kering,2024-07-26,3400.0,3800.0
Jagung Pipil Kering,2024-07-27,3400.0,3800.0
Jagung Pipil Kering,2024-07-28,3400.0,3800.0
Jagung Pipil Kering,2024-07-29,3400.0,3900.0
Jagung Pipil Kering,2024-07-30,3400.0,3900.0
Jagung Pipil Kering,2024-07-31,3400.0,3900.0
Jagung Pipil Kering,2024-08-01,3400.0,3900.0
Jagung Pipil Kering,2024-08-02,3400.0,3900.0
Jagung Pipil Kering,2024-08-03,3400.0,3900.0
Jagung Pipil Kering,2024-08-04,3400.0,3900.0
Jagung Pipil Kering,2024-08-05,3900.0,4000.0
Jagung Pipil Kering,2024-08-06,3900.0,4000.0
Jagung Pipil Kering,2024-08-07,3900.0,4000.0
Jagung Pipil Kering,2024-08-08,3900.0,4000.0
Jagung Pipil Kering,2024-08-09,3900.0,4000.0
Jagung Pipil Kering,2024-08-10,3900.0,4000.0
Jagung Pipil Kering,2024-08-11,3900.0,4000.0
Jagung Pipil Kering,2024-08-12,4400.0,4700.0
Jagung Pipil Kering,2024-08-13,4400.0,4700.0
Jagung Pipil Kering,2024-08-14,4400.0,4700.0
Jagung Pipil Kering,2024-08-15,4400.0,4700.0
Jagung Pipil Kering,2024-08-16,4400.0,4700.0
Jagung Pipil Kering,2024-08-17,4400.0,4700.0
Jagung Pipil Kering,2024-08-18,4400.0,4700.0
Jagung Pipil Kering,2024-08-19,4600.0,4900.0
Jagung Pipil Kering,2024-08-20,4600.0,4900.0
Jagung Pipil Kering,2024-08-21,4600.0,4900.0
Jagung Pipil Kering,2024-08-22,4600.0,4900.0
Jagung Pipil Kering,2024-08-23,4600.0,4900.0
Jagung Pipil Kering,2024-08-24,4600.0,4900.0
Jagung Pipil Kering,2024-08-25,4600.0,4900.0
Jagung Pipil Kering,2024-08-26,4600.0,4900.0
Jagung Pipil Kering,2024-08-27,4600.0,4900.0
Jagung Pipil Kering,2024-08-28,4600.0,4900.0
Jagung Pipil Kering,2024-08-29,4600.0,4900.0
Jagung Pipil Kering,2024-08-30,4600.0,4900.0
Jagung Pipil Kering,2024-08-31,4600.0,4900.0
Jagung Pipil Kering,2024-09-01,4600.0,4900.0
Jagung Pipil Kering,2024-09-02,4600.0,4900.0
Jagung Pipil Kering,2024-09-03,4600.0,4900.0
Jagung Pipil Kering,2024-09-04,4600.0,4900.0
Jagung Pipil Kering,2024-09-05,4600.0,4900.0
Jagung Pipil Kering,2024-09-06,4400.0,4700.0
Jagung Pipil Kering,2024-09-07,4400.0,4700.0
Jagung Pipil Kering,2024-09-08,4400.0,4700.0
Jagung Pipil Kering,2024-09-09,4400.0,4700.0
Jagung Pipil Kering,2024-09-10,4500.0,4700.0
Jagung Pipil Kering,2024-09-11,4500.0,4700.0
Jagung Pipil Kering,2024-09-12,4500.0,4700.0
Jagung Pipil Kering,2024-09-13,4500.0,4700.0
Jagung Pipil Kering,2024-09-14,4500.0,4700.0
Jagung Pipil Kering,2024-09-15,4500.0,4700.0
Jagung Pipil Kering,2024-09-16,4500.0,4700.0
Jagung Pipil Kering,2024-09-17,4500.0,4700.0
Jagung Pipil Kering,2024-09-18,4550.0,4550.0
Jagung Pipil Kering,2024-09-19,4550.0,4550.0
Jagung Pipil Kering,2024-09-20,4550.0,4550.0
Jagung Pipil Kering,2024-09-21,4550.0,4550.0
Jagung Pipil Kering,2024-09-22,4550.0,4550.0
Jagung Pipil Kering,2024-09-23,4300.0,4550.0
Jagung Pipil Kering,2024-09-24,4300.0,4550.0
Jagung Pipil Kering,2024-09-25,4300.0,4550.0
Jagung Pipil Kering,2024-09-26,4300.0,4550.0
Jagung Pipil Kering,2024-09-27,4300.0,4550.0
Jagung Pipil Kering,2024-09-28,4300.0,4550.0
Jagung Pipil Kering,2024-09-29,4300.0,4550.0
Jagung Pipil Kering,2024-09-30,4300.0,4550.0
Jagung Pipil Kering,2024-10-01,4300.0,4550.0
Jagung Pipil Kering,2024-10-02,4300.0,4550.0
Jagung Pipil Kering,2024-10-03,4300.0,4550.0
Jagung Pipil Kering,2024-10-04,4300.0,4550.0
Jagung Pipil Kering,2024-10-05,4300.0,4550.0
Jagung Pipil Kering,2024-10-06,4300.0,4550.0
Jagung Pipil Kering,2024-10-07,4300.0,4550.0
Jagung Pipil Kering,2024-10-08,4300.0,4550.0
Jagung Pipil Kering,2024-10-09,4300.0,4550.0
Jagung Pipil Kering,2024-10-10,4300.0,4550.0
Jagung Pipil Kering,2024-10-11,4300.0,4550.0
Jagung Pipil Kering,2024-10-12,4300.0,4550.0
Jagung Pipil Kering,2024-10-13,4300.0,4550.0
Jagung Pipil Kering,2024-10-14,4000.0,4100.0
Jagung Pipil Kering,2024-10-15,4000.0,4100.0
Jagung Pipil Kering,2024-10-16,4000.0,4100.0
Jagung Pipil Kering,2024-10-17,4000.0,4100.0
Jagung Pipil Kering,2024-10-18,4000.0,4000.0
Jagung Pipil Kering,2024-10-19,4000.0,4000.0
Jagung Pipil Kering,2024-10-20,4000.0,4000.0
Jagung Pipil Kering,2024-10-21,4000.0,4000.0
Jagung Pipil Kering,2024-10-22,4000.0,4000.0
Jagung Pipil Kering,2024-10-23,4000.0,4000.0
Jagung Pipil Kering,2024-10-24,4000.0,4000.0
Jagung Pipil Kering,2024-10-25,4000.0,4000.0
Jagung Pipil Kering,2024-10-26,4000.0,4000.0
Jagung Pipil Kering,2024-10-27,4000.0,4000.0
Jagung Pipil Kering,2024-10-28,4000.0,4000.0
Jagung Pipil Kering,2024-10-29,4000.0,4000.0
Jagung Pipil Kering,2024-10-30,3900.0,4050.0
Jagung Pipil Kering,2024-10-31,3900.0,4050.0
Jagung Pipil Kering,2024-11-01,3900.0,4050.0
Jagung Pipil Kering,2024-11-02,3900.0,4050.0
Jagung Pipil Kering,2024-11-03,3900.0,4050.0
Jagung Pipil Kering,2024-11-04,3900.0,4050.0
Jagung Pipil Kering,2024-11-05,3900.0,4050.0
Jagung Pipil Kering,2024-11-06,3900.0,4050.0
Jagung Pipil Kering,2024-11-07,3900.0,4050.0
Jagung Pipil Kering,2024-11-08,3900.0,4050.0
Jagung Pipil Kering,2024-11-09,3900.0,4050.0
Jagung Pipil Kering,2024-11-10,3900.0,4050.0
Jagung Pipil Kering,2024-11-11,3900.0,4050.0
Jagung Pipil Kering,2024-11-12,3900.0,4050.0
Jagung Pipil Kering,2024-11-13,3900.0,4050.0
Jagung Pipil Kering,2024-11-14,3900.0,4050.0
Jagung Pipil Kering,2024-11-15,3900.0,4050.0
Jagung Pipil Kering,2024-11-16,3900.0,4050.0
Jagung Pipil Kering,2024-11-17,3900.0,4050.0
Jagung Pipil Kering,2024-11-18,3900.0,4050.0
Jagung Pipil Kering,2024-11-19,3900.0,4050.0
Jagung Pipil Kering,2024-11-20,3900.0,4050.0
Jagung Pipil Kering,2024-11-21,3900.0,4050.0
Jagung Pipil Kering,2024-11-22,3900.0,4050.0
Jagung Pipil Kering,2024-11-23,3900.0,4050.0
Jagung Pipil Kering,2024-11-24,3900.0,4050.0
Jagung Pipil Kering,2024-11-25,3900.0,4050.0
Jagung Pipil Kering,2024-11-26,3900.0,4050.0
Jagung Pipil Kering,2024-11-27,3900.0,4050.0
Jagung Pipil Kering,2024-11-28,3900.0,4050.0
Jagung Pipil Kering,2024-11-29,3900.0,4050.0
Jagung Pipil Kering,2024-11-30,3900.0,4050.0
Kacang Hijau,2022-01-01,15000.0,17000.0
Kacang Hijau,2022-01-02,15000.0,17000.0
Kacang Hijau,2022-01-03,15000.0,17000.0
Kacang Hijau,2022-01-04,15000.0,17000.0
Kacang Hijau,2022-01-05,15000.0,17000.0
Kacang Hijau,2022-01-06,15000.0,17000.0
Kacang Hijau,2022-01-07,15000.0,17000.0
Kacang Hijau,2022-01-08,15000.0,17000.0
Kacang Hijau,2022-01-09,15000.0,17000.0
Kacang Hijau,2022-01-10,15000.0,17000.0
Kacang Hijau,2022-01-11,15000.0,17000.0
Kacang Hijau,2022-01-12,15000.0,17000.0
Kacang Hijau,2022-01-13,15000.0,17000.0
Kacang Hijau,2022-01-14,15000.0,17000.0
Kacang Hijau,2022-01-15,15000.0,17000.0
Kacang Hijau,2022-01-16,15000.0,17000.0
Kacang Hijau,2022-01-17,15000.0,17000.0
Kacang Hijau,2022-01-18,15000.0,17000.0
Kacang Hijau,2022-01-19,15000.0,17000.0
Kacang Hijau,2022-01-20,15000.0,17000.0
Kacang Hijau,2022-01-21,15000.0,17000.0
Kacang Hijau,2022-01-22,15000.0,17000.0
Kacang Hijau,2022-01-23,15000.0,17000.0
Kacang Hijau,2022-01-24,15000.0,17000.0
Kacang Hijau,2022-01-25,15000.0,17000.0
Kacang Hijau,2022-01-26,15000.0,17000.0
Kacang Hijau,2022-01-27,15000.0,17000.0
Kacang Hijau,2022-01-28,15000.0,17000.0
Kacang Hijau,2022-01-29,15000.0,17000.0
Kacang Hijau,2022-01-30,15000.0,17000.0
Kacang Hijau,2022-01-31,15000.0,17000.0
Kacang Hijau,2022-02-01,15000.0,17000.0
Kacang Hijau,2022-02-02,15000.0,17000.0
Kacang Hijau,2022-02-03,15000.0,17000.0
Kacang Hijau,2022-02-04,15000.0,17000.0
Kacang Hijau,2022-02-05,15000.0,17000.0
Kacang Hijau,2022-02-06,15000.0,17000.0
Kacang Hijau,2022-02-07,15000.0,17000.0
Kacang Hijau,2022-02-08,15000.0,17000.0
Kacang Hijau,2022-02-09,15000.0,17000.0
Kacang Hijau,2022-02-10,15000.0,17000.0
Kacang Hijau,2022-02-11,15000.0,17000.0
Kacang Hijau,2022-02-12,15000.0,17000.0
Kacang Hijau,2022-02-13,15000.0,17000.0
Kacang Hijau,2022-02-14,15000.0,17000.0
Kacang Hijau,2022-02-15,15000.0,17000.0
Kacang Hijau,2022-02-16,15000.0,17000.0
Kacang Hijau,2022-02-17,15000.0,17000.0
Kacang Hijau,2022-02-18,15000.0,17000.0
Kacang Hijau,2022-02-19,15000.0,17000.0
Kacang Hijau,2022-02-20,15000.0,17000.0
Kacang Hijau,2022-02-21,15000.0,17000.0
Kacang Hijau,2022-02-22,15000.0,17000.0
Kacang Hijau,2022-02-23,15000.0,17000.0
Kacang Hijau,2022-02-24,15000.0,17000.0
Kacang Hijau,2022-02-25,15000.0,17000.0
Kacang Hijau,2022-02-26,15000.0,17000.0
Kacang Hijau,2022-02-27,15000.0,17000.0
Kacang Hijau,2022-02-28,15000.0,17000.0
Kacang Hijau,2022-03-01,15000.0,17000.0
Kacang Hijau,2022-03-02,15000.0,17000.0
Kacang Hijau,2022-03-03,15000.0,17000.0
Kacang Hijau,2022-03-04,15000.0,17000.0
Kacang Hijau,2022-03-05,15000.0,17000.0
Kacang Hijau,2022-03-06,15000.0,17000.0
Kacang Hijau,2022-03-07,15000.0,17000.0
Kacang Hijau,2022-03-08,15000.0,17000.0
Kacang Hijau,2022-03-09,15000.0,17000.0
Kacang Hijau,2022-03-10,15000.0,17000.0
Kacang Hijau,2022-03-11,15000.0,17000.0
Kacang Hijau,2022-03-12,15000.0,17000.0
Kacang Hijau,2022-03-13,15000.0,17000.0
Kacang Hijau,2022-03-14,15000.0,17000.0
Kacang Hijau,2022-03-15,15000.0,17000.0
Kacang Hijau,2022-03-16,15000.0,17000.0
Kacang Hijau,2022-03-17,15000.0,17000.0
Kacang Hijau,2022-03-18,15000.0,17000.0
Kacang Hijau,2022-03-19,15000.0,17000.0
Kacang Hijau,2022-03-20,15000.0,17000.0
Kacang Hijau,2022-03-21,13000.0,15000.0
Kacang Hijau,2022-03-22,13000.0,15000.0
Kacang Hijau,2022-03-23,13000.0,15000.0
Kacang Hijau,2022-03-24,13000.0,15000.0
Kacang Hijau,2022-03-25,13000.0,15000.0
Kacang Hijau,2022-03-26,13000.0,15000.0
Kacang Hijau,2022-03-27,13000.0,15000.0
Kacang Hijau,2022-03-28,13000.0,15000.0
Kacang Hijau,2022-03-29,13000.0,15000.0
Kacang Hijau,2022-03-30,13000.0,15000.0
Kacang Hijau,2022-03-31,13000.0,15000.0
Kacang Hijau,2022-04-01,13000.0,15000.0
Kacang Hijau,2022-04-02,13000.0,15000.0
Kacang Hijau,2022-04-03,13000.0,15000.0
Kacang Hijau,2022-04-04,15000.0,17000.0
Kacang Hijau,2022-04-05,15000.0,17000.0
Kacang Hijau,2022-04-06,15000.0,17000.0
Kacang Hijau,2022-04-07,15000.0,17000.0
Kacang Hijau,2022-04-08,15000.0,17000.0
Kacang Hijau,2022-04-09,15000.0,17000.0
Kacang Hijau,2022-04-10,15000.0,17000.0
Kacang Hijau,2022-04-11,15000.0,17000.0
Kacang Hijau,2022-04-12,15000.0,17000.0
Kacang Hijau,2022-04-13,15000.0,17000.0
Kacang Hijau,2022-04-14,15000.0,17000.0
Kacang Hijau,2022-04-15,15000.0,17000.0
Kacang Hijau,2022-04-16,15000.0,17000.0
Kacang Hijau,2022-04-17,15000.0,17000.0
Kacang Hijau,2022-04-18,13000.0,15000.0
Kacang Hijau,2022-04-19,13000.0,15000.0
Kacang Hijau,2022-04-20,13000.0,15000.0
Kacang Hijau,2022-04-21,13000.0,15000.0
Kacang Hijau,2022-04-22,13000.0,15000.0
Kacang Hijau,2022-04-23,13000.0,15000.0
Kacang Hijau,2022-04-24,13000.0,15000.0
Kacang Hijau,2022-04-25,13000.0,15000.0
Kacang Hijau,2022-04-26,13000.0,15000.0
Kacang Hijau,2022-04-27,13000.0,15000.0
Kacang Hijau,2022-04-28,13000.0,15000.0
Kacang Hijau,2022-04-29,13000.0,15000.0
Kacang Hijau,2022-04-30,13000.0,15000.0
Kacang Hijau,2022-05-01,13000.0,15000.0
Kacang Hijau,2022-05-02,13000.0,15000.0
Kacang Hijau,2022-05-03,13000.0,15000.0
Kacang Hijau,2022-05-04,15000.0,17000.0
Kacang Hijau,2022-05-05,15000.0,17000.0
Kacang Hijau,2022-05-06,15000.0,17000.0
Kacang Hijau,2022-05-07,15000.0,17000.0
Kacang Hijau,2022-05-08,15000.0,17000.0
Kacang Hijau,2022-05-09,13000.0,15000.0
Kacang Hijau,2022-05-10,13000.0,15000.0
Kacang Hijau,2022-05-11,13000.0,15000.0
Kacang Hijau,2022-05-12,13000.0,15000.0
Kacang Hijau,2022-05-13,13000.0,15000.0
Kacang Hijau,2022-05-14,13000.0,15000.0
Kacang Hijau,2022-05-15,13000.0,15000.0
Kacang Hijau,2022-05-16,13000.0,15000.0
Kacang Hijau,2022-05-17,13000.0,15000.0
Kacang Hijau,2022-05-18,13000.0,15000.0
Kacang Hijau,2022-05-19,13000.0,15000.0
Kacang Hijau,2022-05-20,13000.0,15000.0
Kacang Hijau,2022-05-21,13000.0,15000.0
Kacang Hijau,2022-05-22,13000.0,15000.0
Kacang Hijau,2022-05-23,13000.0,15000.0
Kacang Hijau,2022-05-24,13000.0,15000.0
Kacang Hijau,2022-05-25,13000.0,15000.0
Kacang Hijau,2022-05-26,13000.0,15000.0
Kacang Hijau,2022-05-27,13000.0,15000.0
Kacang Hijau,2022-05-28,13000.0,15000.0
Kacang Hijau,2022-05-29,13000.0,15000.0
Kacang Hijau,2022-05-30,13000.0,15000.0
Kacang Hijau,2022-05-31,13000.0,15000.0
Kacang Hijau,2022-06-01,13000.0,15000.0
Kacang Hijau,2022-06-02,13000.0,15000.0
Kacang Hijau,2022-06-03,13000.0,15000.0
Kacang Hijau,2022-06-04,13000.0,15000.0
Kacang Hijau,2022-06-05,13000.0,15000.0
Kacang Hijau,2022-06-06,13000.0,15000.0
Kacang Hijau,2022-06-07,13000.0,15000.0
Kacang Hijau,2022-06-08,13000.0,15000.0
Kacang Hijau,2022-06-09,13000.0,15000.0
Kacang Hijau,2022-06-10,13000.0,15000.0
Kacang Hijau,2022-06-11,13000.0,15000.0
Kacang Hijau,2022-06-12,13000.0,15000.0
Kacang Hijau,2022-06-13,13000.0,15000.0
Kacang Hijau,2022-06-14,13000.0,15000.0
Kacang Hijau,2022-06-15,13000.0,15000.0
Kacang Hijau,2022-06-16,13000.0,15000.0
Kacang Hijau,2022-06-17,13000.0,15000.0
Kacang Hijau,2022-06-18,13000.0,15000.0
Kacang Hijau,2022-06-19,13000.0,15000.0
Kacang Hijau,2022-06-20,13000.0,15000.0
Kacang Hijau,2022-06-21,13000.0,15000.0
Kacang Hijau,2022-06-22,13000.0,15000.0
Kacang Hijau,2022-06-23,13000.0,15000.0
Kacang Hijau,2022-06-24,13000.0,15000.0
Kacang Hijau,2022-06-25,13000.0,15000.0
Kacang Hijau,2022-06-26,13000.0,15000.0
Kacang Hijau,2022-06-27,13000.0,15000.0
Kacang Hijau,2022-06-28,13000.0,15000.0
Kacang Hijau,2022-06-29,13000.0,15000.0
Kacang Hijau,2022-06-30,13000.0,15000.0
Kacang Hijau,2022-07-01,13000.0,15000.0
Kacang Hijau,2022-07-02,13000.0,15000.0
Kacang Hijau,2022-07-03,13000.0,15000.0
Kacang Hijau,2022-07-04,13000.0,15000.0
Kacang Hijau,2022-07-05,13000.0,15000.0
Kacang Hijau,2022-07-06,13000.0,15000.0
Kacang Hijau,2022-07-07,13000.0,15000.0
Kacang Hijau,2022-07-08,13000.0,15000.0
Kacang Hijau,2022-07-09,13000.0,15000.0
Kacang Hijau,2022-07-10,13000.0,15000.0
Kacang Hijau,2022-07-11,13000.0,15000.0
Kacang Hijau,2022-07-12,13000.0,15000.0
Kacang Hijau,2022-07-13,13000.0,15000.0
Kacang Hijau,2022-07-14,13000.0,15000.0
Kacang Hijau,2022-07-15,13000.0,15000.0
Kacang Hijau,2022-07-16,13000.0,15000.0
Kacang Hijau,2022-07-17,13000.0,15000.0
Kacang Hijau,2022-07-18,13000.0,15000.0
Kacang Hijau,2022-07-19,13000.0,15000.0
Kacang Hijau,2022-07-20,13000.0,15000.0
Kacang Hijau,2022-07-21,13000.0,15000.0
Kacang Hijau,2022-07-22,13000.0,15000.0
Kacang Hijau,2022-07-23,13000.0,15000.0
Kacang Hijau,2022-07-24,13000.0,15000.0
Kacang Hijau,2022-07-25,13000.0,15000.0
Kacang Hijau,2022-07-26,13000.0,15000.0
Kacang Hijau,2022-07-27,13000.0,15000.0
Kacang Hijau,2022-07-28,13000.0,15000.0
Kacang Hijau,2022-07-29,13000.0,15000.0
Kacang Hijau,2022-07-30,13000.0,15000.0
Kacang Hijau,2022-07-31,13000.0,15000.0
Kacang Hijau,2022-08-01,13000.0,15000.0
Kacang Hijau,2022-08-02,13000.0,15000.0
Kacang Hijau,2022-08-03,13000.0,15000.0
Kacang Hijau,2022-08-04,13000.0,15000.0
Kacang Hijau,2022-08-05,13000.0,15000.0
Kacang Hijau,2022-08-06,13000.0,15000.0
Kacang Hijau,2022-08-07,13000.0,15000.0
Kacang Hijau,2022-08-08,13000.0,15000.0
Kacang Hijau,2022-08-09,13000.0,15000.0
Kacang Hijau,2022-08-10,13000.0,15000.0
Kacang Hijau,2022-08-11,13000.0,15000.0
Kacang Hijau,2022-08-12,13000.0,15000.0
Kacang Hijau,2022-08-13,13000.0,15000.0
Kacang Hijau,2022-08-14,13000.0,15000.0
Kacang Hijau,2022-08-15,13000.0,15000.0
Kacang Hijau,2022-08-16,13000.0,15000.0
Kacang Hijau,2022-08-17,13000.0,15000.0
Kacang Hijau,2022-08-18,13000.0,15000.0
Kacang Hijau,2022-08-19,13000.0,15000.0
Kacang Hijau,2022-08-20,13000.0,15000.0
Kacang Hijau,2022-08-21,13000.0,15000.0
Kacang Hijau,2022-08-22,13000.0,15000.0
Kacang Hijau,2022-08-23,13000.0,15000.0
Kacang Hijau,2022-08-24,13000.0,15000.0
Kacang Hijau,2022-08-25,13000.0,15000.0
Kacang Hijau,2022-08-26,13000.0,15000.0
Kacang Hijau,2022-08-27,13000.0,15000.0
Kacang Hijau,2022-08-28,13000.0,15000.0
Kacang Hijau,2022-08-29,13000.0,15000.0
Kacang Hijau,2022-08-30,13000.0,15000.0
Kacang Hijau,2022-08-31,13000.0,15000.0
Kacang Hijau,2022-09-01,13000.0,15000.0
Kacang Hijau,2022-09-02,13000.0,15000.0
Kacang Hijau,2022-09-03,13000.0,15000.0
Kacang Hijau,2022-09-04,13000.0,15000.0
Kacang Hijau,2022-09-05,13000.0,15000.0
Kacang Hijau,2022-09-06,13000.0,15000.0
Kacang Hijau,2022-09-07,13000.0,15000.0
Kacang Hijau,2022-09-08,13000.0,15000.0
Kacang Hijau,2022-09-09,13000.0,15000.0
Kacang Hijau,2022-09-10,13000.0,15000.0
Kacang Hijau,2022-09-11,13000.0,15000.0
Kacang Hijau,2022-09-12,13000.0,15000.0
Kacang Hijau,2022-09-13,13000.0,15000.0
Kacang Hijau,2022-09-14,13000.0,15000.0
Kacang Hijau,2022-09-15,13000.0,15000.0
Kacang Hijau,2022-09-16,13000.0,15000.0
Kacang Hijau,2022-09-17,13000.0,15000.0
Kacang Hijau,2022-09-18,13000.0,15000.0
Kacang Hijau,2022-09-19,13000.0,15000.0
Kacang Hijau,2022-09-20,13000.0,15000.0
Kacang Hijau,2022-09-21,13000.0,15000.0
Kacang Hijau,2022-09-22,13000.0,15000.0
Kacang Hijau,2022-09-23,13000.0,15000.0
Kacang Hijau,2022-09-24,13000.0,15000.0
Kacang Hijau,2022-09-25,13000.0,15000.0
Kacang Hijau,2022-09-26,13000.0,15000.0
Kacang Hijau,2022-09-27,13000.0,15000.0
Kacang Hijau,2022-09-28,13000.0,15000.0
Kacang Hijau,2022-09-29,13000.0,15000.0
Kacang Hijau,2022-09-30,13000.0,15000.0
Kacang Hijau,2022-10-01,13000.0,15000.0
Kacang Hijau,2022-10-02,13000.0,15000.0
Kacang Hijau,2022-10-03,13000.0,15000.0
Kacang Hijau,2022-10-04,13000.0,15000.0
Kacang Hijau,2022-10-05,13000.0,15000.0
Kacang Hijau,2022-10-06,13000.0,15000.0
Kacang Hijau,2022-10-07,13000.0,15000.0
Kacang Hijau,2022-10-08,13000.0,15000.0
Kacang Hijau,2022-10-09,13000.0,15000.0
Kacang Hijau,2022-10-10,13000.0,15000.0
Kacang Hijau,2022-10-11,13000.0,15000.0
Kacang Hijau,2022-10-12,13000.0,15000.0
Kacang Hijau,2022-10-13,13000.0,15000.0
Kacang Hijau,2022-10-14,13000.0,15000.0
Kacang Hijau,2022-10-15,13000.0,15000.0
Kacang Hijau,2022-10-16,13000.0,15000.0
Kacang Hijau,2022-10-17,13000.0,15000.0
Kacang Hijau,2022-10-18,13000.0,15000.0
Kacang Hijau,2022-10-19,13000.0,15000.0
Kacang Hijau,2022-10-20,13000.0,15000.0
Kacang Hijau,2022-10-21,13000.0,15000.0
Kacang Hijau,2022-10-22,13000.0,15000.0
Kacang Hijau,2022-10-23,13000.0,15000.0
Kacang Hijau,2022-10-24,13000.0,15000.0
Kacang Hijau,2022-10-25,13000.0,15000.0
Kacang Hijau,2022-10-26,13000.0,15000.0
Kacang Hijau,2022-10-27,13000.0,15000.0
Kacang Hijau,2022-10-28,13000.0,15000.0
Kacang Hijau,2022-10-29,13000.0,15000.0
Kacang Hijau,2022-10-30,13000.0,15000.0
Kacang Hijau,2022-10-31,13000.0,15000.0
Kacang Hijau,2022-11-01,13000.0,15000.0
Kacang Hijau,2022-11-02,13000.0,15000.0
Kacang Hijau,2022-11-03,13000.0,15000.0
Kacang Hijau,2022-11-04,13000.0,15000.0
Kacang Hijau,2022-11-05,13000.0,15000.0
Kacang Hijau,2022-11-06,13000.0,15000.0
Kacang Hijau,2022-11-07,13000.0,15000.0
Kacang Hijau,2022-11-08,13000.0,15000.0
Kacang Hijau,2022-11-09,13000.0,15000.0
Kacang Hijau,2022-11-10,13000.0,15000.0
Kacang Hijau,2022-11-11,13000.0,15000.0
Kacang Hijau,2022-11-12,13000.0,15000.0
Kacang Hijau,2022-11-13,13000.0,15000.0
Kacang Hijau,2022-11-14,13000.0,15000.0
Kacang Hijau,2022-11-15,13000.0,15000.0
Kacang Hijau,2022-11-16,13000.0,15000.0
Kacang Hijau,2022-11-17,13000.0,15000.0
Kacang Hijau,2022-11-18,13000.0,15000.0
Kacang Hijau,2022-11-19,13000.0,15000.0
Kacang Hijau,2022-11-20,13000.0,15000.0
Kacang Hijau,2022-11-21,13000.0,15000.0
Kacang Hijau,2022-11-22,13000.0,15000.0
Kacang Hijau,2022-11-23,13000.0,15000.0
Kacang Hijau,2022-11-24,13000.0,15000.0
Kacang Hijau,2022-11-25,13000.0,15000.0
Kacang Hijau,2022-11-26,13000.0,15000.0
Kacang Hijau,2022-11-27,13000.0,15000.0
Kacang Hijau,2022-11-28,13000.0,15000.0
Kacang Hijau,2022-11-29,13000.0,15000.0
Kacang Hijau,2022-11-30,13000.0,15000.0
Kacang Hijau,2022-12-01,13000.0,15000.0
Kacang Hijau,2022-12-02,13000.0,15000.0
Kacang Hijau,2022-12-03,13000.0,15000.0
Kacang Hijau,2022-12-04,13000.0,15000.0
Kacang Hijau,2022-12-05,13000.0,15000.0
Kacang Hijau,2022-12-06,13000.0,15000.0
Kacang Hijau,2022-12-07,13000.0,15000.0
Kacang Hijau,2022-12-08,13000.0,15000.0
Kacang Hijau,2022-12-09,13000.0,15000.0
Kacang Hijau,2022-12-10,13000.0,15000.0
Kacang Hijau,2022-12-11,13000.0,15000.0
Kacang Hijau,2022-12-12,13000.0,15000.0
Kacang Hijau,2022-12-13,13000.0,15000.0
Kacang Hijau,2022-12-14,13000.0,15000.0
Kacang Hijau,2022-12-15,13000.0,15000.0
Kacang Hijau,2022-12-16,13000.0,15000.0
Kacang Hijau,2022-12-17,13000.0,15000.0
Kacang Hijau,2022-12-18,13000.0,15000.0
Kacang Hijau,2022-12-19,13000.0,15000.0
Kacang Hijau,2022-12-20,13000.0,15000.0
Kacang Hijau,2022-12-21,13000.0,15000.0
Kacang Hijau,2022-12-22,13000.0,15000.0
Kacang Hijau,2022-12-23,13000.0,15000.0
Kacang Hijau,2022-12-24,13000.0,15000.0
Kacang Hijau,2022-12-25,13000.0,15000.0
Kacang Hijau,2022-12-26,13000.0,15000.0
Kacang Hijau,2022-12-27,13000.0,15000.0
Kacang Hijau,2022-12-28,13000.0,15000.0
Kacang Hijau,2022-12-29,13000.0,15000.0
Kacang Hijau,2022-12-30,13000.0,15000.0
Kacang Hijau,2022-12-31,13000.0,15000.0
Kacang Hijau,2023-01-01,13000.0,15000.0
Kacang Hijau,2023-01-02,13000.0,15000.0
Kacang Hijau,2023-01-03,13000.0,15000.0
Kacang Hijau,2023-01-04,13000.0,15000.0
Kacang Hijau,2023-01-05,13000.0,15000.0
Kacang Hijau,2023-01-06,13000.0,15000.0
Kacang Hijau,2023-01-07,13000.0,15000.0
Kacang Hijau,2023-01-08,13000.0,15000.0
Kacang Hijau,2023-01-09,13000.0,15000.0
Kacang Hijau,2023-01-10,13000.0,15000.0
Kacang Hijau,2023-01-11,13000.0,15000.0
Kacang Hijau,2023-01-12,13000.0,15000.0
Kacang Hijau,2023-01-13,13000.0,15000.0
Kacang Hijau,2023-01-14,13000.0,15000.0
Kacang Hijau,2023-01-15,13000.0,15000.0
Kacang Hijau,2023-01-16,13000.0,15000.0
Kacang Hijau,2023-01-17,13000.0,15000.0
Kacang Hijau,2023-01-18,13000.0,15000.0
Kacang Hijau,2023-01-19,13000.0,15000.0
Kacang Hijau,2023-01-20,13000.0,15000.0
Kacang Hijau,2023-01-21,13000.0,15000.0
Kacang Hijau,2023-01-22,13000.0,15000.0
Kacang Hijau,2023-01-23,13000.0,15000.0
Kacang Hijau,2023-01-24,13000.0,15000.0
Kacang Hijau,2023-01-25,13000.0,15000.0
Kacang Hijau,2023-01-26,13000.0,15000.0
Kacang Hijau,2023-01-27,13000.0,15000.0
Kacang Hijau,2023-01-28,13000.0,15000.0
Kacang Hijau,2023-01-29,13000.0,15000.0
Kacang Hijau,2023-01-30,13000.0,15000.0
Kacang Hijau,2023-01-31,13000.0,15000.0
Kacang Hijau,2023-02-01,13000.0,15000.0
Kacang Hijau,2023-02-02,13000.0,15000.0
Kacang Hijau,2023-02-03,13000.0,15000.0
Kacang Hijau,2023-02-04,13000.0,15000.0
Kacang Hijau,2023-02-05,13000.0,15000.0
Kacang Hijau,2023-02-06,13000.0,15000.0
Kacang Hijau,2023-02-07,13000.0,15000.0
Kacang Hijau,2023-02-08,13000.0,15000.0
Kacang Hijau,2023-02-09,13000.0,15000.0
Kacang Hijau,2023-02-10,13000.0,15000.0
Kacang Hijau,2023-02-11,13000.0,15000.0
Kacang Hijau,2023-02-12,13000.0,15000.0
Kacang Hijau,2023-02-13,13000.0,15000.0
Kacang Hijau,2023-02-14,13000.0,15000.0
Kacang Hijau,2023-02-15,13000.0,15000.0
Kacang Hijau,2023-02-16,13000.0,15000.0
Kacang Hijau,2023-02-17,13000.0,15000.0
Kacang Hijau,2023-02-18,13000.0,15000.0
Kacang Hijau,2023-02-19,13000.0,15000.0
Kacang Hijau,2023-02-20,13000.0,15000.0
Kacang Hijau,2023-02-21,13000.0,15000.0
Kacang Hijau,2023-02-22,13000.0,15000.0
Kacang Hijau,2023-02-23,13000.0,15000.0
Kacang Hijau,2023-02-24,13000.0,15000.0
Kacang Hijau,2023-02-25,13000.0,15000.0
Kacang Hijau,2023-02-26,13000.0,15000.0
Kacang Hijau,2023-02-27,13000.0,15000.0
Kacang Hijau,2023-02-28,13000.0,15000.0
Kacang Hijau,2023-03-01,13000.0,15000.0
Kacang Hijau,2023-03-02,13000.0,15000.0
Kacang Hijau,2023-03-03,13000.0,15000.0
Kacang Hijau,2023-03-04,13000.0,15000.0
Kacang Hijau,2023-03-05,13000.0,15000.0
Kacang Hijau,2023-03-06,13000.0,15000.0
Kacang Hijau,2023-03-07,13000.0,15000.0
Kacang Hijau,2023-03-08,13000.0,15000.0
Kacang Hijau,2023-03-09,13000.0,15000.0
Kacang Hijau,2023-03-10,13000.0,15000.0
Kacang Hijau,2023-03-11,13000.0,15000.0
Kacang Hijau,2023-03-12,13000.0,15000.0
Kacang Hijau,2023-03-13,13000.0,15000.0
Kacang Hijau,2023-03-14,13000.0,15000.0
Kacang Hijau,2023-03-15,13000.0,15000.0
Kacang Hijau,2023-03-16,13000.0,15000.0
Kacang Hijau,2023-03-17,13000.0,15000.0
Kacang Hijau,2023-03-18,13000.0,15000.0
Kacang Hijau,2023-03-19,13000.0,15000.0
Kacang Hijau,2023-03-20,13000.0,15000.0
Kacang Hijau,2023-03-21,13000.0,15000.0
Kacang Hijau,2023-03-22,13000.0,15000.0
Kacang Hijau,2023-03-23,13000.0,15000.0
Kacang Hijau,2023-03-24,13000.0,15000.0
Kacang Hijau,2023-03-25,13000.0,15000.0
Kacang Hijau,2023-03-26,13000.0,15000.0
Kacang Hijau,2023-03-27,13000.0,15000.0
Kacang Hijau,2023-03-28,13000.0,15000.0
Kacang Hijau,2023-03-29,13000.0,15000.0
Kacang Hijau,2023-03-30,13000.0,15000.0
Kacang Hijau,2023-03-31,13000.0,15000.0
Kacang Hijau,2023-04-01,13000.0,15000.0
Kacang Hijau,2023-04-02,13000.0,15000.0
Kacang Hijau,2023-04-03,13000.0,15000.0
Kacang Hijau,2023-04-04,13000.0,15000.0
Kacang Hijau,2023-04-05,13000.0,15000.0
Kacang Hijau,2023-04-06,13000.0,15000.0
Kacang Hijau,2023-04-07,13000.0,15000.0
Kacang Hijau,2023-04-08,13000.0,15000.0
Kacang Hijau,2023-04-09,13000.0,15000.0
Kacang Hijau,2023-04-10,13000.0,15000.0
Kacang Hijau,2023-04-11,13000.0,15000.0
Kacang Hijau,2023-04-12,13000.0,15000.0
Kacang Hijau,2023-04-13,13000.0,15000.0
Kacang Hijau,2023-04-14,13000.0,15000.0
Kacang Hijau,2023-04-15,13000.0,15000.0
Kacang Hijau,2023-04-16,13000.0,15000.0
Kacang Hijau,2023-04-17,13000.0,15000.0
Kacang Hijau,2023-04-18,13000.0,15000.0
Kacang Hijau,2023-04-19,13000.0,15000.0
Kacang Hijau,2023-04-20,13000.0,15000.0
Kacang Hijau,2023-04-21,13000.0,15000.0
Kacang Hijau,2023-04-22,13000.0,15000.0
Kacang Hijau,2023-04-23,13000.0,15000.0
Kacang Hijau,2023-04-24,13000.0,15000.0
Kacang Hijau,2023-04-25,13000.0,15000.0
Kacang Hijau,2023-04-26,13000.0,15000.0
Kacang Hijau,2023-04-27,13000.0,15000.0
Kacang Hijau,2023-04-28,13000.0,15000.0
Kacang Hijau,2023-04-29,13000.0,15000.0
Kacang Hijau,2023-04-30,13000.0,15000.0
Kacang Hijau,2023-05-01,13000.0,15000.0
Kacang Hijau,2023-05-02,13000.0,15000.0
Kacang Hijau,2023-05-03,13000.0,15000.0
Kacang Hijau,2023-05-04,13000.0,15000.0
Kacang Hijau,2023-05-05,13000.0,15000.0
Kacang Hijau,2023-05-06,13000.0,15000.0
Kacang Hijau,2023-05-07,13000.0,15000.0
Kacang Hijau,2023-05-08,13000.0,15000.0
Kacang Hijau,2023-05-09,13000.0,15000.0
Kacang Hijau,2023-05-10,13000.0,15000.0
Kacang Hijau,2023-05-11,13000.0,15000.0
Kacang Hijau,2023-05-12,13000.0,15000.0
Kacang Hijau,2023-05-13,13000.0,15000.0
Kacang Hijau,2023-05-14,13000.0,15000.0
Kacang Hijau,2023-05-15,13000.0,15000.0
Kacang Hijau,2023-05-16,13000.0,15000.0
Kacang Hijau,2023-05-17,13000.0,15000.0
Kacang Hijau,2023-05-18,13000.0,15000.0
Kacang Hijau,2023-05-19,13000.0,15000.0
Kacang Hijau,2023-05-20,13000.0,15000.0
Kacang Hijau,2023-05-21,13000.0,15000.0
Kacang Hijau,2023-05-22,13000.0,15000.0
Kacang Hijau,2023-05-23,13000.0,15000.0
Kacang Hijau,2023-05-24,13000.0,15000.0
Kacang Hijau,2023-05-25,13000.0,15000.0
Kacang Hijau,2023-05-26,13000.0,15000.0
Kacang Hijau,2023-05-27,13000.0,15000.0
Kacang Hijau,2023-05-28,13000.0,15000.0
Kacang Hijau,2023-05-29,13000.0,15000.0
Kacang Hijau,2023-05-30,13000.0,15000.0
Kacang Hijau,2023-05-31,13000.0,15000.0
Kacang Hijau,2023-06-01,13000.0,15000.0
Kacang Hijau,2023-06-02,13000.0,15000.0
Kacang Hijau,2023-06-03,13000.0,15000.0
Kacang Hijau,2023-06-04,13000.0,15000.0
Kacang Hijau,2023-06-05,13000.0,15000.0
Kacang Hijau,2023-06-06,13000.0,15000.0
Kacang Hijau,2023-06-07,13000.0,15000.0
Kacang Hijau,2023-06-08,13000.0,15000.0
Kacang Hijau,2023-06-09,13000.0,15000.0
Kacang Hijau,2023-06-10,13000.0,15000.0
Kacang Hijau,2023-06-11,13000.0,15000.0
Kacang Hijau,2023-06-12,13000.0,15000.0
Kacang Hijau,2023-06-13,13000.0,15000.0
Kacang Hijau,2023-06-14,13000.0,15000.0
Kacang Hijau,2023-06-15,13000.0,15000.0
Kacang Hijau,2023-06-16,13000.0,15000.0
Kacang Hijau,2023-06-17,13000.0,15000.0
Kacang Hijau,2023-06-18,13000.0,15000.0
Kacang Hijau,2023-06-19,13000.0,15000.0
Kacang Hijau,2023-06-20,13000.0,15000.0
Kacang Hijau,2023-06-21,13000.0,15000.0
Kacang Hijau,2023-06-22,13000.0,15000.0
Kacang Hijau,2023-06-23,13000.0,15000.0
Kacang Hijau,2023-06-24,13000.0,15000.0
Kacang Hijau,2023-06-25,13000.0,15000.0
Kacang Hijau,2023-06-26,13000.0,15000.0
Kacang Hijau,2023-06-27,13000.0,15000.0
Kacang Hijau,2023-06-28,13000.0,15000.0
Kacang Hijau,2023-06-29,13000.0,15000.0
Kacang Hijau,2023-06-30,13000.0,15000.0
Kacang Hijau,2023-07-01,13000.0,15000.0
Kacang Hijau,2023-07-02,13000.0,15000.0
Kacang Hijau,2023-07-03,13000.0,15000.0
Kacang Hijau,2023-07-04,13000.0,15000.0
Kacang Hijau,2023-07-05,13000.0,15000.0
Kacang Hijau,2023-07-06,13000.0,15000.0
Kacang Hijau,2023-07-07,13000.0,15000.0
Kacang Hijau,2023-07-08,13000.0,15000.0
Kacang Hijau,2023-07-09,13000.0,15000.0
Kacang Hijau,2023-07-10,13000.0,15000.0
Kacang Hijau,2023-07-11,13000.0,15000.0
Kacang Hijau,2023-07-12,13000.0,15000.0
Kacang Hijau,2023-07-13,13000.0,15000.0
Kacang Hijau,2023-07-14,13000.0,15000.0
Kacang Hijau,2023-07-15,13000.0,15000.0
Kacang Hijau,2023-07-16,13000.0,15000.0
Kacang Hijau,2023-07-17,13000.0,15000.0
Kacang Hijau,2023-07-18,13000.0,15000.0
Kacang Hijau,2023-07-19,13000.0,15000.0
Kacang Hijau,2023-07-20,13000.0,15000.0
Kacang Hijau,2023-07-21,13000.0,15000.0
Kacang Hijau,2023-07-22,13000.0,15000.0
Kacang Hijau,2023-07-23,13000.0,15000.0
Kacang Hijau,2023-07-24,13000.0,15000.0
Kacang Hijau,2023-07-25,13000.0,15000.0
Kacang Hijau,2023-07-26,13000.0,15000.0
Kacang Hijau,2023-07-27,13000.0,15000.0
Kacang Hijau,2023-07-28,13000.0,15000.0
Kacang Hijau,2023-07-29,13000.0,15000.0
Kacang Hijau,2023-07-30,13000.0,15000.0
Kacang Hijau,2023-07-31,13000.0,15000.0
Kacang Hijau,2023-08-01,13000.0,15000.0
Kacang Hijau,2023-08-02,13000.0,15000.0
Kacang Hijau,2023-08-03,13000.0,15000.0
Kacang Hijau,2023-08-04,13000.0,15000.0
Kacang Hijau,2023-08-05,13000.0,15000.0
Kacang Hijau,2023-08-06,13000.0,15000.0
Kacang Hijau,2023-08-07,13000.0,15000.0
Kacang Hijau,2023-08-08,13000.0,15000.0
Kacang Hijau,2023-08-09,13000.0,15000.0
Kacang Hijau,2023-08-10,13000.0,15000.0
Kacang Hijau,2023-08-11,13000.0,15000.0
Kacang Hijau,2023-08-12,13000.0,15000.0
Kacang Hijau,2023-08-13,13000.0,15000.0
Kacang Hijau,2023-08-14,13000.0,15000.0
Kacang Hijau,2023-08-15,13000.0,15000.0
Kacang Hijau,2023-08-16,13000.0,15000.0
Kacang Hijau,2023-08-17,13000.0,15000.0
Kacang Hijau,2023-08-18,13000.0,15000.0
Kacang Hijau,2023-08-19,13000.0,15000.0
Kacang Hijau,2023-08-20,13000.0,15000.0
Kacang Hijau,2023-08-21,13000.0,15000.0
Kacang Hijau,2023-08-22,13000.0,15000.0
Kacang Hijau,2023-08-23,13000.0,15000.0
Kacang Hijau,2023-08-24,13000.0,15000.0
Kacang Hijau,2023-08-25,13000.0,15000.0
Kacang Hijau,2023-08-26,13000.0,15000.0
Kacang Hijau,2023-08-27,13000.0,15000.0
Kacang Hijau,2023-08-28,13000.0,15000.0
Kacang Hijau,2023-08-29,13000.0,15000.0
Kacang Hijau,2023-08-30,13000.0,15000.0
Kacang Hijau,2023-08-31,13000.0,15000.0
Kacang Hijau,2023-09-01,13000.0,15000.0
Kacang Hijau,2023-09-02,13000.0,15000.0
Kacang Hijau,2023-09-03,13000.0,15000.0
Kacang Hijau,2023-09-04,13000.0,15000.0
Kacang Hijau,2023-09-05,13000.0,15000.0
Kacang Hijau,2023-09-06,13000.0,15000.0
Kacang Hijau,2023-09-07,13000.0,15000.0
Kacang Hijau,2023-09-08,13000.0,15000.0
Kacang Hijau,2023-09-09,13000.0,15000.0
Kacang Hijau,2023-09-10,13000.0,15000.0
Kacang Hijau,2023-09-11,13000.0,15000.0
Kacang Hijau,2023-09-12,13000.0,15000.0
Kacang Hijau,2023-09-13,13000.0,15000.0
Kacang Hijau,2023-09-14,13000.0,15000.0
Kacang Hijau,2023-09-15,13000.0,15000.0
Kacang Hijau,2023-09-16,13000.0,15000.0
Kacang Hijau,2023-09-17,13000.0,15000.0
Kacang Hijau,2023-09-18,13000.0,15000.0
Kacang Hijau,2023-09-19,13000.0,15000.0
Kacang Hijau,2023-09-20,13000.0,15000.0
Kacang Hijau,2023-09-21,13000.0,15000.0
Kacang Hijau,2023-09-22,13000.0,15000.0
Kacang Hijau,2023-09-23,13000.0,15000.0
Kacang Hijau,2023-09-24,13000.0,15000.0
Kacang Hijau,2023-09-25,13000.0,15000.0
Kacang Hijau,2023-09-26,13000.0,15000.0
Kacang Hijau,2023-09-27,13000.0,15000.0
Kacang Hijau,2023-09-28,13000.0,15000.0
Kacang Hijau,2023-09-29,13000.0,15000.0
Kacang Hijau,2023-09-30,13000.0,15000.0
Kacang Hijau,2023-10-01,13000.0,15000.0
Kacang Hijau,2023-10-02,13000.0,15000.0
Kacang Hijau,2023-10-03,13000.0,15000.0
Kacang Hijau,2023-10-04,13000.0,15000.0
Kacang Hijau,2023-10-05,13000.0,15000.0
Kacang Hijau,2023-10-06,13000.0,15000.0
Kacang Hijau,2023-10-07,13000.0,15000.0
Kacang Hijau,2023-10-08,13000.0,15000.0
Kacang Hijau,2023-10-09,13000.0,15000.0
Kacang Hijau,2023-10-10,13000.0,15000.0
Kacang Hijau,2023-10-11,13000.0,15000.0
Kacang Hijau,2023-10-12,13000.0,15000.0
Kacang Hijau,2023-10-13,13000.0,15000.0
Kacang Hijau,2023-10-14,13000.0,15000.0
Kacang Hijau,2023-10-15,13000.0,15000.0
Kacang Hijau,2023-10-16,13000.0,15000.0
Kacang Hijau,2023-10-17,13000.0,15000.0
Kacang Hijau,2023-10-18,13000.0,15000.0
Kacang Hijau,2023-10-19,13000.0,15000.0
Kacang Hijau,2023-10-20,13000.0,15000.0
Kacang Hijau,2023-10-21,13000.0,15000.0
Kacang Hijau,2023-10-22,13000.0,15000.0
Kacang Hijau,2023-10-23,13000.0,15000.0
Kacang Hijau,2023-10-24,13000.0,15000.0
Kacang Hijau,2023-10-25,13000.0,15000.0
Kacang Hijau,2023-10-26,13000.0,15000.0
Kacang Hijau,2023-10-27,13000.0,15000.0
Kacang Hijau,2023-10-28,13000.0,15000.0
Kacang Hijau,2023-10-29,13000.0,15000.0
Kacang Hijau,2023-10-30,13000.0,15000.0
Kacang Hijau,2023-10-31,13000.0,15000.0
Kacang Hijau,2023-11-01,13000.0,15000.0
Kacang Hijau,2023-11-02,13000.0,15000.0
Kacang Hijau,2023-11-03,13000.0,15000.0
Kacang Hijau,2023-11-04,13000.0,15000.0
Kacang Hijau,2023-11-05,13000.0,15000.0
Kacang Hijau,2023-11-06,13000.0,15000.0
Kacang Hijau,2023-11-07,13000.0,15000.0
Kacang Hijau,2023-11-08,13000.0,15000.0
Kacang Hijau,2023-11-09,13000.0,15000.0
Kacang Hijau,2023-11-10,13000.0,15000.0
Kacang Hijau,2023-11-11,13000.0,15000.0
Kacang Hijau,2023-11-12,13000.0,15000.0
Kacang Hijau,2023-11-13,13000.0,15000.0
Kacang Hijau,2023-11-14,13000.0,15000.0
Kacang Hijau,2023-11-15,13000.0,15000.0
Kacang Hijau,2023-11-16,13000.0,15000.0
Kacang Hijau,2023-11-17,13000.0,15000.0
Kacang Hijau,2023-11-18,13000.0,15000.0
Kacang Hijau,2023-11-19,13000.0,15000.0
Kacang Hijau,2023-11-20,13000.0,15000.0
Kacang Hijau,2023-11-21,13000.0,15000.0
Kacang Hijau,2023-11-22,13000.0,15000.0
Kacang Hijau,2023-11-23,13000.0,15000.0
Kacang Hijau,2023-11-24,13000.0,15000.0
Kacang Hijau,2023-11-25,13000.0,15000.0
Kacang Hijau,2023-11-26,13000.0,15000.0
Kacang Hijau,2023-11-27,13000.0,15000.0
Kacang Hijau,2023-11-28,13000.0,15000.0
Kacang Hijau,2023-11-29,13000.0,15000.0
Kacang Hijau,2023-11-30,13000.0,15000.0
Kacang Hijau,2023-12-01,13000.0,15000.0
Kacang Hijau,2023-12-02,13000.0,15000.0
Kacang Hijau,2023-12-03,13000.0,15000.0
Kacang Hijau,2023-12-04,13000.0,15000.0
Kacang Hijau,2023-12-05,13000.0,15000.0
Kacang Hijau,2023-12-06,13000.0,15000.0
Kacang Hijau,2023-12-07,13000.0,15000.0
Kacang Hijau,2023-12-08,13000.0,15000.0
Kacang Hijau,2023-12-09,13000.0,15000.0
Kacang Hijau,2023-12-10,13000.0,15000.0
Kacang Hijau,2023-12-11,13000.0,15000.0
Kacang Hijau,2023-12-12,13000.0,15000.0
Kacang Hijau,2023-12-13,13000.0,15000.0
Kacang Hijau,2023-12-14,13000.0,15000.0
Kacang Hijau,2023-12-15,13000.0,15000.0
Kacang Hijau,2023-12-16,13000.0,15000.0
Kacang Hijau,2023-12-17,13000.0,15000.0
Kacang Hijau,2023-12-18,13000.0,15000.0
Kacang Hijau,2023-12-19,13000.0,15000.0
Kacang Hijau,2023-12-20,13000.0,15000.0
Kacang Hijau,2023-12-21,13000.0,15000.0
Kacang Hijau,2023-12-22,13000.0,15000.0
Kacang Hijau,2023-12-23,13000.0,15000.0
Kacang Hijau,2023-12-24,13000.0,15000.0
Kacang Hijau,2023-12-25,13000.0,15000.0
Kacang Hijau,2023-12-26,13000.0,15000.0
Kacang Hijau,2023-12-27,13000.0,15000.0
Kacang Hijau,2023-12-28,13000.0,15000.0
Kacang Hijau,2023-12-29,13000.0,15000.0
Kacang Hijau,2023-12-30,13000.0,15000.0
Kacang Hijau,2023-12-31,13000.0,15000.0
Kacang Hijau,2024-01-01,13000.0,15000.0
Kacang Hijau,2024-01-02,13000.0,15000.0
Kacang Hijau,2024-01-03,13000.0,15000.0
Kacang Hijau,2024-01-04,13000.0,15000.0
Kacang Hijau,2024-01-05,13000.0,15000.0
Kacang Hijau,2024-01-06,13000.0,15000.0
Kacang Hijau,2024-01-07,13000.0,15000.0
Kacang Hijau,2024-01-08,13000.0,15000.0
Kacang Hijau,2024-01-09,13000.0,15000.0
Kacang Hijau,2024-01-10,13000.0,15000.0
Kacang Hijau,2024-01-11,13000.0,15000.0
Kacang Hijau,2024-01-12,13000.0,15000.0
Kacang Hijau,2024-01-13,13000.0,15000.0
Kacang Hijau,2024-01-14,13000.0,15000.0
Kacang Hijau,2024-01-15,13000.0,15000.0
Kacang Hijau,2024-01-16,13000.0,15000.0
Kacang Hijau,2024-01-17,13000.0,15000.0
Kacang Hijau,2024-01-18,13000.0,15000.0
Kacang Hijau,2024-01-19,13000.0,15000.0
Kacang Hijau,2024-01-20,13000.0,15000.0
Kacang Hijau,2024-01-21,13000.0,15000.0
Kacang Hijau,2024-01-22,13000.0,15000.0
Kacang Hijau,2024-01-23,13000.0,15000.0
Kacang Hijau,2024-01-24,13000.0,15000.0
Kacang Hijau,2024-01-25,13000.0,15000.0
Kacang Hijau,2024-01-26,13000.0,15000.0
Kacang Hijau,2024-01-27,13000.0,15000.0
Kacang Hijau,2024-01-28,13000.0,15000.0
Kacang Hijau,2024-01-29,13000.0,15000.0
Kacang Hijau,2024-01-30,13000.0,15000.0
Kacang Hijau,2024-01-31,13000.0,15000.0
Kacang Hijau,2024-02-01,13000.0,15000.0
Kacang Hijau,2024-02-02,13000.0,15000.0
Kacang Hijau,2024-02-03,13000.0,15000.0
Kacang Hijau,2024-02-04,13000.0,15000.0
Kacang Hijau,2024-02-05,13000.0,15000.0
Kacang Hijau,2024-02-06,13000.0,15000.0
Kacang Hijau,2024-02-07,13000.0,15000.0
Kacang Hijau,2024-02-08,13000.0,15000.0
Kacang Hijau,2024-02-09,13000.0,15000.0
Kacang Hijau,2024-02-10,13000.0,15000.0
Kacang Hijau,2024-02-11,13000.0,15000.0
Kacang Hijau,2024-02-12,13000.0,15000.0
Kacang Hijau,2024-02-13,13000.0,15000.0
Kacang Hijau,2024-02-14,13000.0,15000.0
Kacang Hijau,2024-02-15,13000.0,15000.0
Kacang Hijau,2024-02-16,13000.0,15000.0
Kacang Hijau,2024-02-17,13000.0,15000.0
Kacang Hijau,2024-02-18,13000.0,15000.0
Kacang Hijau,2024-02-19,13000.0,15000.0
Kacang Hijau,2024-02-20,13000.0,15000.0
Kacang Hijau,2024-02-21,13000.0,15000.0
Kacang Hijau,2024-02-22,13000.0,15000.0
Kacang Hijau,2024-02-23,13000.0,15000.0
Kacang Hijau,2024-02-24,13000.0,15000.0
Kacang Hijau,2024-02-25,13000.0,15000.0
Kacang Hijau,2024-02-26,13000.0,15000.0
Kacang Hijau,2024-02-27,13000.0,15000.0
Kacang Hijau,2024-02-28,13000.0,15000.0
Kacang Hijau,2024-02-29,13000.0,15000.0
Kacang Hijau,2024-03-01,13000.0,15000.0
Kacang Hijau,2024-03-02,13000.0,15000.0
Kacang Hijau,2024-03-03,13000.0,15000.0
Kacang Hijau,2024-03-04,13000.0,15000.0
Kacang Hijau,2024-03-05,13000.0,15000.0
Kacang Hijau,2024-03-06,13000.0,15000.0
Kacang Hijau,2024-03-07,13000.0,15000.0
Kacang Hijau,2024-03-08,13000.0,15000.0
Kacang Hijau,2024-03-09,13000.0,15000.0
Kacang Hijau,2024-03-10,13000.0,15000.0
Kacang Hijau,2024-03-11,13000.0,15000.0
Kacang Hijau,2024-03-12,13000.0,15000.0
Kacang Hijau,2024-03-13,13000.0,15000.0
Kacang Hijau,2024-03-14,13000.0,15000.0
Kacang Hijau,2024-03-15,13000.0,15000.0
Kacang Hijau,2024-03-16,13000.0,15000.0
Kacang Hijau,2024-03-17,13000.0,15000.0
Kacang Hijau,2024-03-18,13000.0,15000.0
Kacang Hijau,2024-03-19,13000.0,15000.0
Kacang Hijau,2024-03-20,13000.0,15000.0
Kacang Hijau,2024-03-21,13000.0,15000.0
Kacang Hijau,2024-03-22,13000.0,15000.0
Kacang Hijau,2024-03-23,13000.0,15000.0
Kacang Hijau,2024-03-24,13000.0,15000.0
Kacang Hijau,2024-03-25,13000.0,15000.0
Kacang Hijau,2024-03-26,13000.0,15000.0
Kacang Hijau,2024-03-27,13000.0,15000.0
Kacang Hijau,2024-03-28,13000.0,15000.0
Kacang Hijau,2024-03-29,13000.0,15000.0
Kacang Hijau,2024-03-30,13000.0,15000.0
Kacang Hijau,2024-03-31,13000.0,15000.0
Kacang Hijau,2024-04-01,13000.0,15000.0
Kacang Hijau,2024-04-02,13000.0,15000.0
Kacang Hijau,2024-04-03,13000.0,15000.0
Kacang Hijau,2024-04-04,13000.0,15000.0
Kacang Hijau,2024-04-05,13000.0,15000.0
Kacang Hijau,2024-04-06,13000.0,15000.0
Kacang Hijau,2024-04-07,13000.0,15000.0
Kacang Hijau,2024-04-08,13000.0,15000.0
Kacang Hijau,2024-04-09,13000.0,15000.0
Kacang Hijau,2024-04-10,13000.0,15000.0
Kacang Hijau,2024-04-11,13000.0,15000.0
Kacang Hijau,2024-04-12,13000.0,15000.0
Kacang Hijau,2024-04-13,13000.0,15000.0
Kacang Hijau,2024-04-14,13000.0,15000.0
Kacang Hijau,2024-04-15,13000.0,15000.0
Kacang Hijau,2024-04-16,13000.0,15000.0
Kacang Hijau,2024-04-17,13000.0,15000.0
Kacang Hijau,2024-04-18,13000.0,15000.0
Kacang Hijau,2024-04-19,13000.0,15000.0
Kacang Hijau,2024-04-20,13000.0,15000.0
Kacang Hijau,2024-04-21,13000.0,15000.0
Kacang Hijau,2024-04-22,13000.0,15000.0
Kacang Hijau,2024-04-23,13000.0,15000.0
Kacang Hijau,2024-04-24,13000.0,15000.0
Kacang Hijau,2024-04-25,13000.0,15000.0
Kacang Hijau,2024-04-26,13000.0,15000.0
Kacang Hijau,2024-04-27,13000.0,15000.0
Kacang Hijau,2024-04-28,13000.0,15000.0
Kacang Hijau,2024-04-29,13000.0,15000.0
Kacang Hijau,2024-04-30,13000.0,15000.0
Kacang Hijau,2024-05-01,13000.0,15000.0
Kacang Hijau,2024-05-02,13000.0,15000.0
Kacang Hijau,2024-05-03,13000.0,15000.0
Kacang Hijau,2024-05-04,13000.0,15000.0
Kacang Hijau,2024-05-05,13000.0,15000.0
Kacang Hijau,2024-05-06,13000.0,15000.0
Kacang Hijau,2024-05-07,13000.0,15000.0
Kacang Hijau,2024-05-08,13000.0,15000.0
Kacang Hijau,2024-05-09,13000.0,15000.0
Kacang Hijau,2024-05-10,13000.0,15000.0
Kacang Hijau,2024-05-11,13000.0,15000.0
Kacang Hijau,2024-05-12,13000.0,15000.0
Kacang Hijau,2024-05-13,13000.0,15000.0
Kacang Hijau,2024-05-14,13000.0,15000.0
Kacang Hijau,2024-05-15,13000.0,15000.0
Kacang Hijau,2024-05-16,13000.0,15000.0
Kacang Hijau,2024-05-17,13000.0,15000.0
Kacang Hijau,2024-05-18,13000.0,15000.0
Kacang Hijau,2024-05-19,13000.0,15000.0
Kacang Hijau,2024-05-20,13000.0,15000.0
Kacang Hijau,2024-05-21,13000.0,15000.0
Kacang Hijau,2024-05-22,13000.0,15000.0
Kacang Hijau,2024-05-23,13000.0,15000.0
Kacang Hijau,2024-05-24,13000.0,15000.0
Kacang Hijau,2024-05-25,13000.0,15000.0
Kacang Hijau,2024-05-26,13000.0,15000.0
Kacang Hijau,2024-05-27,13000.0,15000.0
Kacang Hijau,2024-05-28,13000.0,15000.0
Kacang Hijau,2024-05-29,13000.0,15000.0
Kacang Hijau,2024-05-30,13000.0,15000.0
Kacang Hijau,2024-05-31,13000.0,15000.0
Kacang Hijau,2024-06-01,13000.0,15000.0
Kacang Hijau,2024-06-02,13000.0,15000.0
Kacang Hijau,2024-06-03,13000.0,15000.0
Kacang Hijau,2024-06-04,13000.0,15000.0
Kacang Hijau,2024-06-05,13000.0,15000.0
Kacang Hijau,2024-06-06,13000.0,15000.0
Kacang Hijau,2024-06-07,13000.0,15000.0
Kacang Hijau,2024-06-08,13000.0,15000.0
Kacang Hijau,2024-06-09,13000.0,15000.0
Kacang Hijau,2024-06-10,13000.0,15000.0
Kacang Hijau,2024-06-11,13000.0,15000.0
Kacang Hijau,2024-06-12,13000.0,15000.0
Kacang Hijau,2024-06-13,13000.0,15000.0
Kacang Hijau,2024-06-14,13000.0,15000.0
Kacang Hijau,2024-06-15,13000.0,15000.0
Kacang Hijau,2024-06-16,13000.0,15000.0
Kacang Hijau,2024-06-17,13000.0,15000.0
Kacang Hijau,2024-06-18,13000.0,15000.0
Kacang Hijau,2024-06-19,13000.0,15000.0
Kacang Hijau,2024-06-20,13000.0,15000.0
Kacang Hijau,2024-06-21,13000.0,15000.0
Kacang Hijau,2024-06-22,13000.0,15000.0
Kacang Hijau,2024-06-23,13000.0,15000.0
Kacang Hijau,2024-06-24,13000.0,15000.0
Kacang Hijau,2024-06-25,13000.0,15000.0
Kacang Hijau,2024-06-26,13000.0,15000.0
Kacang Hijau,2024-06-27,13000.0,15000.0
Kacang Hijau,2024-06-28,13000.0,15000.0
Kacang Hijau,2024-06-29,13000.0,15000.0
Kacang Hijau,2024-06-30,13000.0,15000.0
Kacang Hijau,2024-07-01,13000.0,15000.0
Kacang Hijau,2024-07-02,13000.0,15000.0
Kacang Hijau,2024-07-03,13000.0,15000.0
Kacang Hijau,2024-07-04,13000.0,15000.0
Kacang Hijau,2024-07-05,13000.0,15000.0
Kacang Hijau,2024-07-06,13000.0,15000.0
Kacang Hijau,2024-07-07,13000.0,15000.0
Kacang Hijau,2024-07-08,13000.0,15000.0
Kacang Hijau,2024-07-09,13000.0,15000.0
Kacang Hijau,2024-07-10,13000.0,15000.0
Kacang Hijau,2024-07-11,13000.0,15000.0
Kacang Hijau,2024-07-12,13000.0,15000.0
Kacang Hijau,2024-07-13,13000.0,15000.0
Kacang Hijau,2024-07-14,13000.0,15000.0
Kacang Hijau,2024-07-15,13000.0,15000.0
Kacang Hijau,2024-07-16,13000.0,15000.0
Kacang Hijau,2024-07-17,13000.0,15000.0
Kacang Hijau,2024-07-18,13000.0,15000.0
Kacang Hijau,2024-07-19,13000.0,15000.0
Kacang Hijau,2024-07-20,13000.0,15000.0
Kacang Hijau,2024-07-21,13000.0,15000.0
Kacang Hijau,2024-07-22,13000.0,15000.0
Kacang Hijau,2024-07-23,13000.0,15000.0
Kacang Hijau,2024-07-24,13000.0,15000.0
Kacang Hijau,2024-07-25,13000.0,15000.0
Kacang Hijau,2024-07-26,13000.0,15000.0
Kacang Hijau,2024-07-27,13000.0,15000.0
Kacang Hijau,2024-07-28,13000.0,15000.0
Kacang Hijau,2024-07-29,13000.0,15000.0
Kacang Hijau,2024-07-30,13000.0,15000.0
Kacang Hijau,2024-07-31,13000.0,15000.0
Kacang Hijau,2024-08-01,13000.0,15000.0
Kacang Hijau,2024-08-02,13000.0,15000.0
Kacang Hijau,2024-08-03,13000.0,15000.0
Kacang Hijau,2024-08-04,13000.0,15000.0
Kacang Hijau,2024-08-05,13000.0,15000.0
Kacang Hijau,2024-08-06,13000.0,15000.0
Kacang Hijau,2024-08-07,13000.0,15000.0
Kacang Hijau,2024-08-08,13000.0,15000.0
Kacang Hijau,2024-08-09,13000.0,15000.0
Kacang Hijau,2024-08-10,13000.0,15000.0
Kacang Hijau,2024-08-11,13000.0,15000.0
Kacang Hijau,2024-08-12,13000.0,15000.0
Kacang Hijau,2024-08-13,13000.0,15000.0
Kacang Hijau,2024-08-14,13000.0,15000.0
Kacang Hijau,2024-08-15,13000.0,15000.0
Kacang Hijau,2024-08-16,13000.0,15000.0
Kacang Hijau,2024-08-17,13000.0,15000.0
Kacang Hijau,2024-08-18,13000.0,15000.0
Kacang Hijau,2024-08-19,13000.0,15000.0
Kacang Hijau,2024-08-20,13000.0,15000.0
Kacang Hijau,2024-08-21,13000.0,15000.0
Kacang Hijau,2024-08-22,13000.0,15000.0
Kacang Hijau,2024-08-23,13000.0,15000.0
Kacang Hijau,2024-08-24,13000.0,15000.0
Kacang Hijau,2024-08-25,13000.0,15000.0
Kacang Hijau,2024-08-26,13000.0,15000.0
Kacang Hijau,2024-08-27,13000.0,15000.0
Kacang Hijau,2024-08-28,13000.0,15000.0
Kacang Hijau,2024-08-29,13000.0,15000.0
Kacang Hijau,2024-08-30,13000.0,15000.0
Kacang Hijau,2024-08-31,13000.0,15000.0
Kacang Hijau,2024-09-01,13000.0,15000.0
Kacang Hijau,2024-09-02,13000.0,15000.0
Kacang Hijau,2024-09-03,13000.0,15000.0
Kacang Hijau,2024-09-04,13000.0,15000.0
Kacang Hijau,2024-09-05,13000.0,15000.0
Kacang Hijau,2024-09-06,13000.0,15000.0
Kacang Hijau,2024-09-07,13000.0,15000.0
Kacang Hijau,2024-09-08,13000.0,15000.0
Kacang Hijau,2024-09-09,13000.0,15000.0
Kacang Hijau,2024-09-10,13000.0,15000.0
Kacang Hijau,2024-09-11,13000.0,15000.0
Kacang Hijau,2024-09-12,13000.0,15000.0
Kacang Hijau,2024-09-13,13000.0,15000.0
Kacang Hijau,2024-09-14,13000.0,15000.0
Kacang Hijau,2024-09-15,13000.0,15000.0
Kacang Hijau,2024-09-16,13000.0,15000.0
Kacang Hijau,2024-09-17,13000.0,15000.0
Kacang Hijau,2024-09-18,13000.0,15000.0
Kacang Hijau,2024-09-19,13000.0,15000.0
Kacang Hijau,2024-09-20,13000.0,15000.0
Kacang Hijau,2024-09-21,13000.0,15000.0
Kacang Hijau,2024-09-22,13000.0,15000.0
Kacang Hijau,2024-09-23,13000.0,15000.0
Kacang Hijau,2024-09-24,13000.0,15000.0
Kacang Hijau,2024-09-25,13000.0,15000.0
Kacang Hijau,2024-09-26,13000.0,15000.0
Kacang Hijau,2024-09-27,13000.0,15000.0
Kacang Hijau,2024-09-28,13000.0,15000.0
Kacang Hijau,2024-09-29,13000.0,15000.0
Kacang Hijau,2024-09-30,13000.0,15000.0
Kacang Hijau,2024-10-01,13000.0,15000.0
Kacang Hijau,2024-10-02,13000.0,15000.0
Kacang Hijau,2024-10-03,13000.0,15000.0
Kacang Hijau,2024-10-04,13000.0,15000.0
Kacang Hijau,2024-10-05,13000.0,15000.0
Kacang Hijau,2024-10-06,13000.0,15000.0
Kacang Hijau,2024-10-07,13000.0,15000.0
Kacang Hijau,2024-10-08,13000.0,15000.0
Kacang Hijau,2024-10-09,13000.0,15000.0
Kacang Hijau,2024-10-10,13000.0,15000.0
Kacang Hijau,2024-10-11,13000.0,15000.0
Kacang Hijau,2024-10-12,13000.0,15000.0
Kacang Hijau,2024-10-13,13000.0,15000.0
Kacang Hijau,2024-10-14,13000.0,15000.0
Kacang Hijau,2024-10-15,13000.0,15000.0
Kacang Hijau,2024-10-16,13000.0,15000.0
Kacang Hijau,2024-10-17,13000.0,15000.0
Kacang Hijau,2024-10-18,13000.0,15000.0
Kacang Hijau,2024-10-19,13000.0,15000.0
Kacang Hijau,2024-10-20,13000.0,15000.0
Kacang Hijau,2024-10-21,13000.0,15000.0
Kacang Hijau,2024-10-22,13000.0,15000.0
Kacang Hijau,2024-10-23,13000.0,15000.0
Kacang Hijau,2024-10-24,13000.0,15000.0
Kacang Hijau,2024-10-25,13000.0,15000.0
Kacang Hijau,2024-10-26,13000.0,15000.0
Kacang Hijau,2024-10-27,13000.0,15000.0
Kacang Hijau,2024-10-28,13000.0,15000.0
Kacang Hijau,2024-10-29,13000.0,15000.0
Kacang Hijau,2024-10-30,13000.0,15000.0
Kacang Hijau,2024-10-31,13000.0,15000.0
Kacang Hijau,2024-11-01,13000.0,15000.0
Kacang Hijau,2024-11-02,13000.0,15000.0
Kacang Hijau,2024-11-03,13000.0,15000.0
Kacang Hijau,2024-11-04,13000.0,15000.0
Kacang Hijau,2024-11-05,13000.0,15000.0
Kacang Hijau,2024-11-06,13000.0,15000.0
Kacang Hijau,2024-11-07,13000.0,15000.0
Kacang Hijau,2024-11-08,13000.0,15000.0
Kacang Hijau,2024-11-09,13000.0,15000.0
Kacang Hijau,2024-11-10,13000.0,15000.0
Kacang Hijau,2024-11-11,13000.0,15000.0
Kacang Hijau,2024-11-12,13000.0,15000.0
Kacang Hijau,2024-11-13,13000.0,15000.0
Kacang Hijau,2024-11-14,13000.0,15000.0
Kacang Hijau,2024-11-15,13000.0,15000.0
Kacang Hijau,2024-11-16,13000.0,15000.0
Kacang Hijau,2024-11-17,13000.0,15000.0
Kacang Hijau,2024-11-18,13000.0,15000.0
Kacang Hijau,2024-11-19,13000.0,15000.0
Kacang Hijau,2024-11-20,13000.0,15000.0
Kacang Hijau,2024-11-21,13000.0,15000.0
Kacang Hijau,2024-11-22,13000.0,15000.0
Kacang Hijau,2024-11-23,13000.0,15000.0
Kacang Hijau,2024-11-24,13000.0,15000.0
Kacang Hijau,2024-11-25,13000.0,15000.0
Kacang Hijau,2024-11-26,13000.0,15000.0
Kacang Hijau,2024-11-27,13000.0,15000.0
Kacang Hijau,2024-11-28,13000.0,15000.0
Kacang Hijau,2024-11-29,13000.0,15000.0
Kacang Hijau,2024-11-30,13000.0,15000.0
