Komoditi,Tanggal, Harga Petani , Harga Pengecer 
Jagung Pipil Kering,1/3/2022," Rp4,800.00 "," Rp5,000.00 "
Jagung Pipil Kering,1/4/2022," Rp4,800.00 "," Rp5,000.00 "
Jagung Pipil Kering,1/5/2022," Rp4,800.00 "," Rp5,000.00 "
Jagung Pipil Kering,1/6/2022," Rp4,800.00 "," Rp5,000.00 "
Jagung Pipil Kering,1/7/2022," Rp4,800.00 "," Rp5,000.00 "
Jagung Pipil Kering,1/8/2022,,
Jagung Pipil Kering,1/9/2022,,
Jagung Pipil Kering,1/10/2022," Rp4,800.00 "," Rp5,000.00 "
Jagung Pipil Kering,1/11/2022," Rp4,800.00 "," Rp5,000.00 "
Jagung Pipil Kering,1/12/2022," Rp4,800.00 "," Rp5,000.00 "
Jagung Pipil Kering,1/13/2022," Rp4,800.00 "," Rp5,000.00 "
Jagung Pipil Kering,1/14/2022," Rp4,800.00 "," Rp5,000.00 "
Jagung Pipil Kering,1/15/2022,,
Jagung Pipil Kering,1/16/2022,,
Jagung Pipil Kering,1/17/2022," Rp4,800.00 "," Rp5,000.00 "
Jagung Pipil Kering,1/18/2022," Rp4,800.00 "," Rp5,000.00 "
Jagung Pipil Kering,1/19/2022," Rp4,800.00 "," Rp5,000.00 "
Jagung Pipil Kering,1/20/2022," Rp4,800.00 "," Rp5,000.00 "
Jagung Pipil Kering,1/21/2022," Rp4,800.00 "," Rp5,000.00 "
Jagung Pipil Kering,1/22/2022,,
Jagung Pipil Kering,1/23/2022,,
Jagung Pipil Kering,1/24/2022," Rp4,800.00 "," Rp5,000.00 "
Jagung Pipil Kering,1/25/2022," Rp4,800.00 "," Rp5,000.00 "
Jagung Pipil Kering,1/26/2022," Rp4,800.00 "," Rp5,000.00 "
Jagung Pipil Kering,1/27/2022," Rp4,800.00 "," Rp5,000.00 "
Jagung Pipil Kering,1/28/2022," Rp4,800.00 "," Rp5,000.00 "
Jagung Pipil Kering,1/29/2022,,
Jagung Pipil Kering,1/30/2022,,
Jagung Pipil Kering,1/31/2022," Rp4,800.00 "," Rp5,000.00 "
Jagung Pipil Kering,2/1/2022,,
Jagung Pipil Kering,2/2/2022," Rp4,700.00 "," Rp4,850.00 "
Jagung Pipil Kering,2/3/2022," Rp4,700.00 "," Rp4,850.00 "
Jagung Pipil Kering,2/4/2022," Rp4,700.00 "," Rp4,850.00 "
Jagung Pipil Kering,2/5/2022,,
Jagung Pipil Kering,2/6/2022,,
Jagung Pipil Kering,2/7/2022," Rp4,700.00 "," Rp4,850.00 "
Jagung Pipil Kering,2/8/2022," Rp4,700.00 "," Rp4,850.00 "
Jagung Pipil Kering,2/9/2022," Rp4,700.00 "," Rp4,850.00 "
Jagung Pipil Kering,2/10/2022," Rp4,700.00 "," Rp4,850.00 "
Jagung Pipil Kering,2/11/2022," Rp4,700.00 "," Rp4,850.00 "
Jagung Pipil Kering,2/12/2022,,
Jagung Pipil Kering,2/13/2022,,
Jagung Pipil Kering,2/14/2022," Rp4,700.00 "," Rp4,850.00 "
Jagung Pipil Kering,2/15/2022," Rp4,700.00 "," Rp4,850.00 "
Jagung Pipil Kering,2/16/2022," Rp4,700.00 "," Rp4,850.00 "
Jagung Pipil Kering,2/17/2022," Rp4,700.00 "," Rp4,850.00 "
Jagung Pipil Kering,2/18/2022," Rp4,700.00 "," Rp4,850.00 "
Jagung Pipil Kering,2/19/2022,,
Jagung Pipil Kering,2/20/2022,,
Jagung Pipil Kering,2/21/2022," Rp4,700.00 "," Rp4,850.00 "
Jagung Pipil Kering,2/22/2022," Rp4,700.00 "," Rp4,850.00 "
Jagung Pipil Kering,2/23/2022," Rp4,700.00 "," Rp4,850.00 "
Jagung Pipil Kering,2/24/2022," Rp4,700.00 "," Rp4,850.00 "
Jagung Pipil Kering,2/25/2022," Rp4,700.00 "," Rp4,850.00 "
Jagung Pipil Kering,2/26/2022,,
Jagung Pipil Kering,2/27/2022,,
Jagung Pipil Kering,2/28/2022,,
Jagung Pipil Kering,3/1/2022,,
Jagung Pipil Kering,3/2/2022," Rp4,500.00 "," Rp4,700.00 "
Jagung Pipil Kering,3/3/2022,,
Jagung Pipil Kering,3/4/2022," Rp4,500.00 "," Rp4,700.00 "
Jagung Pipil Kering,3/5/2022,,
Jagung Pipil Kering,3/6/2022,,
Jagung Pipil Kering,3/7/2022,,
Jagung Pipil Kering,3/8/2022," Rp4,500.00 "," Rp4,700.00 "
Jagung Pipil Kering,3/9/2022," Rp4,500.00 "," Rp4,700.00 "
Jagung Pipil Kering,3/10/2022," Rp4,500.00 "," Rp4,700.00 "
Jagung Pipil Kering,3/11/2022,,
Jagung Pipil Kering,3/12/2022,,
Jagung Pipil Kering,3/13/2022,,
Jagung Pipil Kering,3/14/2022," Rp4,600.00 "," Rp5,000.00 "
Jagung Pipil Kering,3/15/2022," Rp4,600.00 "," Rp5,000.00 "
Jagung Pipil Kering,3/16/2022," Rp4,600.00 "," Rp5,000.00 "
Jagung Pipil Kering,3/17/2022," Rp4,600.00 "," Rp5,000.00 "
Jagung Pipil Kering,3/18/2022," Rp4,600.00 "," Rp5,000.00 "
Jagung Pipil Kering,3/19/2022,,
Jagung Pipil Kering,3/20/2022,,
Jagung Pipil Kering,3/21/2022," Rp4,800.00 "," Rp5,150.00 "
Jagung Pipil Kering,3/22/2022," Rp4,800.00 "," Rp5,150.00 "
Jagung Pipil Kering,3/23/2022," Rp4,800.00 "," Rp5,150.00 "
Jagung Pipil Kering,3/24/2022," Rp4,800.00 "," Rp5,150.00 "
Jagung Pipil Kering,3/25/2022," Rp4,800.00 "," Rp5,150.00 "
Jagung Pipil Kering,3/26/2022,,
Jagung Pipil Kering,3/27/2022,,
Jagung Pipil Kering,3/28/2022," Rp4,800.00 "," Rp5,200.00 "
Jagung Pipil Kering,3/29/2022," Rp4,800.00 "," Rp5,200.00 "
Jagung Pipil Kering,3/30/2022," Rp4,800.00 "," Rp5,200.00 "
Jagung Pipil Kering,3/31/2022," Rp4,800.00 "," Rp5,200.00 "
Jagung Pipil Kering,4/1/2022,,
Jagung Pipil Kering,4/2/2022,,
Jagung Pipil Kering,4/3/2022,,
Jagung Pipil Kering,4/4/2022," Rp5,100.00 "," Rp5,200.00 "
Jagung Pipil Kering,4/5/2022," Rp5,100.00 "," Rp5,200.00 "
Jagung Pipil Kering,4/6/2022," Rp5,100.00 "," Rp5,200.00 "
Jagung Pipil Kering,4/7/2022," Rp5,100.00 "," Rp5,200.00 "
Jagung Pipil Kering,4/8/2022," Rp5,100.00 "," Rp5,200.00 "
Jagung Pipil Kering,4/9/2022,,
Jagung Pipil Kering,4/10/2022,,
Jagung Pipil Kering,4/11/2022," Rp4,900.00 "," Rp5,150.00 "
Jagung Pipil Kering,4/12/2022," Rp4,900.00 "," Rp5,150.00 "
Jagung Pipil Kering,4/13/2022," Rp4,900.00 "," Rp5,150.00 "
Jagung Pipil Kering,4/14/2022," Rp4,900.00 "," Rp5,150.00 "
Jagung Pipil Kering,4/15/2022,,
Jagung Pipil Kering,4/16/2022,,
Jagung Pipil Kering,4/17/2022,,
Jagung Pipil Kering,4/18/2022," Rp4,900.00 "," Rp5,150.00 "
Jagung Pipil Kering,4/19/2022," Rp4,900.00 "," Rp5,150.00 "
Jagung Pipil Kering,4/20/2022," Rp4,900.00 "," Rp5,150.00 "
Jagung Pipil Kering,4/21/2022," Rp4,900.00 "," Rp5,150.00 "
Jagung Pipil Kering,4/22/2022," Rp4,900.00 "," Rp5,150.00 "
Jagung Pipil Kering,4/23/2022,,
Jagung Pipil Kering,4/24/2022,,
Jagung Pipil Kering,4/25/2022," Rp4,800.00 "," Rp5,000.00 "
Jagung Pipil Kering,4/26/2022," Rp4,800.00 "," Rp5,000.00 "
Jagung Pipil Kering,4/27/2022," Rp4,800.00 "," Rp5,000.00 "
Jagung Pipil Kering,4/28/2022," Rp4,800.00 "," Rp5,000.00 "
Jagung Pipil Kering,4/29/2022," Rp4,800.00 "," Rp5,000.00 "
Jagung Pipil Kering,4/30/2022,,
Jagung Pipil Kering,5/1/2022,,
Jagung Pipil Kering,5/2/2022,,
Jagung Pipil Kering,5/3/2022,,
Jagung Pipil Kering,5/4/2022," Rp4,500.00 "," Rp5,000.00 "
Jagung Pipil Kering,5/5/2022," Rp4,500.00 "," Rp5,000.00 "
Jagung Pipil Kering,5/6/2022," Rp4,400.00 "," Rp5,000.00 "
Jagung Pipil Kering,5/7/2022,,
Jagung Pipil Kering,5/8/2022,,
Jagung Pipil Kering,5/9/2022," Rp4,300.00 "," Rp4,500.00 "
Jagung Pipil Kering,5/10/2022," Rp4,200.00 "," Rp4,400.00 "
Jagung Pipil Kering,5/11/2022," Rp4,200.00 "," Rp4,400.00 "
Jagung Pipil Kering,5/12/2022," Rp4,100.00 "," Rp4,200.00 "
Jagung Pipil Kering,5/13/2022," Rp3,850.00 "," Rp4,000.00 "
Jagung Pipil Kering,5/14/2022,,
Jagung Pipil Kering,5/15/2022,,
Jagung Pipil Kering,5/16/2022,,
Jagung Pipil Kering,5/17/2022," Rp3,800.00 "," Rp4,000.00 "
Jagung Pipil Kering,5/18/2022," Rp3,800.00 "," Rp4,000.00 "
Jagung Pipil Kering,5/19/2022," Rp3,800.00 "," Rp4,000.00 "
Jagung Pipil Kering,5/20/2022," Rp3,800.00 "," Rp4,000.00 "
Jagung Pipil Kering,5/21/2022,,
Jagung Pipil Kering,5/22/2022,,
Jagung Pipil Kering,5/23/2022," Rp4,000.00 "," Rp4,250.00 "
Jagung Pipil Kering,5/24/2022," Rp4,000.00 "," Rp4,250.00 "
Jagung Pipil Kering,5/25/2022," Rp4,000.00 "," Rp4,250.00 "
Jagung Pipil Kering,5/26/2022," Rp4,000.00 "," Rp4,250.00 "
Jagung Pipil Kering,5/27/2022," Rp4,000.00 "," Rp4,250.00 "
Jagung Pipil Kering,5/28/2022," Rp4,000.00 "," Rp4,250.00 "
Jagung Pipil Kering,5/29/2022," Rp4,000.00 "," Rp4,250.00 "
Jagung Pipil Kering,5/30/2022," Rp4,000.00 "," Rp4,250.00 "
Jagung Pipil Kering,5/31/2022," Rp4,000.00 "," Rp4,250.00 "
Jagung Pipil Kering,6/1/2022,,
Jagung Pipil Kering,6/2/2022," Rp3,900.00 "," Rp4,250.00 "
Jagung Pipil Kering,6/3/2022," Rp3,900.00 "," Rp4,250.00 "
Jagung Pipil Kering,6/4/2022,,
Jagung Pipil Kering,6/5/2022,,
Jagung Pipil Kering,6/6/2022," Rp3,900.00 "," Rp4,250.00 "
Jagung Pipil Kering,6/7/2022," Rp3,900.00 "," Rp4,250.00 "
Jagung Pipil Kering,6/8/2022," Rp3,900.00 "," Rp4,250.00 "
Jagung Pipil Kering,6/9/2022," Rp3,900.00 "," Rp4,250.00 "
Jagung Pipil Kering,6/10/2022," Rp3,900.00 "," Rp4,250.00 "
Jagung Pipil Kering,6/11/2022,,
Jagung Pipil Kering,6/12/2022,,
Jagung Pipil Kering,6/13/2022," Rp3,900.00 "," Rp4,250.00 "
Jagung Pipil Kering,6/14/2022," Rp3,900.00 "," Rp4,250.00 "
Jagung Pipil Kering,6/15/2022," Rp3,900.00 "," Rp4,250.00 "
Jagung Pipil Kering,6/16/2022," Rp3,900.00 "," Rp4,250.00 "
Jagung Pipil Kering,6/17/2022," Rp3,900.00 "," Rp4,250.00 "
Jagung Pipil Kering,6/18/2022,,
Jagung Pipil Kering,6/19/2022,,
Jagung Pipil Kering,6/20/2022," Rp3,900.00 "," Rp4,250.00 "
Jagung Pipil Kering,6/21/2022," Rp3,900.00 "," Rp4,250.00 "
Jagung Pipil Kering,6/22/2022," Rp3,900.00 "," Rp4,250.00 "
Jagung Pipil Kering,6/23/2022," Rp4,000.00 "," Rp4,150.00 "
Jagung Pipil Kering,6/24/2022," Rp4,000.00 "," Rp4,150.00 "
Jagung Pipil Kering,6/25/2022,,
Jagung Pipil Kering,6/26/2022,,
Jagung Pipil Kering,6/27/2022," Rp4,000.00 "," Rp4,250.00 "
Jagung Pipil Kering,6/28/2022," Rp4,000.00 "," Rp4,250.00 "
Jagung Pipil Kering,6/29/2022," Rp3,600.00 "," Rp3,800.00 "
Jagung Pipil Kering,6/30/2022," Rp3,600.00 "," Rp3,800.00 "
Jagung Pipil Kering,7/1/2022,,
Jagung Pipil Kering,7/2/2022,,
Jagung Pipil Kering,7/3/2022,,
Jagung Pipil Kering,7/4/2022," Rp3,900.00 "," Rp4,250.00 "
Jagung Pipil Kering,7/5/2022," Rp3,900.00 "," Rp4,250.00 "
Jagung Pipil Kering,7/6/2022," Rp3,900.00 "," Rp4,250.00 "
Jagung Pipil Kering,7/7/2022," Rp3,900.00 "," Rp4,250.00 "
Jagung Pipil Kering,7/8/2022," Rp3,900.00 "," Rp4,250.00 "
Jagung Pipil Kering,7/9/2022,,
Jagung Pipil Kering,7/10/2022,,
Jagung Pipil Kering,7/11/2022," Rp3,300.00 "," Rp3,600.00 "
Jagung Pipil Kering,7/12/2022," Rp3,300.00 "," Rp3,600.00 "
Jagung Pipil Kering,7/13/2022," Rp3,300.00 "," Rp3,600.00 "
Jagung Pipil Kering,7/14/2022," Rp3,300.00 "," Rp3,600.00 "
Jagung Pipil Kering,7/15/2022," Rp3,300.00 "," Rp3,600.00 "
Jagung Pipil Kering,7/16/2022,,
Jagung Pipil Kering,7/17/2022,,
Jagung Pipil Kering,7/18/2022," Rp3,300.00 "," Rp3,600.00 "
Jagung Pipil Kering,7/19/2022," Rp3,300.00 "," Rp3,600.00 "
Jagung Pipil Kering,7/20/2022," Rp3,300.00 "," Rp3,600.00 "
Jagung Pipil Kering,7/21/2022," Rp3,300.00 "," Rp3,600.00 "
Jagung Pipil Kering,7/22/2022," Rp3,400.00 "," Rp3,700.00 "
Jagung Pipil Kering,7/23/2022,,
Jagung Pipil Kering,7/24/2022,,
Jagung Pipil Kering,7/25/2022," Rp3,500.00 "," Rp3,800.00 "
Jagung Pipil Kering,7/26/2022," Rp3,600.00 "," Rp3,900.00 "
Jagung Pipil Kering,7/27/2022," Rp3,600.00 "," Rp3,900.00 "
Jagung Pipil Kering,7/28/2022," Rp3,600.00 "," Rp3,950.00 "
Jagung Pipil Kering,7/29/2022," Rp3,800.00 "," Rp4,000.00 "
Jagung Pipil Kering,7/30/2022,,
Jagung Pipil Kering,7/31/2022,,
Jagung Pipil Kering,8/1/2022," Rp3,800.00 "," Rp4,000.00 "
Jagung Pipil Kering,8/2/2022," Rp3,800.00 "," Rp4,000.00 "
Jagung Pipil Kering,8/3/2022," Rp3,800.00 "," Rp4,000.00 "
Jagung Pipil Kering,8/4/2022," Rp3,800.00 "," Rp4,000.00 "
Jagung Pipil Kering,8/5/2022," Rp3,800.00 "," Rp4,000.00 "
Jagung Pipil Kering,8/6/2022,,
Jagung Pipil Kering,8/7/2022,,
Jagung Pipil Kering,8/8/2022," Rp3,800.00 "," Rp4,000.00 "
Jagung Pipil Kering,8/9/2022," Rp3,800.00 "," Rp4,000.00 "
Jagung Pipil Kering,8/10/2022," Rp3,800.00 "," Rp4,000.00 "
Jagung Pipil Kering,8/11/2022," Rp3,800.00 "," Rp4,000.00 "
Jagung Pipil Kering,8/12/2022," Rp3,800.00 "," Rp4,000.00 "
Jagung Pipil Kering,8/13/2022,,
Jagung Pipil Kering,8/14/2022,,
Jagung Pipil Kering,8/15/2022," Rp3,700.00 "," Rp3,900.00 "
Jagung Pipil Kering,8/16/2022," Rp3,700.00 "," Rp3,900.00 "
Jagung Pipil Kering,8/17/2022," Rp3,700.00 "," Rp3,900.00 "
Jagung Pipil Kering,8/18/2022," Rp3,700.00 "," Rp3,900.00 "
Jagung Pipil Kering,8/19/2022," Rp3,700.00 "," Rp3,900.00 "
Jagung Pipil Kering,8/20/2022,,
Jagung Pipil Kering,8/21/2022,,
Jagung Pipil Kering,8/22/2022," Rp3,700.00 "," Rp3,900.00 "
Jagung Pipil Kering,8/23/2022," Rp3,700.00 "," Rp3,900.00 "
Jagung Pipil Kering,8/24/2022," Rp3,700.00 "," Rp3,900.00 "
Jagung Pipil Kering,8/25/2022," Rp3,700.00 "," Rp3,900.00 "
Jagung Pipil Kering,8/26/2022," Rp3,700.00 "," Rp3,900.00 "
Jagung Pipil Kering,8/27/2022,,
Jagung Pipil Kering,8/28/2022,,
Jagung Pipil Kering,8/29/2022," Rp3,800.00 "," Rp3,900.00 "
Jagung Pipil Kering,8/30/2022," Rp3,800.00 "," Rp3,900.00 "
Jagung Pipil Kering,8/31/2022," Rp3,800.00 "," Rp3,900.00 "
Jagung Pipil Kering,9/1/2022," Rp3,800.00 "," Rp3,900.00 "
Jagung Pipil Kering,9/2/2022," Rp3,800.00 "," Rp3,900.00 "
Jagung Pipil Kering,9/3/2022,,
Jagung Pipil Kering,9/4/2022,,
Jagung Pipil Kering,9/5/2022," Rp3,800.00 "," Rp3,900.00 "
Jagung Pipil Kering,9/6/2022," Rp3,800.00 "," Rp3,900.00 "
Jagung Pipil Kering,9/7/2022," Rp3,800.00 "," Rp3,900.00 "
Jagung Pipil Kering,9/8/2022," Rp3,800.00 "," Rp3,900.00 "
Jagung Pipil Kering,9/9/2022," Rp3,800.00 "," Rp3,900.00 "
Jagung Pipil Kering,9/10/2022,,
Jagung Pipil Kering,9/11/2022,,
Jagung Pipil Kering,9/12/2022," Rp3,800.00 "," Rp3,900.00 "
Jagung Pipil Kering,9/13/2022," Rp3,800.00 "," Rp3,900.00 "
Jagung Pipil Kering,9/14/2022," Rp3,800.00 "," Rp3,900.00 "
Jagung Pipil Kering,9/15/2022," Rp3,800.00 "," Rp3,900.00 "
Jagung Pipil Kering,9/16/2022," Rp3,800.00 "," Rp3,900.00 "
Jagung Pipil Kering,9/17/2022,,
Jagung Pipil Kering,9/18/2022,,
Jagung Pipil Kering,9/19/2022," Rp3,800.00 "," Rp3,950.00 "
Jagung Pipil Kering,9/20/2022," Rp3,800.00 "," Rp3,950.00 "
Jagung Pipil Kering,9/21/2022," Rp3,800.00 "," Rp3,950.00 "
Jagung Pipil Kering,9/22/2022," Rp3,800.00 "," Rp3,950.00 "
Jagung Pipil Kering,9/23/2022," Rp3,800.00 "," Rp3,950.00 "
Jagung Pipil Kering,9/24/2022,,
Jagung Pipil Kering,9/25/2022,,
Jagung Pipil Kering,9/26/2022," Rp3,800.00 "," Rp3,950.00 "
Jagung Pipil Kering,9/27/2022," Rp3,800.00 "," Rp3,950.00 "
Jagung Pipil Kering,9/28/2022," Rp3,800.00 "," Rp3,950.00 "
Jagung Pipil Kering,9/29/2022," Rp3,800.00 "," Rp3,950.00 "
Jagung Pipil Kering,9/30/2022," Rp3,800.00 "," Rp3,950.00 "
Jagung Pipil Kering,10/1/2022,,
Jagung Pipil Kering,10/2/2022,,
Jagung Pipil Kering,10/3/2022," Rp3,800.00 "," Rp3,950.00 "
Jagung Pipil Kering,10/4/2022," Rp3,800.00 "," Rp3,950.00 "
Jagung Pipil Kering,10/5/2022," Rp3,800.00 "," Rp3,950.00 "
Jagung Pipil Kering,10/6/2022," Rp3,800.00 "," Rp3,950.00 "
Jagung Pipil Kering,10/7/2022," Rp3,800.00 "," Rp3,950.00 "
Jagung Pipil Kering,10/8/2022,,
Jagung Pipil Kering,10/9/2022,,
Jagung Pipil Kering,10/10/2022," Rp3,800.00 "," Rp3,900.00 "
Jagung Pipil Kering,10/11/2022," Rp3,800.00 "," Rp3,900.00 "
Jagung Pipil Kering,10/12/2022," Rp3,800.00 "," Rp3,900.00 "
Jagung Pipil Kering,10/13/2022," Rp3,800.00 "," Rp3,800.00 "
Jagung Pipil Kering,10/14/2022," Rp3,800.00 "," Rp3,800.00 "
Jagung Pipil Kering,10/15/2022,,
Jagung Pipil Kering,10/16/2022,,
Jagung Pipil Kering,10/17/2022," Rp3,800.00 "," Rp3,800.00 "
Jagung Pipil Kering,10/18/2022," Rp3,800.00 "," Rp3,800.00 "
Jagung Pipil Kering,10/19/2022," Rp3,700.00 "," Rp3,800.00 "
Jagung Pipil Kering,10/20/2022," Rp3,700.00 "," Rp3,800.00 "
Jagung Pipil Kering,10/21/2022," Rp3,700.00 "," Rp3,800.00 "
Jagung Pipil Kering,10/22/2022,,
Jagung Pipil Kering,10/23/2022,,
Jagung Pipil Kering,10/24/2022," Rp3,700.00 "," Rp3,800.00 "
Jagung Pipil Kering,10/25/2022," Rp3,700.00 "," Rp3,800.00 "
Jagung Pipil Kering,10/26/2022," Rp3,700.00 "," Rp3,800.00 "
Jagung Pipil Kering,10/27/2022," Rp3,700.00 "," Rp3,800.00 "
Jagung Pipil Kering,10/28/2022," Rp3,700.00 "," Rp3,800.00 "
Jagung Pipil Kering,10/29/2022,,
Jagung Pipil Kering,10/30/2022,,
Jagung Pipil Kering,10/31/2022," Rp3,700.00 "," Rp3,800.00 "
Jagung Pipil Kering,11/1/2022,,
Jagung Pipil Kering,11/2/2022,,
Jagung Pipil Kering,11/3/2022,,
Jagung Pipil Kering,11/4/2022,,
Jagung Pipil Kering,11/5/2022,,
Jagung Pipil Kering,11/6/2022,,
Jagung Pipil Kering,11/7/2022,,
Jagung Pipil Kering,11/8/2022,,
Jagung Pipil Kering,11/9/2022,,
Jagung Pipil Kering,11/10/2022,,
Jagung Pipil Kering,11/11/2022,,
Jagung Pipil Kering,11/12/2022,,
Jagung Pipil Kering,11/13/2022,,
Jagung Pipil Kering,11/14/2022,,
Jagung Pipil Kering,11/15/2022,,
Jagung Pipil Kering,11/16/2022,,
Jagung Pipil Kering,11/17/2022,,
Jagung Pipil Kering,11/18/2022,,
Jagung Pipil Kering,11/19/2022,,
Jagung Pipil Kering,11/20/2022,,
Jagung Pipil Kering,11/21/2022,,
Jagung Pipil Kering,11/22/2022,,
Jagung Pipil Kering,11/23/2022,,
Jagung Pipil Kering,11/24/2022,,
Jagung Pipil Kering,11/25/2022,,
Jagung Pipil Kering,11/26/2022,,
Jagung Pipil Kering,11/27/2022,,
Jagung Pipil Kering,11/28/2022,,
Jagung Pipil Kering,11/29/2022,,
Jagung Pipil Kering,11/30/2022,,
Jagung Pipil Kering,12/1/2022," Rp3,400.00 "," Rp3,600.00 "
Jagung Pipil Kering,12/2/2022," Rp3,400.00 "," Rp3,600.00 "
Jagung Pipil Kering,12/3/2022,,
Jagung Pipil Kering,12/4/2022,,
Jagung Pipil Kering,12/5/2022," Rp3,400.00 "," Rp3,600.00 "
Jagung Pipil Kering,12/6/2022," Rp3,400.00 "," Rp3,600.00 "
Jagung Pipil Kering,12/7/2022," Rp3,400.00 "," Rp3,600.00 "
Jagung Pipil Kering,12/8/2022," Rp3,400.00 "," Rp3,600.00 "
Jagung Pipil Kering,12/9/2022," Rp3,400.00 "," Rp3,600.00 "
Jagung Pipil Kering,12/10/2022,,
Jagung Pipil Kering,12/11/2022,,
Jagung Pipil Kering,12/12/2022," Rp3,400.00 "," Rp3,600.00 "
Jagung Pipil Kering,12/13/2022," Rp3,400.00 "," Rp3,600.00 "
Jagung Pipil Kering,12/14/2022," Rp3,400.00 "," Rp3,600.00 "
Jagung Pipil Kering,12/15/2022," Rp3,400.00 "," Rp3,600.00 "
Jagung Pipil Kering,12/16/2022," Rp3,400.00 "," Rp3,600.00 "
Jagung Pipil Kering,12/17/2022,,
Jagung Pipil Kering,12/18/2022,,
Jagung Pipil Kering,12/19/2022," Rp3,400.00 "," Rp3,600.00 "
Jagung Pipil Kering,12/20/2022," Rp3,400.00 "," Rp3,600.00 "
Jagung Pipil Kering,12/21/2022," Rp3,400.00 "," Rp3,600.00 "
Jagung Pipil Kering,12/22/2022," Rp3,400.00 "," Rp3,600.00 "
Jagung Pipil Kering,12/23/2022," Rp3,400.00 "," Rp3,600.00 "
Jagung Pipil Kering,12/24/2022,,
Jagung Pipil Kering,12/25/2022,,
Jagung Pipil Kering,12/26/2022," Rp3,400.00 "," Rp3,700.00 "
Jagung Pipil Kering,12/27/2022," Rp3,400.00 "," Rp3,700.00 "
Jagung Pipil Kering,12/28/2022," Rp3,400.00 "," Rp3,700.00 "
Jagung Pipil Kering,12/29/2022," Rp3,400.00 "," Rp3,700.00 "
Jagung Pipil Kering,12/30/2022," Rp3,400.00 "," Rp3,700.00 "
Jagung Pipil Kering,12/31/2022,,
Jagung Pipil Kering,1/1/2023,,
Jagung Pipil Kering,1/2/2023," Rp3,400.00 "," Rp3,600.00 "
Jagung Pipil Kering,1/3/2023," Rp3,400.00 "," Rp3,600.00 "
Jagung Pipil Kering,1/4/2023," Rp3,400.00 "," Rp3,600.00 "
Jagung Pipil Kering,1/5/2023," Rp3,400.00 "," Rp3,600.00 "
Jagung Pipil Kering,1/6/2023," Rp3,400.00 "," Rp3,600.00 "
Jagung Pipil Kering,1/7/2023,,
Jagung Pipil Kering,1/8/2023,,
Jagung Pipil Kering,1/9/2023," Rp3,500.00 "," Rp3,800.00 "
Jagung Pipil Kering,1/10/2023," Rp3,500.00 "," Rp3,800.00 "
Jagung Pipil Kering,1/11/2023," Rp3,500.00 "," Rp3,800.00 "
Jagung Pipil Kering,1/12/2023," Rp3,500.00 "," Rp3,800.00 "
Jagung Pipil Kering,1/13/2023," Rp3,500.00 "," Rp3,800.00 "
Jagung Pipil Kering,1/14/2023,,
Jagung Pipil Kering,1/15/2023,,
Jagung Pipil Kering,1/16/2023," Rp3,600.00 "," Rp3,900.00 "
Jagung Pipil Kering,1/17/2023," Rp3,600.00 "," Rp3,900.00 "
Jagung Pipil Kering,1/18/2023," Rp3,600.00 "," Rp3,900.00 "
Jagung Pipil Kering,1/19/2023," Rp3,600.00 "," Rp3,900.00 "
Jagung Pipil Kering,1/20/2023," Rp3,600.00 "," Rp3,900.00 "
Jagung Pipil Kering,1/21/2023,,
Jagung Pipil Kering,1/22/2023,,
Jagung Pipil Kering,1/23/2023," Rp3,800.00 "," Rp4,200.00 "
Jagung Pipil Kering,1/24/2023," Rp3,800.00 "," Rp4,200.00 "
Jagung Pipil Kering,1/25/2023," Rp3,800.00 "," Rp4,200.00 "
Jagung Pipil Kering,1/26/2023," Rp3,800.00 "," Rp4,200.00 "
Jagung Pipil Kering,1/27/2023," Rp3,800.00 "," Rp4,200.00 "
Jagung Pipil Kering,1/28/2023,,
Jagung Pipil Kering,1/29/2023,,
Jagung Pipil Kering,1/30/2023," Rp3,800.00 "," Rp4,200.00 "
Jagung Pipil Kering,1/31/2023," Rp3,800.00 "," Rp4,200.00 "
Jagung Pipil Kering,2/1/2023," Rp3,800.00 "," Rp4,200.00 "
Jagung Pipil Kering,2/2/2023," Rp3,800.00 "," Rp4,200.00 "
Jagung Pipil Kering,2/3/2023," Rp3,800.00 "," Rp4,200.00 "
Jagung Pipil Kering,2/4/2023,,
Jagung Pipil Kering,2/5/2023,,
Jagung Pipil Kering,2/6/2023," Rp3,900.00 "," Rp4,300.00 "
Jagung Pipil Kering,2/7/2023," Rp3,900.00 "," Rp4,300.00 "
Jagung Pipil Kering,2/8/2023," Rp3,900.00 "," Rp4,300.00 "
Jagung Pipil Kering,2/9/2023," Rp3,900.00 "," Rp4,300.00 "
Jagung Pipil Kering,2/10/2023," Rp3,900.00 "," Rp4,300.00 "
Jagung Pipil Kering,2/11/2023,,
Jagung Pipil Kering,2/12/2023,,
Jagung Pipil Kering,2/13/2023," Rp3,900.00 "," Rp4,300.00 "
Jagung Pipil Kering,2/14/2023," Rp3,900.00 "," Rp4,300.00 "
Jagung Pipil Kering,2/15/2023," Rp3,900.00 "," Rp4,300.00 "
Jagung Pipil Kering,2/16/2023," Rp3,900.00 "," Rp4,300.00 "
Jagung Pipil Kering,2/17/2023," Rp3,900.00 "," Rp4,300.00 "
Jagung Pipil Kering,2/18/2023,,
Jagung Pipil Kering,2/19/2023,,
Jagung Pipil Kering,2/20/2023," Rp3,900.00 "," Rp4,300.00 "
Jagung Pipil Kering,2/21/2023," Rp3,900.00 "," Rp4,300.00 "
Jagung Pipil Kering,2/22/2023," Rp3,900.00 "," Rp4,300.00 "
Jagung Pipil Kering,2/23/2023," Rp4,100.00 "," Rp4,450.00 "
Jagung Pipil Kering,2/24/2023," Rp4,100.00 "," Rp4,450.00 "
Jagung Pipil Kering,2/25/2023,,
Jagung Pipil Kering,2/26/2023,,
Jagung Pipil Kering,2/27/2023," Rp4,100.00 "," Rp4,500.00 "
Jagung Pipil Kering,2/28/2023," Rp4,100.00 "," Rp4,500.00 "
Jagung Pipil Kering,3/1/2023," Rp3,800.00 "," Rp4,200.00 "
Jagung Pipil Kering,3/2/2023," Rp3,800.00 "," Rp4,200.00 "
Jagung Pipil Kering,3/3/2023," Rp3,800.00 "," Rp4,200.00 "
Jagung Pipil Kering,3/4/2023,,
Jagung Pipil Kering,3/5/2023,,
Jagung Pipil Kering,3/6/2023," Rp3,800.00 "," Rp4,200.00 "
Jagung Pipil Kering,3/7/2023," Rp3,800.00 "," Rp4,200.00 "
Jagung Pipil Kering,3/8/2023," Rp3,800.00 "," Rp4,200.00 "
Jagung Pipil Kering,3/9/2023," Rp3,800.00 "," Rp4,200.00 "
Jagung Pipil Kering,3/10/2023," Rp3,800.00 "," Rp4,200.00 "
Jagung Pipil Kering,3/11/2023,,
Jagung Pipil Kering,3/12/2023,,
Jagung Pipil Kering,3/13/2023," Rp3,900.00 "," Rp4,300.00 "
Jagung Pipil Kering,3/14/2023," Rp3,900.00 "," Rp4,300.00 "
Jagung Pipil Kering,3/15/2023," Rp3,900.00 "," Rp4,300.00 "
Jagung Pipil Kering,3/16/2023," Rp3,900.00 "," Rp4,300.00 "
Jagung Pipil Kering,3/17/2023," Rp3,900.00 "," Rp4,300.00 "
Jagung Pipil Kering,3/18/2023,,
Jagung Pipil Kering,3/19/2023,,
Jagung Pipil Kering,3/20/2023," Rp3,900.00 "," Rp4,300.00 "
Jagung Pipil Kering,3/21/2023," Rp3,900.00 "," Rp4,300.00 "
Jagung Pipil Kering,3/22/2023,,
Jagung Pipil Kering,3/23/2023,,
Jagung Pipil Kering,3/24/2023," Rp3,900.00 "," Rp4,300.00 "
Jagung Pipil Kering,3/25/2023,,
Jagung Pipil Kering,3/26/2023,,
Jagung Pipil Kering,3/27/2023," Rp4,200.00 "," Rp4,900.00 "
Jagung Pipil Kering,3/28/2023," Rp4,200.00 "," Rp4,900.00 "
Jagung Pipil Kering,3/29/2023," Rp4,200.00 "," Rp4,900.00 "
Jagung Pipil Kering,3/30/2023," Rp4,200.00 "," Rp4,900.00 "
Jagung Pipil Kering,3/31/2023," Rp4,200.00 "," Rp4,900.00 "
Jagung Pipil Kering,4/1/2023,,
Jagung Pipil Kering,4/2/2023,,
Jagung Pipil Kering,4/3/2023," Rp4,200.00 "," Rp4,900.00 "
Jagung Pipil Kering,4/4/2023," Rp4,200.00 "," Rp4,900.00 "
Jagung Pipil Kering,4/5/2023," Rp4,200.00 "," Rp4,900.00 "
Jagung Pipil Kering,4/6/2023," Rp4,200.00 "," Rp4,900.00 "
Jagung Pipil Kering,4/7/2023,,
Jagung Pipil Kering,4/8/2023,,
Jagung Pipil Kering,4/9/2023,,
Jagung Pipil Kering,4/10/2023," Rp4,500.00 "," Rp4,900.00 "
Jagung Pipil Kering,4/11/2023," Rp4,500.00 "," Rp4,900.00 "
Jagung Pipil Kering,4/12/2023," Rp4,500.00 "," Rp4,900.00 "
Jagung Pipil Kering,4/13/2023," Rp4,500.00 "," Rp4,900.00 "
Jagung Pipil Kering,4/14/2023," Rp4,500.00 "," Rp4,900.00 "
Jagung Pipil Kering,4/15/2023,,
Jagung Pipil Kering,4/16/2023,,
Jagung Pipil Kering,4/17/2023," Rp4,500.00 "," Rp4,900.00 "
Jagung Pipil Kering,4/18/2023," Rp4,500.00 "," Rp4,900.00 "
Jagung Pipil Kering,4/19/2023," Rp4,500.00 "," Rp4,900.00 "
Jagung Pipil Kering,4/20/2023," Rp4,500.00 "," Rp4,900.00 "
Jagung Pipil Kering,4/21/2023," Rp4,500.00 "," Rp4,900.00 "
Jagung Pipil Kering,4/22/2023,,
Jagung Pipil Kering,4/23/2023,,
Jagung Pipil Kering,4/24/2023," Rp4,700.00 "," Rp4,950.00 "
Jagung Pipil Kering,4/25/2023," Rp4,700.00 "," Rp4,950.00 "
Jagung Pipil Kering,4/26/2023," Rp4,700.00 "," Rp4,950.00 "
Jagung Pipil Kering,4/27/2023," Rp4,700.00 "," Rp4,950.00 "
Jagung Pipil Kering,4/28/2023," Rp4,700.00 "," Rp4,950.00 "
Jagung Pipil Kering,4/29/2023,,
Jagung Pipil Kering,4/30/2023,,
Jagung Pipil Kering,5/1/2023,,
Jagung Pipil Kering,5/2/2023," Rp4,700.00 "," Rp4,950.00 "
Jagung Pipil Kering,5/3/2023," Rp4,700.00 "," Rp4,950.00 "
Jagung Pipil Kering,5/4/2023," Rp4,700.00 "," Rp4,950.00 "
Jagung Pipil Kering,5/5/2023," Rp4,700.00 "," Rp4,950.00 "
Jagung Pipil Kering,5/6/2023,,
Jagung Pipil Kering,5/7/2023,,
Jagung Pipil Kering,5/8/2023," Rp4,700.00 "," Rp4,950.00 "
Jagung Pipil Kering,5/9/2023," Rp4,700.00 "," Rp4,950.00 "
Jagung Pipil Kering,5/10/2023," Rp4,700.00 "," Rp4,950.00 "
Jagung Pipil Kering,5/11/2023," Rp4,700.00 "," Rp4,950.00 "
Jagung Pipil Kering,5/12/2023," Rp4,700.00 "," Rp4,950.00 "
Jagung Pipil Kering,5/13/2023,,
Jagung Pipil Kering,5/14/2023,,
Jagung Pipil Kering,5/15/2023," Rp4,700.00 "," Rp4,900.00 "
Jagung Pipil Kering,5/16/2023," Rp4,700.00 "," Rp4,900.00 "
Jagung Pipil Kering,5/17/2023," Rp4,700.00 "," Rp4,900.00 "
Jagung Pipil Kering,5/18/2023,,
Jagung Pipil Kering,5/19/2023," Rp4,700.00 "," Rp4,900.00 "
Jagung Pipil Kering,5/20/2023,,
Jagung Pipil Kering,5/21/2023,,
Jagung Pipil Kering,5/22/2023," Rp4,700.00 "," Rp4,900.00 "
Jagung Pipil Kering,5/23/2023," Rp4,700.00 "," Rp4,900.00 "
Jagung Pipil Kering,5/24/2023," Rp4,700.00 "," Rp4,900.00 "
Jagung Pipil Kering,5/25/2023," Rp4,700.00 "," Rp4,900.00 "
Jagung Pipil Kering,5/26/2023," Rp4,700.00 "," Rp4,900.00 "
Jagung Pipil Kering,5/27/2023,,
Jagung Pipil Kering,5/28/2023,,
Jagung Pipil Kering,5/29/2023," Rp4,700.00 "," Rp4,900.00 "
Jagung Pipil Kering,5/30/2023," Rp4,700.00 "," Rp4,900.00 "
Jagung Pipil Kering,5/31/2023," Rp4,700.00 "," Rp4,900.00 "
Jagung Pipil Kering,6/1/2023,,
Jagung Pipil Kering,6/2/2023," Rp4,700.00 "," Rp4,900.00 "
Jagung Pipil Kering,6/3/2023,,
Jagung Pipil Kering,6/4/2023,,
Jagung Pipil Kering,6/5/2023," Rp4,700.00 "," Rp4,900.00 "
Jagung Pipil Kering,6/6/2023," Rp4,700.00 "," Rp4,900.00 "
Jagung Pipil Kering,6/7/2023," Rp4,700.00 "," Rp4,900.00 "
Jagung Pipil Kering,6/8/2023," Rp4,700.00 "," Rp4,900.00 "
Jagung Pipil Kering,6/9/2023," Rp4,700.00 "," Rp4,900.00 "
Jagung Pipil Kering,6/10/2023,,
Jagung Pipil Kering,6/11/2023,,
Jagung Pipil Kering,6/12/2023," Rp4,700.00 "," Rp4,800.00 "
Jagung Pipil Kering,6/13/2023," Rp4,700.00 "," Rp4,800.00 "
Jagung Pipil Kering,6/14/2023," Rp4,700.00 "," Rp4,800.00 "
Jagung Pipil Kering,6/15/2023," Rp4,700.00 "," Rp4,800.00 "
Jagung Pipil Kering,6/16/2023," Rp4,700.00 "," Rp4,800.00 "
Jagung Pipil Kering,6/17/2023,,
Jagung Pipil Kering,6/18/2023,,
Jagung Pipil Kering,6/19/2023," Rp4,700.00 "," Rp4,800.00 "
Jagung Pipil Kering,6/20/2023," Rp4,700.00 "," Rp4,800.00 "
Jagung Pipil Kering,6/21/2023," Rp4,700.00 "," Rp4,800.00 "
Jagung Pipil Kering,6/22/2023," Rp4,700.00 "," Rp4,800.00 "
Jagung Pipil Kering,6/23/2023," Rp4,700.00 "," Rp4,800.00 "
Jagung Pipil Kering,6/24/2023,,
Jagung Pipil Kering,6/25/2023,,
Jagung Pipil Kering,6/26/2023," Rp4,700.00 "," Rp4,800.00 "
Jagung Pipil Kering,6/27/2023," Rp4,700.00 "," Rp4,800.00 "
Jagung Pipil Kering,6/28/2023," Rp4,700.00 "," Rp4,800.00 "
Jagung Pipil Kering,6/29/2023," Rp4,700.00 "," Rp4,800.00 "
Jagung Pipil Kering,6/30/2023," Rp4,700.00 "," Rp4,800.00 "
Jagung Pipil Kering,7/1/2023,,
Jagung Pipil Kering,7/2/2023,,
Jagung Pipil Kering,7/3/2023," Rp4,700.00 "," Rp4,800.00 "
Jagung Pipil Kering,7/4/2023," Rp4,700.00 "," Rp4,800.00 "
Jagung Pipil Kering,7/5/2023," Rp4,700.00 "," Rp4,800.00 "
Jagung Pipil Kering,7/6/2023," Rp4,700.00 "," Rp4,800.00 "
Jagung Pipil Kering,7/7/2023," Rp4,700.00 "," Rp4,800.00 "
Jagung Pipil Kering,7/8/2023,,
Jagung Pipil Kering,7/9/2023,,
Jagung Pipil Kering,7/10/2023," Rp4,700.00 "," Rp4,800.00 "
Jagung Pipil Kering,7/11/2023," Rp4,700.00 "," Rp4,800.00 "
Jagung Pipil Kering,7/12/2023," Rp4,700.00 "," Rp4,800.00 "
Jagung Pipil Kering,7/13/2023," Rp4,700.00 "," Rp4,800.00 "
Jagung Pipil Kering,7/14/2023," Rp4,700.00 "," Rp4,800.00 "
Jagung Pipil Kering,7/15/2023,,
Jagung Pipil Kering,7/16/2023,,
Jagung Pipil Kering,7/17/2023," Rp4,700.00 "," Rp4,800.00 "
Jagung Pipil Kering,7/18/2023," Rp4,700.00 "," Rp4,800.00 "
Jagung Pipil Kering,7/19/2023,,
Jagung Pipil Kering,7/20/2023," Rp4,700.00 "," Rp4,800.00 "
Jagung Pipil Kering,7/21/2023," Rp4,700.00 "," Rp4,800.00 "
Jagung Pipil Kering,7/22/2023,,
Jagung Pipil Kering,7/23/2023,,
Jagung Pipil Kering,7/24/2023," Rp4,700.00 "," Rp4,800.00 "
Jagung Pipil Kering,7/25/2023," Rp4,700.00 "," Rp4,800.00 "
Jagung Pipil Kering,7/26/2023," Rp4,700.00 "," Rp4,800.00 "
Jagung Pipil Kering,7/27/2023," Rp4,700.00 "," Rp4,800.00 "
Jagung Pipil Kering,7/28/2023," Rp4,700.00 "," Rp4,800.00 "
Jagung Pipil Kering,7/29/2023,,
Jagung Pipil Kering,7/30/2023," Rp4,700.00 "," Rp4,800.00 "
Jagung Pipil Kering,7/31/2023," Rp4,700.00 "," Rp4,800.00 "
Jagung Pipil Kering,8/1/2023," Rp4,700.00 "," Rp4,800.00 "
Jagung Pipil Kering,8/2/2023," Rp4,700.00 "," Rp4,800.00 "
Jagung Pipil Kering,8/3/2023," Rp4,700.00 "," Rp4,800.00 "
Jagung Pipil Kering,8/4/2023," Rp4,700.00 "," Rp4,800.00 "
Jagung Pipil Kering,8/5/2023,,
Jagung Pipil Kering,8/6/2023,,
Jagung Pipil Kering,8/7/2023," Rp4,700.00 "," Rp4,800.00 "
Jagung Pipil Kering,8/8/2023," Rp4,700.00 "," Rp4,800.00 "
Jagung Pipil Kering,8/9/2023," Rp4,700.00 "," Rp4,800.00 "
Jagung Pipil Kering,8/10/2023," Rp4,700.00 "," Rp4,800.00 "
Jagung Pipil Kering,8/11/2023," Rp4,700.00 "," Rp4,800.00 "
Jagung Pipil Kering,8/12/2023,,
Jagung Pipil Kering,8/13/2023,,
Jagung Pipil Kering,8/14/2023," Rp4,800.00 "," Rp5,000.00 "
Jagung Pipil Kering,8/15/2023," Rp4,800.00 "," Rp5,000.00 "
Jagung Pipil Kering,8/16/2023," Rp4,800.00 "," Rp5,000.00 "
Jagung Pipil Kering,8/17/2023,,
Jagung Pipil Kering,8/18/2023," Rp4,800.00 "," Rp5,000.00 "
Jagung Pipil Kering,8/19/2023,,
Jagung Pipil Kering,8/20/2023,,
Jagung Pipil Kering,8/21/2023," Rp4,800.00 "," Rp5,000.00 "
Jagung Pipil Kering,8/22/2023," Rp4,800.00 "," Rp5,000.00 "
Jagung Pipil Kering,8/23/2023," Rp4,800.00 "," Rp5,000.00 "
Jagung Pipil Kering,8/24/2023," Rp4,800.00 "," Rp5,000.00 "
Jagung Pipil Kering,8/25/2023," Rp4,800.00 "," Rp5,000.00 "
Jagung Pipil Kering,8/26/2023,,
Jagung Pipil Kering,8/27/2023,,
Jagung Pipil Kering,8/28/2023," Rp5,000.00 "," Rp5,200.00 "
Jagung Pipil Kering,8/29/2023," Rp5,000.00 "," Rp5,200.00 "
Jagung Pipil Kering,8/30/2023," Rp5,000.00 "," Rp5,200.00 "
Jagung Pipil Kering,8/31/2023," Rp5,000.00 "," Rp5,200.00 "
Jagung Pipil Kering,9/1/2023," Rp5,000.00 "," Rp5,200.00 "
Jagung Pipil Kering,9/2/2023,,
Jagung Pipil Kering,9/3/2023,,
Jagung Pipil Kering,9/4/2023," Rp5,400.00 "," Rp5,700.00 "
Jagung Pipil Kering,9/5/2023," Rp5,400.00 "," Rp5,700.00 "
Jagung Pipil Kering,9/6/2023," Rp5,400.00 "," Rp5,700.00 "
Jagung Pipil Kering,9/7/2023," Rp5,400.00 "," Rp5,700.00 "
Jagung Pipil Kering,9/8/2023," Rp5,400.00 "," Rp5,700.00 "
Jagung Pipil Kering,9/9/2023,,
Jagung Pipil Kering,9/10/2023,,
Jagung Pipil Kering,9/11/2023," Rp5,400.00 "," Rp5,700.00 "
Jagung Pipil Kering,9/12/2023," Rp5,400.00 "," Rp5,700.00 "
Jagung Pipil Kering,9/13/2023," Rp5,400.00 "," Rp5,700.00 "
Jagung Pipil Kering,9/14/2023," Rp5,400.00 "," Rp5,700.00 "
Jagung Pipil Kering,9/15/2023," Rp5,400.00 "," Rp5,700.00 "
Jagung Pipil Kering,9/16/2023,,
Jagung Pipil Kering,9/17/2023,,
Jagung Pipil Kering,9/18/2023," Rp5,500.00 "," Rp5,800.00 "
Jagung Pipil Kering,9/19/2023," Rp5,500.00 "," Rp5,800.00 "
Jagung Pipil Kering,9/20/2023," Rp5,500.00 "," Rp5,800.00 "
Jagung Pipil Kering,9/21/2023," Rp5,500.00 "," Rp5,800.00 "
Jagung Pipil Kering,9/22/2023," Rp5,500.00 "," Rp5,800.00 "
Jagung Pipil Kering,9/23/2023,,
Jagung Pipil Kering,9/24/2023,,
Jagung Pipil Kering,9/25/2023," Rp5,500.00 "," Rp5,800.00 "
Jagung Pipil Kering,9/26/2023," Rp5,500.00 "," Rp5,800.00 "
Jagung Pipil Kering,9/27/2023," Rp5,500.00 "," Rp5,800.00 "
Jagung Pipil Kering,9/28/2023,,
Jagung Pipil Kering,9/29/2023," Rp5,500.00 "," Rp5,800.00 "
Jagung Pipil Kering,9/30/2023,,
Jagung Pipil Kering,10/1/2023,,
Jagung Pipil Kering,10/2/2023," Rp5,500.00 "," Rp5,800.00 "
Jagung Pipil Kering,10/3/2023," Rp5,500.00 "," Rp5,800.00 "
Jagung Pipil Kering,10/4/2023," Rp5,500.00 "," Rp5,800.00 "
Jagung Pipil Kering,10/5/2023," Rp5,500.00 "," Rp5,800.00 "
Jagung Pipil Kering,10/6/2023," Rp5,500.00 "," Rp5,800.00 "
Jagung Pipil Kering,10/7/2023,,
Jagung Pipil Kering,10/8/2023,,
Jagung Pipil Kering,10/9/2023," Rp5,500.00 "," Rp5,800.00 "
Jagung Pipil Kering,10/10/2023," Rp5,500.00 "," Rp5,800.00 "
Jagung Pipil Kering,10/11/2023," Rp5,500.00 "," Rp5,800.00 "
Jagung Pipil Kering,10/12/2023," Rp5,500.00 "," Rp5,800.00 "
Jagung Pipil Kering,10/13/2023," Rp5,500.00 "," Rp5,800.00 "
Jagung Pipil Kering,10/14/2023,,
Jagung Pipil Kering,10/15/2023,,
Jagung Pipil Kering,10/16/2023," Rp5,500.00 "," Rp5,700.00 "
Jagung Pipil Kering,10/17/2023," Rp5,500.00 "," Rp5,700.00 "
Jagung Pipil Kering,10/18/2023," Rp5,500.00 "," Rp5,700.00 "
Jagung Pipil Kering,10/19/2023," Rp5,500.00 "," Rp5,700.00 "
Jagung Pipil Kering,10/20/2023," Rp5,500.00 "," Rp5,700.00 "
Jagung Pipil Kering,10/21/2023,,
Jagung Pipil Kering,10/22/2023,,
Jagung Pipil Kering,10/23/2023," Rp5,500.00 "," Rp5,700.00 "
Jagung Pipil Kering,10/24/2023," Rp5,500.00 "," Rp5,700.00 "
Jagung Pipil Kering,10/25/2023," Rp5,500.00 "," Rp5,700.00 "
Jagung Pipil Kering,10/26/2023," Rp5,500.00 "," Rp5,700.00 "
Jagung Pipil Kering,10/27/2023," Rp5,500.00 "," Rp5,700.00 "
Jagung Pipil Kering,10/28/2023,,
Jagung Pipil Kering,10/29/2023,,
Jagung Pipil Kering,10/30/2023," Rp5,500.00 "," Rp5,900.00 "
Jagung Pipil Kering,10/31/2023," Rp5,500.00 "," Rp5,900.00 "
Jagung Pipil Kering,11/1/2023," Rp5,500.00 "," Rp5,900.00 "
Jagung Pipil Kering,11/2/2023," Rp5,500.00 "," Rp5,900.00 "
Jagung Pipil Kering,11/3/2023," Rp5,500.00 "," Rp5,900.00 "
Jagung Pipil Kering,11/4/2023,,
Jagung Pipil Kering,11/5/2023,,
Jagung Pipil Kering,11/6/2023," Rp5,500.00 "," Rp6,000.00 "
Jagung Pipil Kering,11/7/2023," Rp5,500.00 "," Rp6,000.00 "
Jagung Pipil Kering,11/8/2023," Rp5,500.00 "," Rp6,000.00 "
Jagung Pipil Kering,11/9/2023," Rp5,500.00 "," Rp6,000.00 "
Jagung Pipil Kering,11/10/2023," Rp5,500.00 "," Rp6,000.00 "
Jagung Pipil Kering,11/11/2023,,
Jagung Pipil Kering,11/12/2023,,
Jagung Pipil Kering,11/13/2023," Rp5,500.00 "," Rp6,000.00 "
Jagung Pipil Kering,11/14/2023," Rp5,500.00 "," Rp6,000.00 "
Jagung Pipil Kering,11/15/2023," Rp5,500.00 "," Rp6,000.00 "
Jagung Pipil Kering,11/16/2023," Rp5,500.00 "," Rp6,000.00 "
Jagung Pipil Kering,11/17/2023," Rp5,500.00 "," Rp6,000.00 "
Jagung Pipil Kering,11/18/2023,,
Jagung Pipil Kering,11/19/2023,,
Jagung Pipil Kering,11/20/2023," Rp5,500.00 "," Rp6,000.00 "
Jagung Pipil Kering,11/21/2023," Rp5,500.00 "," Rp6,000.00 "
Jagung Pipil Kering,11/22/2023," Rp5,500.00 "," Rp6,000.00 "
Jagung Pipil Kering,11/23/2023," Rp5,500.00 "," Rp6,000.00 "
Jagung Pipil Kering,11/24/2023," Rp5,500.00 "," Rp6,000.00 "
Jagung Pipil Kering,11/25/2023,,
Jagung Pipil Kering,11/26/2023,,
Jagung Pipil Kering,11/27/2023," Rp5,700.00 "," Rp5,900.00 "
Jagung Pipil Kering,11/28/2023," Rp5,700.00 "," Rp5,900.00 "
Jagung Pipil Kering,11/29/2023," Rp5,700.00 "," Rp5,900.00 "
Jagung Pipil Kering,11/30/2023," Rp5,700.00 "," Rp5,900.00 "
Jagung Pipil Kering,12/1/2023," Rp5,700.00 "," Rp5,900.00 "
Jagung Pipil Kering,12/2/2023,,
Jagung Pipil Kering,12/3/2023,,
Jagung Pipil Kering,12/4/2023," Rp5,700.00 "," Rp5,900.00 "
Jagung Pipil Kering,12/5/2023," Rp5,700.00 "," Rp5,900.00 "
Jagung Pipil Kering,12/6/2023," Rp5,700.00 "," Rp5,900.00 "
Jagung Pipil Kering,12/7/2023," Rp5,700.00 "," Rp5,900.00 "
Jagung Pipil Kering,12/8/2023," Rp5,700.00 "," Rp5,900.00 "
Jagung Pipil Kering,12/9/2023,,
Jagung Pipil Kering,12/10/2023,,
Jagung Pipil Kering,12/11/2023," Rp5,700.00 "," Rp5,900.00 "
Jagung Pipil Kering,12/12/2023," Rp5,700.00 "," Rp5,900.00 "
Jagung Pipil Kering,12/13/2023," Rp5,700.00 "," Rp5,900.00 "
Jagung Pipil Kering,12/14/2023," Rp5,700.00 "," Rp5,900.00 "
Jagung Pipil Kering,12/15/2023," Rp5,700.00 "," Rp5,900.00 "
Jagung Pipil Kering,12/16/2023,,
Jagung Pipil Kering,12/17/2023,,
Jagung Pipil Kering,12/18/2023," Rp5,700.00 "," Rp5,900.00 "
Jagung Pipil Kering,12/19/2023," Rp5,700.00 "," Rp5,900.00 "
Jagung Pipil Kering,12/20/2023," Rp5,700.00 "," Rp5,900.00 "
Jagung Pipil Kering,12/21/2023," Rp5,700.00 "," Rp5,900.00 "
Jagung Pipil Kering,12/22/2023," Rp5,700.00 "," Rp5,900.00 "
Jagung Pipil Kering,12/23/2023,,
Jagung Pipil Kering,12/24/2023,,
Jagung Pipil Kering,12/25/2023,,
Jagung Pipil Kering,12/26/2023," Rp5,700.00 "," Rp6,000.00 "
Jagung Pipil Kering,12/27/2023," Rp5,700.00 "," Rp6,000.00 "
Jagung Pipil Kering,12/28/2023," Rp5,700.00 "," Rp6,000.00 "
Jagung Pipil Kering,12/29/2023," Rp5,700.00 "," Rp6,000.00 "
Jagung Pipil Kering,12/30/2023," Rp5,700.00 "," Rp6,000.00 "
Jagung Pipil Kering,12/31/2023,,
Jagung Pipil Kering,1/1/2024,,
Jagung Pipil Kering,1/2/2024,,
Jagung Pipil Kering,1/3/2024,,
Jagung Pipil Kering,1/4/2024,,
Jagung Pipil Kering,1/5/2024,,
Jagung Pipil Kering,1/6/2024,,
Jagung Pipil Kering,1/7/2024,,
Jagung Pipil Kering,1/8/2024,,
Jagung Pipil Kering,1/9/2024,,
Jagung Pipil Kering,1/10/2024,,
Jagung Pipil Kering,1/11/2024,,
Jagung Pipil Kering,1/12/2024,,
Jagung Pipil Kering,1/13/2024,,
Jagung Pipil Kering,1/14/2024,,
Jagung Pipil Kering,1/15/2024,,
Jagung Pipil Kering,1/16/2024,,
Jagung Pipil Kering,1/17/2024,,
Jagung Pipil Kering,1/18/2024,,
Jagung Pipil Kering,1/19/2024,,
Jagung Pipil Kering,1/20/2024,,
Jagung Pipil Kering,1/21/2024,,
Jagung Pipil Kering,1/22/2024,,
Jagung Pipil Kering,1/23/2024,,
Jagung Pipil Kering,1/24/2024,,
Jagung Pipil Kering,1/25/2024,,
Jagung Pipil Kering,1/26/2024,,
Jagung Pipil Kering,1/27/2024,,
Jagung Pipil Kering,1/28/2024,,
Jagung Pipil Kering,1/29/2024,,
Jagung Pipil Kering,1/30/2024,,
Jagung Pipil Kering,1/31/2024,,
Jagung Pipil Kering,2/1/2024," Rp8,000.00 "," Rp8,500.00 "
Jagung Pipil Kering,2/2/2024," Rp8,000.00 "," Rp8,500.00 "
Jagung Pipil Kering,2/3/2024,,
Jagung Pipil Kering,2/4/2024,,
Jagung Pipil Kering,2/5/2024," Rp8,000.00 "," Rp8,500.00 "
Jagung Pipil Kering,2/6/2024," Rp8,000.00 "," Rp8,500.00 "
Jagung Pipil Kering,2/7/2024," Rp8,000.00 "," Rp8,500.00 "
Jagung Pipil Kering,2/8/2024," Rp8,000.00 "," Rp8,500.00 "
Jagung Pipil Kering,2/9/2024," Rp8,000.00 "," Rp8,500.00 "
Jagung Pipil Kering,2/10/2024,,
Jagung Pipil Kering,2/11/2024,,
Jagung Pipil Kering,2/12/2024," Rp8,000.00 "," Rp8,500.00 "
Jagung Pipil Kering,2/13/2024," Rp8,000.00 "," Rp8,500.00 "
Jagung Pipil Kering,2/14/2024," Rp8,000.00 "," Rp8,500.00 "
Jagung Pipil Kering,2/15/2024," Rp8,000.00 "," Rp8,500.00 "
Jagung Pipil Kering,2/16/2024," Rp8,000.00 "," Rp8,500.00 "
Jagung Pipil Kering,2/17/2024,,
Jagung Pipil Kering,2/18/2024,,
Jagung Pipil Kering,2/19/2024," Rp8,000.00 "," Rp8,500.00 "
Jagung Pipil Kering,2/20/2024," Rp8,000.00 "," Rp8,500.00 "
Jagung Pipil Kering,2/21/2024," Rp8,000.00 "," Rp8,500.00 "
Jagung Pipil Kering,2/22/2024," Rp8,000.00 "," Rp8,500.00 "
Jagung Pipil Kering,2/23/2024," Rp8,000.00 "," Rp8,500.00 "
Jagung Pipil Kering,2/24/2024,,
Jagung Pipil Kering,2/25/2024,,
Jagung Pipil Kering,2/26/2024," Rp8,000.00 "," Rp8,500.00 "
Jagung Pipil Kering,2/27/2024," Rp8,000.00 "," Rp8,500.00 "
Jagung Pipil Kering,2/28/2024," Rp8,000.00 "," Rp8,500.00 "
Jagung Pipil Kering,2/29/2024," Rp8,000.00 "," Rp8,500.00 "
Jagung Pipil Kering,3/1/2024," Rp8,000.00 "," Rp8,500.00 "
Jagung Pipil Kering,3/2/2024,,
Jagung Pipil Kering,3/3/2024,,
Jagung Pipil Kering,3/4/2024," Rp8,000.00 "," Rp8,500.00 "
Jagung Pipil Kering,3/5/2024," Rp8,000.00 "," Rp8,500.00 "
Jagung Pipil Kering,3/6/2024," Rp8,000.00 "," Rp8,500.00 "
Jagung Pipil Kering,3/7/2024," Rp8,000.00 "," Rp8,500.00 "
Jagung Pipil Kering,3/8/2024," Rp5,000.00 "," Rp8,500.00 "
Jagung Pipil Kering,3/9/2024,,
Jagung Pipil Kering,3/10/2024,,
Jagung Pipil Kering,3/11/2024,,
Jagung Pipil Kering,3/12/2024," Rp3,800.00 "," Rp8,500.00 "
Jagung Pipil Kering,3/13/2024," Rp3,800.00 "," Rp8,500.00 "
Jagung Pipil Kering,3/14/2024," Rp3,800.00 "," Rp8,500.00 "
Jagung Pipil Kering,3/15/2024," Rp3,800.00 "," Rp8,500.00 "
Jagung Pipil Kering,3/16/2024,,
Jagung Pipil Kering,3/17/2024,,
Jagung Pipil Kering,3/18/2024," Rp4,100.00 "," Rp8,500.00 "
Jagung Pipil Kering,3/19/2024," Rp4,100.00 "," Rp8,500.00 "
Jagung Pipil Kering,3/20/2024," Rp4,100.00 "," Rp8,500.00 "
Jagung Pipil Kering,3/21/2024," Rp4,100.00 "," Rp8,500.00 "
Jagung Pipil Kering,3/22/2024," Rp4,100.00 "," Rp8,500.00 "
Jagung Pipil Kering,3/23/2024,,
Jagung Pipil Kering,3/24/2024,,
Jagung Pipil Kering,3/25/2024," Rp4,500.00 "," Rp8,500.00 "
Jagung Pipil Kering,3/26/2024," Rp4,500.00 "," Rp8,500.00 "
Jagung Pipil Kering,3/27/2024," Rp4,500.00 "," Rp8,500.00 "
Jagung Pipil Kering,3/28/2024," Rp4,500.00 "," Rp8,500.00 "
Jagung Pipil Kering,3/29/2024,,
Jagung Pipil Kering,3/30/2024,,
Jagung Pipil Kering,3/31/2024,,
Jagung Pipil Kering,4/1/2024," Rp4,500.00 "," Rp4,850.00 "
Jagung Pipil Kering,4/2/2024," Rp4,500.00 "," Rp4,700.00 "
Jagung Pipil Kering,4/3/2024," Rp4,500.00 "," Rp4,700.00 "
Jagung Pipil Kering,4/4/2024," Rp4,500.00 "," Rp4,700.00 "
Jagung Pipil Kering,4/5/2024," Rp4,500.00 "," Rp4,700.00 "
Jagung Pipil Kering,4/6/2024,,
Jagung Pipil Kering,4/7/2024,,
Jagung Pipil Kering,4/8/2024," Rp4,500.00 "," Rp4,700.00 "
Jagung Pipil Kering,4/9/2024," Rp4,500.00 "," Rp4,700.00 "
Jagung Pipil Kering,4/10/2024,,
Jagung Pipil Kering,4/11/2024,,
Jagung Pipil Kering,4/12/2024," Rp4,500.00 "," Rp4,700.00 "
Jagung Pipil Kering,4/13/2024,,
Jagung Pipil Kering,4/14/2024,,
Jagung Pipil Kering,4/15/2024," Rp4,500.00 "," Rp4,700.00 "
Jagung Pipil Kering,4/16/2024," Rp4,000.00 "," Rp4,200.00 "
Jagung Pipil Kering,4/17/2024," Rp4,000.00 "," Rp4,200.00 "
Jagung Pipil Kering,4/18/2024," Rp4,000.00 "," Rp4,200.00 "
Jagung Pipil Kering,4/19/2024," Rp4,000.00 "," Rp4,200.00 "
Jagung Pipil Kering,4/20/2024,,
Jagung Pipil Kering,4/21/2024,,
Jagung Pipil Kering,4/22/2024," Rp4,000.00 "," Rp4,200.00 "
Jagung Pipil Kering,4/23/2024," Rp4,000.00 "," Rp4,200.00 "
Jagung Pipil Kering,4/24/2024," Rp4,000.00 "," Rp4,200.00 "
Jagung Pipil Kering,4/25/2024," Rp4,000.00 "," Rp4,200.00 "
Jagung Pipil Kering,4/26/2024," Rp4,000.00 "," Rp4,200.00 "
Jagung Pipil Kering,4/27/2024,,
Jagung Pipil Kering,4/28/2024,,
Jagung Pipil Kering,4/29/2024," Rp4,150.00 "," Rp4,250.00 "
Jagung Pipil Kering,4/30/2024," Rp4,150.00 "," Rp4,250.00 "
Jagung Pipil Kering,5/1/2024,,
Jagung Pipil Kering,5/2/2024," Rp4,150.00 "," Rp4,250.00 "
Jagung Pipil Kering,5/3/2024," Rp4,150.00 "," Rp4,250.00 "
Jagung Pipil Kering,5/4/2024,,
Jagung Pipil Kering,5/5/2024,,
Jagung Pipil Kering,5/6/2024," Rp4,000.00 "," Rp4,300.00 "
Jagung Pipil Kering,5/7/2024," Rp4,000.00 "," Rp4,300.00 "
Jagung Pipil Kering,5/8/2024," Rp4,000.00 "," Rp4,300.00 "
Jagung Pipil Kering,5/9/2024,,
Jagung Pipil Kering,5/10/2024," Rp4,000.00 "," Rp4,300.00 "
Jagung Pipil Kering,5/11/2024,,
Jagung Pipil Kering,5/12/2024,,
Jagung Pipil Kering,5/13/2024," Rp3,900.00 "," Rp4,000.00 "
Jagung Pipil Kering,5/14/2024," Rp3,900.00 "," Rp4,000.00 "
Jagung Pipil Kering,5/15/2024," Rp3,600.00 "," Rp3,900.00 "
Jagung Pipil Kering,5/16/2024," Rp3,600.00 "," Rp3,900.00 "
Jagung Pipil Kering,5/17/2024," Rp3,600.00 "," Rp3,900.00 "
Jagung Pipil Kering,5/18/2024,,
Jagung Pipil Kering,5/19/2024,,
Jagung Pipil Kering,5/20/2024," Rp3,750.00 "," Rp3,750.00 "
Jagung Pipil Kering,5/21/2024," Rp3,750.00 "," Rp3,750.00 "
Jagung Pipil Kering,5/22/2024," Rp3,750.00 "," Rp3,750.00 "
Jagung Pipil Kering,5/23/2024,,
Jagung Pipil Kering,5/24/2024," Rp3,750.00 "," Rp3,750.00 "
Jagung Pipil Kering,5/25/2024,,
Jagung Pipil Kering,5/26/2024,,
Jagung Pipil Kering,5/27/2024," Rp3,750.00 "," Rp3,750.00 "
Jagung Pipil Kering,5/28/2024," Rp3,750.00 "," Rp3,750.00 "
Jagung Pipil Kering,5/29/2024," Rp3,750.00 "," Rp3,750.00 "
Jagung Pipil Kering,5/30/2024," Rp3,750.00 "," Rp3,750.00 "
Jagung Pipil Kering,5/31/2024," Rp3,750.00 "," Rp3,750.00 "
Jagung Pipil Kering,6/1/2024,,
Jagung Pipil Kering,6/2/2024," Rp3,750.00 "," Rp3,750.00 "
Jagung Pipil Kering,6/3/2024," Rp3,750.00 "," Rp3,800.00 "
Jagung Pipil Kering,6/4/2024," Rp3,750.00 "," Rp3,800.00 "
Jagung Pipil Kering,6/5/2024," Rp3,750.00 "," Rp3,800.00 "
Jagung Pipil Kering,6/6/2024,,
Jagung Pipil Kering,6/7/2024,,
Jagung Pipil Kering,6/8/2024," Rp3,750.00 "," Rp3,800.00 "
Jagung Pipil Kering,6/9/2024," Rp3,750.00 "," Rp3,800.00 "
Jagung Pipil Kering,6/10/2024," Rp3,750.00 "," Rp3,800.00 "
Jagung Pipil Kering,6/11/2024," Rp3,750.00 "," Rp3,800.00 "
Jagung Pipil Kering,6/12/2024," Rp3,750.00 "," Rp3,800.00 "
Jagung Pipil Kering,6/13/2024,,
Jagung Pipil Kering,6/14/2024,,
Jagung Pipil Kering,6/15/2024," Rp3,750.00 "," Rp3,800.00 "
Jagung Pipil Kering,6/16/2024," Rp3,750.00 "," Rp3,800.00 "
Jagung Pipil Kering,6/17/2024," Rp3,750.00 "," Rp3,800.00 "
Jagung Pipil Kering,6/18/2024," Rp3,750.00 "," Rp3,800.00 "
Jagung Pipil Kering,6/19/2024," Rp3,750.00 "," Rp3,800.00 "
Jagung Pipil Kering,6/20/2024,,
Jagung Pipil Kering,6/21/2024,,
Jagung Pipil Kering,6/22/2024," Rp3,750.00 "," Rp3,800.00 "
Jagung Pipil Kering,6/23/2024," Rp3,750.00 "," Rp3,800.00 "
Jagung Pipil Kering,6/24/2024," Rp3,750.00 "," Rp3,800.00 "
Jagung Pipil Kering,6/25/2024," Rp3,750.00 "," Rp3,800.00 "
Jagung Pipil Kering,6/26/2024," Rp3,750.00 "," Rp3,800.00 "
Jagung Pipil Kering,6/27/2024,,
Jagung Pipil Kering,6/28/2024,,
Jagung Pipil Kering,6/29/2024," Rp3,550.00 "," Rp3,800.00 "
Jagung Pipil Kering,6/30/2024," Rp3,550.00 "," Rp3,800.00 "
Jagung Pipil Kering,7/1/2024," Rp3,550.00 "," Rp3,800.00 "
Jagung Pipil Kering,7/2/2024," Rp3,550.00 "," Rp3,800.00 "
Jagung Pipil Kering,7/3/2024," Rp3,550.00 "," Rp3,700.00 "
Jagung Pipil Kering,7/4/2024," Rp3,550.00 "," Rp3,700.00 "
Jagung Pipil Kering,7/5/2024," Rp3,550.00 "," Rp3,700.00 "
Jagung Pipil Kering,7/6/2024," Rp3,550.00 "," Rp3,700.00 "
Jagung Pipil Kering,7/7/2024,,
Jagung Pipil Kering,7/8/2024," Rp3,550.00 "," Rp3,700.00 "
Jagung Pipil Kering,7/9/2024," Rp3,550.00 "," Rp3,700.00 "
Jagung Pipil Kering,7/10/2024," Rp3,550.00 "," Rp3,700.00 "
Jagung Pipil Kering,7/11/2024," Rp3,550.00 "," Rp3,700.00 "
Jagung Pipil Kering,7/12/2024," Rp3,550.00 "," Rp3,700.00 "
Jagung Pipil Kering,7/13/2024,,
Jagung Pipil Kering,7/14/2024,,
Jagung Pipil Kering,7/15/2024," Rp3,550.00 "," Rp3,700.00 "
Jagung Pipil Kering,7/16/2024," Rp3,550.00 "," Rp3,700.00 "
Jagung Pipil Kering,7/17/2024," Rp3,550.00 "," Rp3,700.00 "
Jagung Pipil Kering,7/18/2024," Rp3,550.00 "," Rp3,700.00 "
Jagung Pipil Kering,7/19/2024," Rp3,550.00 "," Rp3,700.00 "
Jagung Pipil Kering,7/20/2024,,
Jagung Pipil Kering,7/21/2024,,
Jagung Pipil Kering,7/22/2024," Rp3,400.00 "," Rp3,800.00 "
Jagung Pipil Kering,7/23/2024," Rp3,400.00 "," Rp3,800.00 "
Jagung Pipil Kering,7/24/2024," Rp3,400.00 "," Rp3,800.00 "
Jagung Pipil Kering,7/25/2024," Rp3,400.00 "," Rp3,800.00 "
Jagung Pipil Kering,7/26/2024," Rp3,400.00 "," Rp3,800.00 "
Jagung Pipil Kering,7/27/2024,,
Jagung Pipil Kering,7/28/2024,,
Jagung Pipil Kering,7/29/2024," Rp3,400.00 "," Rp3,900.00 "
Jagung Pipil Kering,7/30/2024," Rp3,400.00 "," Rp3,900.00 "
Jagung Pipil Kering,7/31/2024," Rp3,400.00 "," Rp3,900.00 "
Jagung Pipil Kering,8/1/2024," Rp3,400.00 "," Rp3,900.00 "
Jagung Pipil Kering,8/2/2024," Rp3,400.00 "," Rp3,900.00 "
Jagung Pipil Kering,8/3/2024,,
Jagung Pipil Kering,8/4/2024,,
Jagung Pipil Kering,8/5/2024," Rp3,900.00 "," Rp4,000.00 "
Jagung Pipil Kering,8/6/2024," Rp3,900.00 "," Rp4,000.00 "
Jagung Pipil Kering,8/7/2024," Rp3,900.00 "," Rp4,000.00 "
Jagung Pipil Kering,8/8/2024," Rp3,900.00 "," Rp4,000.00 "
Jagung Pipil Kering,8/9/2024," Rp3,900.00 "," Rp4,000.00 "
Jagung Pipil Kering,8/10/2024,,
Jagung Pipil Kering,8/11/2024,,
Jagung Pipil Kering,8/12/2024," Rp4,400.00 "," Rp4,700.00 "
Jagung Pipil Kering,8/13/2024," Rp4,400.00 "," Rp4,700.00 "
Jagung Pipil Kering,8/14/2024," Rp4,400.00 "," Rp4,700.00 "
Jagung Pipil Kering,8/15/2024," Rp4,400.00 "," Rp4,700.00 "
Jagung Pipil Kering,8/16/2024," Rp4,400.00 "," Rp4,700.00 "
Jagung Pipil Kering,8/17/2024,,
Jagung Pipil Kering,8/18/2024,,
Jagung Pipil Kering,8/19/2024," Rp4,600.00 "," Rp4,900.00 "
Jagung Pipil Kering,8/20/2024," Rp4,600.00 "," Rp4,900.00 "
Jagung Pipil Kering,8/21/2024," Rp4,600.00 "," Rp4,900.00 "
Jagung Pipil Kering,8/22/2024," Rp4,600.00 "," Rp4,900.00 "
Jagung Pipil Kering,8/23/2024," Rp4,600.00 "," Rp4,900.00 "
Jagung Pipil Kering,8/24/2024,,
Jagung Pipil Kering,8/25/2024,,
Jagung Pipil Kering,8/26/2024," Rp4,600.00 "," Rp4,900.00 "
Jagung Pipil Kering,8/27/2024," Rp4,600.00 "," Rp4,900.00 "
Jagung Pipil Kering,8/28/2024," Rp4,600.00 "," Rp4,900.00 "
Jagung Pipil Kering,8/29/2024,,
Jagung Pipil Kering,8/30/2024,,
Jagung Pipil Kering,8/31/2024,,
Jagung Pipil Kering,9/1/2024,,
Jagung Pipil Kering,9/2/2024," Rp4,600.00 "," Rp4,900.00 "
Jagung Pipil Kering,9/3/2024," Rp4,600.00 "," Rp4,900.00 "
Jagung Pipil Kering,9/4/2024," Rp4,600.00 "," Rp4,900.00 "
Jagung Pipil Kering,9/5/2024," Rp4,600.00 "," Rp4,900.00 "
Jagung Pipil Kering,9/6/2024," Rp4,400.00 "," Rp4,700.00 "
Jagung Pipil Kering,9/7/2024,,
Jagung Pipil Kering,9/8/2024,,
Jagung Pipil Kering,9/9/2024," Rp4,400.00 "," Rp4,700.00 "
Jagung Pipil Kering,9/10/2024," Rp4,500.00 "," Rp4,700.00 "
Jagung Pipil Kering,9/11/2024," Rp4,500.00 "," Rp4,700.00 "
Jagung Pipil Kering,9/12/2024," Rp4,500.00 "," Rp4,700.00 "
Jagung Pipil Kering,9/13/2024," Rp4,500.00 "," Rp4,700.00 "
Jagung Pipil Kering,9/14/2024,,
Jagung Pipil Kering,9/15/2024,,
Jagung Pipil Kering,9/16/2024,,
Jagung Pipil Kering,9/17/2024," Rp4,500.00 "," Rp4,700.00 "
Jagung Pipil Kering,9/18/2024," Rp4,550.00 "," Rp4,550.00 "
Jagung Pipil Kering,9/19/2024," Rp4,550.00 "," Rp4,550.00 "
Jagung Pipil Kering,9/20/2024," Rp4,550.00 "," Rp4,550.00 "
Jagung Pipil Kering,9/21/2024,,
Jagung Pipil Kering,9/22/2024,,
Jagung Pipil Kering,9/23/2024," Rp4,300.00 "," Rp4,550.00 "
Jagung Pipil Kering,9/24/2024," Rp4,300.00 "," Rp4,550.00 "
Jagung Pipil Kering,9/25/2024," Rp4,300.00 "," Rp4,550.00 "
Jagung Pipil Kering,9/26/2024," Rp4,300.00 "," Rp4,550.00 "
Jagung Pipil Kering,9/27/2024," Rp4,300.00 "," Rp4,550.00 "
Jagung Pipil Kering,9/28/2024,,
Jagung Pipil Kering,9/29/2024,,
Jagung Pipil Kering,9/30/2024," Rp4,300.00 "," Rp4,550.00 "
Jagung Pipil Kering,10/1/2024," Rp4,300.00 "," Rp4,550.00 "
Jagung Pipil Kering,10/2/2024," Rp4,300.00 "," Rp4,550.00 "
Jagung Pipil Kering,10/3/2024," Rp4,300.00 "," Rp4,550.00 "
Jagung Pipil Kering,10/4/2024," Rp4,300.00 "," Rp4,550.00 "
Jagung Pipil Kering,10/5/2024,,
Jagung Pipil Kering,10/6/2024,,
Jagung Pipil Kering,10/7/2024," Rp4,300.00 "," Rp4,550.00 "
Jagung Pipil Kering,10/8/2024," Rp4,300.00 "," Rp4,550.00 "
Jagung Pipil Kering,10/9/2024," Rp4,300.00 "," Rp4,550.00 "
Jagung Pipil Kering,10/10/2024," Rp4,300.00 "," Rp4,550.00 "
Jagung Pipil Kering,10/11/2024," Rp4,300.00 "," Rp4,550.00 "
Jagung Pipil Kering,10/12/2024,,
Jagung Pipil Kering,10/13/2024,,
Jagung Pipil Kering,10/14/2024," Rp4,000.00 "," Rp4,100.00 "
Jagung Pipil Kering,10/15/2024," Rp4,000.00 "," Rp4,100.00 "
Jagung Pipil Kering,10/16/2024," Rp4,000.00 "," Rp4,100.00 "
Jagung Pipil Kering,10/17/2024," Rp4,000.00 "," Rp4,100.00 "
Jagung Pipil Kering,10/18/2024," Rp4,000.00 "," Rp4,000.00 "
Jagung Pipil Kering,10/19/2024,,
Jagung Pipil Kering,10/20/2024,,
Jagung Pipil Kering,10/21/2024," Rp4,000.00 "," Rp4,000.00 "
Jagung Pipil Kering,10/22/2024," Rp4,000.00 "," Rp4,000.00 "
Jagung Pipil Kering,10/23/2024," Rp4,000.00 "," Rp4,000.00 "
Jagung Pipil Kering,10/24/2024," Rp4,000.00 "," Rp4,000.00 "
Jagung Pipil Kering,10/25/2024," Rp4,000.00 "," Rp4,000.00 "
Jagung Pipil Kering,10/26/2024,,
Jagung Pipil Kering,10/27/2024,,
Jagung Pipil Kering,10/28/2024," Rp4,000.00 "," Rp4,000.00 "
Jagung Pipil Kering,10/29/2024," Rp4,000.00 "," Rp4,000.00 "
Jagung Pipil Kering,10/30/2024," Rp3,900.00 "," Rp4,050.00 "
Jagung Pipil Kering,10/31/2024," Rp3,900.00 "," Rp4,050.00 "
Jagung Pipil Kering,11/1/2024,,
Jagung Pipil Kering,11/2/2024,,
Jagung Pipil Kering,11/3/2024,,
Jagung Pipil Kering,11/4/2024,,
Jagung Pipil Kering,11/5/2024,,
Jagung Pipil Kering,11/6/2024,,
Jagung Pipil Kering,11/7/2024,,
Jagung Pipil Kering,11/8/2024,,
Jagung Pipil Kering,11/9/2024,,
Jagung Pipil Kering,11/10/2024,,
Jagung Pipil Kering,11/11/2024,,
Jagung Pipil Kering,11/12/2024,,
Jagung Pipil Kering,11/13/2024,,
Jagung Pipil Kering,11/14/2024,,
Jagung Pipil Kering,11/15/2024,,
Jagung Pipil Kering,11/16/2024,,
Jagung Pipil Kering,11/17/2024,,
Jagung Pipil Kering,11/18/2024,,
Jagung Pipil Kering,11/19/2024,,
Jagung Pipil Kering,11/20/2024,,
Jagung Pipil Kering,11/21/2024,,
Jagung Pipil Kering,11/22/2024,,
Jagung Pipil Kering,11/23/2024,,
Jagung Pipil Kering,11/24/2024,,
Jagung Pipil Kering,11/25/2024,,
Jagung Pipil Kering,11/26/2024,,
Jagung Pipil Kering,11/27/2024,,
Jagung Pipil Kering,11/28/2024,,
Jagung Pipil Kering,11/29/2024,,
Jagung Pipil Kering,11/30/2024,,
Beras Medium,1/1/2022,,
Beras Medium,1/2/2022,,
Beras Medium,1/3/2022," Rp8,800.00 "," Rp9,000.00 "
Beras Medium,1/4/2022," Rp8,800.00 "," Rp9,000.00 "
Beras Medium,1/5/2022," Rp8,800.00 "," Rp9,000.00 "
Beras Medium,1/6/2022," Rp8,800.00 "," Rp9,000.00 "
Beras Medium,1/7/2022," Rp8,800.00 "," Rp9,000.00 "
Beras Medium,1/8/2022,,
Beras Medium,1/9/2022,,
Beras Medium,1/10/2022," Rp8,800.00 "," Rp9,000.00 "
Beras Medium,1/11/2022," Rp8,800.00 "," Rp9,000.00 "
Beras Medium,1/12/2022," Rp8,800.00 "," Rp9,000.00 "
Beras Medium,1/13/2022," Rp8,800.00 "," Rp9,000.00 "
Beras Medium,1/14/2022," Rp8,800.00 "," Rp9,000.00 "
Beras Medium,1/15/2022,,
Beras Medium,1/16/2022,,
Beras Medium,1/17/2022," Rp8,800.00 "," Rp9,000.00 "
Beras Medium,1/18/2022," Rp8,800.00 "," Rp9,000.00 "
Beras Medium,1/19/2022," Rp8,800.00 "," Rp9,000.00 "
Beras Medium,1/20/2022," Rp8,800.00 "," Rp9,000.00 "
Beras Medium,1/21/2022," Rp8,800.00 "," Rp9,000.00 "
Beras Medium,1/22/2022,,
Beras Medium,1/23/2022,,
Beras Medium,1/24/2022," Rp8,800.00 "," Rp9,000.00 "
Beras Medium,1/25/2022," Rp8,800.00 "," Rp9,000.00 "
Beras Medium,1/26/2022," Rp8,800.00 "," Rp9,000.00 "
Beras Medium,1/27/2022," Rp8,800.00 "," Rp9,000.00 "
Beras Medium,1/28/2022," Rp8,800.00 "," Rp9,000.00 "
Beras Medium,1/29/2022,,
Beras Medium,1/30/2022,,
Beras Medium,1/31/2022," Rp8,800.00 "," Rp9,000.00 "
Beras Medium,2/1/2022,,
Beras Medium,2/2/2022," Rp8,800.00 "," Rp9,000.00 "
Beras Medium,2/3/2022," Rp8,800.00 "," Rp9,000.00 "
Beras Medium,2/4/2022," Rp8,800.00 "," Rp9,000.00 "
Beras Medium,2/5/2022,,
Beras Medium,2/6/2022,,
Beras Medium,2/7/2022," Rp8,800.00 "," Rp9,000.00 "
Beras Medium,2/8/2022," Rp8,800.00 "," Rp9,000.00 "
Beras Medium,2/9/2022," Rp8,800.00 "," Rp9,000.00 "
Beras Medium,2/10/2022," Rp8,800.00 "," Rp9,000.00 "
Beras Medium,2/11/2022," Rp8,800.00 "," Rp9,000.00 "
Beras Medium,2/12/2022,,
Beras Medium,2/13/2022,,
Beras Medium,2/14/2022," Rp8,800.00 "," Rp9,000.00 "
Beras Medium,2/15/2022," Rp8,800.00 "," Rp9,000.00 "
Beras Medium,2/16/2022," Rp8,800.00 "," Rp9,000.00 "
Beras Medium,2/17/2022," Rp8,800.00 "," Rp9,000.00 "
Beras Medium,2/18/2022," Rp8,800.00 "," Rp9,000.00 "
Beras Medium,2/19/2022,,
Beras Medium,2/20/2022,,
Beras Medium,2/21/2022," Rp8,800.00 "," Rp9,000.00 "
Beras Medium,2/22/2022," Rp8,800.00 "," Rp9,000.00 "
Beras Medium,2/23/2022," Rp8,800.00 "," Rp9,000.00 "
Beras Medium,2/24/2022," Rp8,800.00 "," Rp9,000.00 "
Beras Medium,2/25/2022," Rp8,800.00 "," Rp9,000.00 "
Beras Medium,2/26/2022,,
Beras Medium,2/27/2022,,
Beras Medium,2/28/2022,,
Beras Medium,3/1/2022,,
Beras Medium,3/2/2022," Rp8,800.00 "," Rp9,000.00 "
Beras Medium,3/3/2022," Rp8,800.00 "," Rp9,000.00 "
Beras Medium,3/4/2022," Rp8,800.00 "," Rp9,000.00 "
Beras Medium,3/5/2022,,
Beras Medium,3/6/2022,,
Beras Medium,3/7/2022,,
Beras Medium,3/8/2022," Rp8,800.00 "," Rp9,000.00 "
Beras Medium,3/9/2022," Rp8,800.00 "," Rp9,000.00 "
Beras Medium,3/10/2022," Rp8,800.00 "," Rp9,000.00 "
Beras Medium,3/11/2022,,
Beras Medium,3/12/2022,,
Beras Medium,3/13/2022,,
Beras Medium,3/14/2022," Rp8,800.00 "," Rp9,000.00 "
Beras Medium,3/15/2022," Rp8,800.00 "," Rp9,000.00 "
Beras Medium,3/16/2022," Rp8,800.00 "," Rp9,000.00 "
Beras Medium,3/17/2022," Rp8,800.00 "," Rp9,000.00 "
Beras Medium,3/18/2022," Rp8,800.00 "," Rp9,000.00 "
Beras Medium,3/19/2022,,
Beras Medium,3/20/2022,,
Beras Medium,3/21/2022," Rp8,400.00 "," Rp9,000.00 "
Beras Medium,3/22/2022," Rp8,400.00 "," Rp9,000.00 "
Beras Medium,3/23/2022," Rp8,400.00 "," Rp9,000.00 "
Beras Medium,3/24/2022," Rp8,400.00 "," Rp9,000.00 "
Beras Medium,3/25/2022," Rp8,400.00 "," Rp9,000.00 "
Beras Medium,3/26/2022,,
Beras Medium,3/27/2022,,
Beras Medium,3/28/2022," Rp8,400.00 "," Rp9,000.00 "
Beras Medium,3/29/2022," Rp8,400.00 "," Rp9,000.00 "
Beras Medium,3/30/2022," Rp8,400.00 "," Rp9,000.00 "
Beras Medium,3/31/2022," Rp8,400.00 "," Rp9,000.00 "
Beras Medium,4/1/2022,,
Beras Medium,4/2/2022,,
Beras Medium,4/3/2022,,
Beras Medium,4/4/2022," Rp8,700.00 "," Rp9,000.00 "
Beras Medium,4/5/2022," Rp8,700.00 "," Rp9,000.00 "
Beras Medium,4/6/2022," Rp8,700.00 "," Rp9,000.00 "
Beras Medium,4/7/2022," Rp8,700.00 "," Rp9,000.00 "
Beras Medium,4/8/2022," Rp8,700.00 "," Rp9,000.00 "
Beras Medium,4/9/2022,,
Beras Medium,4/10/2022,,
Beras Medium,4/11/2022," Rp8,200.00 "," Rp9,000.00 "
Beras Medium,4/12/2022," Rp8,200.00 "," Rp9,000.00 "
Beras Medium,4/13/2022," Rp8,200.00 "," Rp9,000.00 "
Beras Medium,4/14/2022," Rp8,200.00 "," Rp9,000.00 "
Beras Medium,4/15/2022,,
Beras Medium,4/16/2022,,
Beras Medium,4/17/2022,,
Beras Medium,4/18/2022," Rp8,200.00 "," Rp9,000.00 "
Beras Medium,4/19/2022," Rp8,200.00 "," Rp9,000.00 "
Beras Medium,4/20/2022," Rp8,200.00 "," Rp9,000.00 "
Beras Medium,4/21/2022," Rp8,200.00 "," Rp9,000.00 "
Beras Medium,4/22/2022," Rp8,200.00 "," Rp9,000.00 "
Beras Medium,4/23/2022,,
Beras Medium,4/24/2022,,
Beras Medium,4/25/2022," Rp8,200.00 "," Rp9,000.00 "
Beras Medium,4/26/2022," Rp8,200.00 "," Rp9,000.00 "
Beras Medium,4/27/2022," Rp8,200.00 "," Rp9,000.00 "
Beras Medium,4/28/2022," Rp8,200.00 "," Rp9,000.00 "
Beras Medium,4/29/2022," Rp8,200.00 "," Rp9,000.00 "
Beras Medium,4/30/2022,,
Beras Medium,5/1/2022,,
Beras Medium,5/2/2022,,
Beras Medium,5/3/2022,,
Beras Medium,5/4/2022," Rp8,200.00 "," Rp9,000.00 "
Beras Medium,5/5/2022," Rp8,200.00 "," Rp9,000.00 "
Beras Medium,5/6/2022," Rp8,200.00 "," Rp9,000.00 "
Beras Medium,5/7/2022,,
Beras Medium,5/8/2022,,
Beras Medium,5/9/2022," Rp8,200.00 "," Rp9,000.00 "
Beras Medium,5/10/2022," Rp8,200.00 "," Rp9,000.00 "
Beras Medium,5/11/2022," Rp8,200.00 "," Rp9,000.00 "
Beras Medium,5/12/2022," Rp8,200.00 "," Rp9,000.00 "
Beras Medium,5/13/2022," Rp8,200.00 "," Rp9,000.00 "
Beras Medium,5/14/2022,,
Beras Medium,5/15/2022,,
Beras Medium,5/16/2022,,
Beras Medium,5/17/2022," Rp8,200.00 "," Rp9,000.00 "
Beras Medium,5/18/2022," Rp8,200.00 "," Rp9,000.00 "
Beras Medium,5/19/2022," Rp8,200.00 "," Rp9,000.00 "
Beras Medium,5/20/2022," Rp8,200.00 "," Rp9,000.00 "
Beras Medium,5/21/2022,,
Beras Medium,5/22/2022,,
Beras Medium,5/23/2022," Rp8,200.00 "," Rp9,000.00 "
Beras Medium,5/24/2022," Rp8,200.00 "," Rp9,000.00 "
Beras Medium,5/25/2022," Rp8,200.00 "," Rp9,000.00 "
Beras Medium,5/26/2022,," Rp9,000.00 "
Beras Medium,5/27/2022," Rp8,200.00 "," Rp9,000.00 "
Beras Medium,5/28/2022,,
Beras Medium,5/29/2022,,
Beras Medium,5/30/2022," Rp8,200.00 "," Rp9,000.00 "
Beras Medium,5/31/2022," Rp8,200.00 "," Rp9,000.00 "
Beras Medium,6/1/2022,,
Beras Medium,6/2/2022," Rp8,200.00 "," Rp9,000.00 "
Beras Medium,6/3/2022," Rp8,200.00 "," Rp9,000.00 "
Beras Medium,6/4/2022,,
Beras Medium,6/5/2022,,
Beras Medium,6/6/2022," Rp8,200.00 "," Rp9,000.00 "
Beras Medium,6/7/2022," Rp8,200.00 "," Rp9,000.00 "
Beras Medium,6/8/2022," Rp8,200.00 "," Rp9,000.00 "
Beras Medium,6/9/2022," Rp8,200.00 "," Rp9,000.00 "
Beras Medium,6/10/2022," Rp8,200.00 "," Rp9,000.00 "
Beras Medium,6/11/2022,,
Beras Medium,6/12/2022,,
Beras Medium,6/13/2022," Rp8,200.00 "," Rp9,000.00 "
Beras Medium,6/14/2022," Rp8,200.00 "," Rp9,000.00 "
Beras Medium,6/15/2022," Rp8,200.00 "," Rp9,000.00 "
Beras Medium,6/16/2022," Rp8,200.00 "," Rp9,000.00 "
Beras Medium,6/17/2022," Rp8,200.00 "," Rp9,000.00 "
Beras Medium,6/18/2022,,
Beras Medium,6/19/2022,,
Beras Medium,6/20/2022," Rp8,200.00 "," Rp9,000.00 "
Beras Medium,6/21/2022," Rp8,200.00 "," Rp9,000.00 "
Beras Medium,6/22/2022," Rp8,200.00 "," Rp9,000.00 "
Beras Medium,6/23/2022," Rp8,200.00 "," Rp9,000.00 "
Beras Medium,6/24/2022," Rp8,200.00 "," Rp9,000.00 "
Beras Medium,6/25/2022,,
Beras Medium,6/26/2022,,
Beras Medium,6/27/2022," Rp8,200.00 "," Rp9,000.00 "
Beras Medium,6/28/2022," Rp8,200.00 "," Rp9,000.00 "
Beras Medium,6/29/2022," Rp8,200.00 "," Rp9,000.00 "
Beras Medium,6/30/2022," Rp8,200.00 "," Rp9,000.00 "
Beras Medium,7/1/2022,,
Beras Medium,7/2/2022,,
Beras Medium,7/3/2022,,
Beras Medium,7/4/2022," Rp8,200.00 "," Rp9,000.00 "
Beras Medium,7/5/2022," Rp8,200.00 "," Rp9,000.00 "
Beras Medium,7/6/2022," Rp8,200.00 "," Rp9,000.00 "
Beras Medium,7/7/2022," Rp8,200.00 "," Rp9,000.00 "
Beras Medium,7/8/2022," Rp8,200.00 "," Rp9,000.00 "
Beras Medium,7/9/2022,,
Beras Medium,7/10/2022,,
Beras Medium,7/11/2022," Rp8,200.00 "," Rp9,000.00 "
Beras Medium,7/12/2022," Rp8,200.00 "," Rp9,000.00 "
Beras Medium,7/13/2022," Rp8,200.00 "," Rp9,000.00 "
Beras Medium,7/14/2022," Rp8,200.00 "," Rp9,000.00 "
Beras Medium,7/15/2022," Rp8,200.00 "," Rp9,000.00 "
Beras Medium,7/16/2022,,
Beras Medium,7/17/2022,,
Beras Medium,7/18/2022," Rp8,200.00 "," Rp9,000.00 "
Beras Medium,7/19/2022," Rp8,200.00 "," Rp9,000.00 "
Beras Medium,7/20/2022," Rp8,200.00 "," Rp9,000.00 "
Beras Medium,7/21/2022," Rp8,200.00 "," Rp9,000.00 "
Beras Medium,7/22/2022," Rp8,200.00 "," Rp9,000.00 "
Beras Medium,7/23/2022,,
Beras Medium,7/24/2022,,
Beras Medium,7/25/2022," Rp8,200.00 "," Rp9,000.00 "
Beras Medium,7/26/2022," Rp8,200.00 "," Rp9,000.00 "
Beras Medium,7/27/2022," Rp8,200.00 "," Rp9,000.00 "
Beras Medium,7/28/2022," Rp8,200.00 "," Rp9,000.00 "
Beras Medium,7/29/2022," Rp8,200.00 "," Rp9,000.00 "
Beras Medium,7/30/2022,,
Beras Medium,7/31/2022,,
Beras Medium,8/1/2022," Rp8,200.00 "," Rp9,000.00 "
Beras Medium,8/2/2022," Rp8,200.00 "," Rp9,000.00 "
Beras Medium,8/3/2022," Rp8,200.00 "," Rp9,000.00 "
Beras Medium,8/4/2022," Rp8,200.00 "," Rp9,000.00 "
Beras Medium,8/5/2022," Rp8,200.00 "," Rp9,000.00 "
Beras Medium,8/6/2022,,
Beras Medium,8/7/2022,,
Beras Medium,8/8/2022," Rp8,200.00 "," Rp9,000.00 "
Beras Medium,8/9/2022," Rp8,200.00 "," Rp9,000.00 "
Beras Medium,8/10/2022," Rp8,200.00 "," Rp9,000.00 "
Beras Medium,8/11/2022," Rp8,200.00 "," Rp9,000.00 "
Beras Medium,8/12/2022," Rp8,200.00 "," Rp9,000.00 "
Beras Medium,8/13/2022,,
Beras Medium,8/14/2022,,
Beras Medium,8/15/2022," Rp8,200.00 "," Rp9,000.00 "
Beras Medium,8/16/2022," Rp8,200.00 "," Rp9,000.00 "
Beras Medium,8/17/2022," Rp8,200.00 "," Rp9,000.00 "
Beras Medium,8/18/2022," Rp8,200.00 "," Rp9,000.00 "
Beras Medium,8/19/2022," Rp8,200.00 "," Rp9,000.00 "
Beras Medium,8/20/2022,,
Beras Medium,8/21/2022,,
Beras Medium,8/22/2022," Rp8,200.00 "," Rp9,000.00 "
Beras Medium,8/23/2022," Rp8,200.00 "," Rp9,000.00 "
Beras Medium,8/24/2022," Rp8,200.00 "," Rp9,000.00 "
Beras Medium,8/25/2022," Rp8,200.00 "," Rp9,000.00 "
Beras Medium,8/26/2022," Rp8,200.00 "," Rp9,000.00 "
Beras Medium,8/27/2022,,
Beras Medium,8/28/2022,,
Beras Medium,8/29/2022," Rp8,200.00 "," Rp9,000.00 "
Beras Medium,8/30/2022," Rp8,200.00 "," Rp9,000.00 "
Beras Medium,8/31/2022," Rp8,200.00 "," Rp9,000.00 "
Beras Medium,9/1/2022," Rp8,200.00 "," Rp9,000.00 "
Beras Medium,9/2/2022," Rp8,200.00 "," Rp9,000.00 "
Beras Medium,9/3/2022,,
Beras Medium,9/4/2022,,
Beras Medium,9/5/2022," Rp8,200.00 "," Rp9,000.00 "
Beras Medium,9/6/2022," Rp8,200.00 "," Rp9,000.00 "
Beras Medium,9/7/2022," Rp8,200.00 "," Rp9,000.00 "
Beras Medium,9/8/2022," Rp8,200.00 "," Rp9,000.00 "
Beras Medium,9/9/2022," Rp8,200.00 "," Rp9,000.00 "
Beras Medium,9/10/2022,,
Beras Medium,9/11/2022,,
Beras Medium,9/12/2022," Rp8,200.00 "," Rp9,000.00 "
Beras Medium,9/13/2022," Rp8,200.00 "," Rp9,000.00 "
Beras Medium,9/14/2022," Rp8,200.00 "," Rp9,000.00 "
Beras Medium,9/15/2022," Rp8,200.00 "," Rp9,000.00 "
Beras Medium,9/16/2022," Rp8,200.00 "," Rp9,000.00 "
Beras Medium,9/17/2022,,
Beras Medium,9/18/2022,,
Beras Medium,9/19/2022," Rp8,200.00 "," Rp9,000.00 "
Beras Medium,9/20/2022," Rp8,200.00 "," Rp9,000.00 "
Beras Medium,9/21/2022," Rp8,200.00 "," Rp9,000.00 "
Beras Medium,9/22/2022," Rp8,200.00 "," Rp9,000.00 "
Beras Medium,9/23/2022," Rp8,200.00 "," Rp9,000.00 "
Beras Medium,9/24/2022,,
Beras Medium,9/25/2022,,
Beras Medium,9/26/2022," Rp8,200.00 "," Rp9,000.00 "
Beras Medium,9/27/2022," Rp8,200.00 "," Rp9,000.00 "
Beras Medium,9/28/2022," Rp8,200.00 "," Rp9,000.00 "
Beras Medium,9/29/2022," Rp8,200.00 "," Rp9,000.00 "
Beras Medium,9/30/2022," Rp8,200.00 "," Rp9,000.00 "
Beras Medium,10/1/2022,,
Beras Medium,10/2/2022,,
Beras Medium,10/3/2022," Rp8,200.00 "," Rp9,000.00 "
Beras Medium,10/4/2022," Rp8,800.00 "," Rp9,200.00 "
Beras Medium,10/5/2022," Rp8,800.00 "," Rp9,200.00 "
Beras Medium,10/6/2022," Rp8,800.00 "," Rp9,200.00 "
Beras Medium,10/7/2022," Rp8,800.00 "," Rp9,200.00 "
Beras Medium,10/8/2022,,
Beras Medium,10/9/2022,,
Beras Medium,10/10/2022," Rp8,800.00 "," Rp9,200.00 "
Beras Medium,10/11/2022," Rp8,800.00 "," Rp9,200.00 "
Beras Medium,10/12/2022," Rp8,800.00 "," Rp9,200.00 "
Beras Medium,10/13/2022," Rp8,800.00 "," Rp9,200.00 "
Beras Medium,10/14/2022," Rp8,800.00 "," Rp9,200.00 "
Beras Medium,10/15/2022,,
Beras Medium,10/16/2022,,
Beras Medium,10/17/2022," Rp8,800.00 "," Rp9,200.00 "
Beras Medium,10/18/2022," Rp8,800.00 "," Rp9,200.00 "
Beras Medium,10/19/2022," Rp8,800.00 "," Rp9,200.00 "
Beras Medium,10/20/2022," Rp8,800.00 "," Rp9,200.00 "
Beras Medium,10/21/2022," Rp8,800.00 "," Rp9,200.00 "
Beras Medium,10/22/2022,,
Beras Medium,10/23/2022,,
Beras Medium,10/24/2022," Rp8,800.00 "," Rp9,200.00 "
Beras Medium,10/25/2022," Rp8,800.00 "," Rp9,200.00 "
Beras Medium,10/26/2022," Rp8,800.00 "," Rp9,200.00 "
Beras Medium,10/27/2022," Rp8,800.00 "," Rp9,200.00 "
Beras Medium,10/28/2022," Rp8,800.00 "," Rp9,200.00 "
Beras Medium,10/29/2022,,
Beras Medium,10/30/2022,,
Beras Medium,10/31/2022," Rp8,800.00 "," Rp9,200.00 "
Beras Medium,11/1/2022,,
Beras Medium,11/2/2022,,
Beras Medium,11/3/2022,,
Beras Medium,11/4/2022,,
Beras Medium,11/5/2022,,
Beras Medium,11/6/2022,,
Beras Medium,11/7/2022,,
Beras Medium,11/8/2022,,
Beras Medium,11/9/2022,,
Beras Medium,11/10/2022,,
Beras Medium,11/11/2022,,
Beras Medium,11/12/2022,,
Beras Medium,11/13/2022,,
Beras Medium,11/14/2022,,
Beras Medium,11/15/2022,,
Beras Medium,11/16/2022,,
Beras Medium,11/17/2022,,
Beras Medium,11/18/2022,,
Beras Medium,11/19/2022,,
Beras Medium,11/20/2022,,
Beras Medium,11/21/2022,,
Beras Medium,11/22/2022,,
Beras Medium,11/23/2022,,
Beras Medium,11/24/2022,,
Beras Medium,11/25/2022,,
Beras Medium,11/26/2022,,
Beras Medium,11/27/2022,,
Beras Medium,11/28/2022,,
Beras Medium,11/29/2022,,
Beras Medium,11/30/2022,,
Beras Medium,12/1/2022," Rp8,800.00 "," Rp9,500.00 "
Beras Medium,12/2/2022," Rp8,800.00 "," Rp9,500.00 "
Beras Medium,12/3/2022,,
Beras Medium,12/4/2022,,
Beras Medium,12/5/2022," Rp8,900.00 "," Rp9,500.00 "
Beras Medium,12/6/2022," Rp8,900.00 "," Rp9,500.00 "
Beras Medium,12/7/2022," Rp8,900.00 "," Rp9,500.00 "
Beras Medium,12/8/2022," Rp8,900.00 "," Rp9,500.00 "
Beras Medium,12/9/2022," Rp8,900.00 "," Rp9,500.00 "
Beras Medium,12/10/2022,,
Beras Medium,12/11/2022,,
Beras Medium,12/12/2022," Rp8,900.00 "," Rp9,500.00 "
Beras Medium,12/13/2022," Rp8,900.00 "," Rp9,500.00 "
Beras Medium,12/14/2022," Rp8,900.00 "," Rp9,500.00 "
Beras Medium,12/15/2022," Rp8,900.00 "," Rp9,500.00 "
Beras Medium,12/16/2022," Rp8,900.00 "," Rp9,500.00 "
Beras Medium,12/17/2022,,
Beras Medium,12/18/2022,,
Beras Medium,12/19/2022," Rp8,900.00 "," Rp9,500.00 "
Beras Medium,12/20/2022," Rp8,900.00 "," Rp9,500.00 "
Beras Medium,12/21/2022," Rp8,900.00 "," Rp9,500.00 "
Beras Medium,12/22/2022," Rp8,900.00 "," Rp9,500.00 "
Beras Medium,12/23/2022," Rp8,900.00 "," Rp9,500.00 "
Beras Medium,12/24/2022,,
Beras Medium,12/25/2022,,
Beras Medium,12/26/2022," Rp8,900.00 "," Rp9,500.00 "
Beras Medium,12/27/2022," Rp8,900.00 "," Rp9,500.00 "
Beras Medium,12/28/2022," Rp8,900.00 "," Rp9,500.00 "
Beras Medium,12/29/2022," Rp8,900.00 "," Rp9,500.00 "
Beras Medium,12/30/2022," Rp8,900.00 "," Rp9,500.00 "
Beras Medium,12/31/2022,,
Beras Medium,1/1/2023,,
Beras Medium,1/2/2023," Rp8,800.00 "," Rp9,500.00 "
Beras Medium,1/3/2023," Rp8,800.00 "," Rp9,500.00 "
Beras Medium,1/4/2023," Rp8,800.00 "," Rp9,500.00 "
Beras Medium,1/5/2023," Rp8,800.00 "," Rp9,500.00 "
Beras Medium,1/6/2023," Rp8,800.00 "," Rp9,500.00 "
Beras Medium,1/7/2023,,
Beras Medium,1/8/2023,,
Beras Medium,1/9/2023," Rp9,300.00 "," Rp10,500.00 "
Beras Medium,1/10/2023," Rp9,300.00 "," Rp10,500.00 "
Beras Medium,1/11/2023," Rp9,300.00 "," Rp10,500.00 "
Beras Medium,1/12/2023," Rp9,300.00 "," Rp10,500.00 "
Beras Medium,1/13/2023," Rp9,300.00 "," Rp10,500.00 "
Beras Medium,1/14/2023,,
Beras Medium,1/15/2023,,
Beras Medium,1/16/2023," Rp9,300.00 "," Rp10,500.00 "
Beras Medium,1/17/2023," Rp9,300.00 "," Rp10,500.00 "
Beras Medium,1/18/2023," Rp9,300.00 "," Rp10,500.00 "
Beras Medium,1/19/2023," Rp9,300.00 "," Rp10,500.00 "
Beras Medium,1/20/2023," Rp9,300.00 "," Rp10,500.00 "
Beras Medium,1/21/2023,,
Beras Medium,1/22/2023,,
Beras Medium,1/23/2023," Rp9,300.00 "," Rp10,500.00 "
Beras Medium,1/24/2023," Rp9,300.00 "," Rp10,500.00 "
Beras Medium,1/25/2023," Rp9,300.00 "," Rp10,500.00 "
Beras Medium,1/26/2023," Rp9,300.00 "," Rp10,500.00 "
Beras Medium,1/27/2023," Rp9,300.00 "," Rp10,500.00 "
Beras Medium,1/28/2023,,
Beras Medium,1/29/2023,,
Beras Medium,1/30/2023," Rp9,300.00 "," Rp10,500.00 "
Beras Medium,1/31/2023," Rp9,300.00 "," Rp10,500.00 "
Beras Medium,2/1/2023," Rp9,300.00 "," Rp9,000.00 "
Beras Medium,2/2/2023," Rp9,300.00 "," Rp9,000.00 "
Beras Medium,2/3/2023," Rp9,300.00 "," Rp9,000.00 "
Beras Medium,2/4/2023,,
Beras Medium,2/5/2023,,
Beras Medium,2/6/2023," Rp9,300.00 "," Rp10,500.00 "
Beras Medium,2/7/2023," Rp9,300.00 "," Rp10,500.00 "
Beras Medium,2/8/2023," Rp9,300.00 "," Rp10,500.00 "
Beras Medium,2/9/2023," Rp9,300.00 "," Rp10,500.00 "
Beras Medium,2/10/2023," Rp9,300.00 "," Rp10,500.00 "
Beras Medium,2/11/2023,,
Beras Medium,2/12/2023,,
Beras Medium,2/13/2023," Rp9,300.00 "," Rp10,500.00 "
Beras Medium,2/14/2023," Rp9,300.00 "," Rp10,500.00 "
Beras Medium,2/15/2023," Rp9,300.00 "," Rp10,500.00 "
Beras Medium,2/16/2023," Rp9,300.00 "," Rp10,500.00 "
Beras Medium,2/17/2023," Rp9,300.00 "," Rp10,500.00 "
Beras Medium,2/18/2023,,
Beras Medium,2/19/2023,,
Beras Medium,2/20/2023," Rp9,600.00 "," Rp11,500.00 "
Beras Medium,2/21/2023," Rp9,600.00 "," Rp11,500.00 "
Beras Medium,2/22/2023," Rp9,600.00 "," Rp11,500.00 "
Beras Medium,2/23/2023," Rp9,600.00 "," Rp11,500.00 "
Beras Medium,2/24/2023," Rp9,600.00 "," Rp11,500.00 "
Beras Medium,2/25/2023,,
Beras Medium,2/26/2023,,
Beras Medium,2/27/2023," Rp9,600.00 "," Rp11,500.00 "
Beras Medium,2/28/2023," Rp9,600.00 "," Rp11,500.00 "
Beras Medium,3/1/2023," Rp9,300.00 "," Rp9,000.00 "
Beras Medium,3/2/2023," Rp9,300.00 "," Rp9,000.00 "
Beras Medium,3/3/2023," Rp9,300.00 "," Rp9,000.00 "
Beras Medium,3/4/2023,,
Beras Medium,3/5/2023,,
Beras Medium,3/6/2023," Rp9,300.00 "," Rp9,000.00 "
Beras Medium,3/7/2023," Rp9,300.00 "," Rp9,000.00 "
Beras Medium,3/8/2023," Rp9,300.00 "," Rp9,000.00 "
Beras Medium,3/9/2023," Rp9,300.00 "," Rp9,000.00 "
Beras Medium,3/10/2023," Rp9,300.00 "," Rp9,000.00 "
Beras Medium,3/11/2023,,
Beras Medium,3/12/2023,,
Beras Medium,3/13/2023," Rp9,300.00 "," Rp9,000.00 "
Beras Medium,3/14/2023," Rp9,300.00 "," Rp9,000.00 "
Beras Medium,3/15/2023," Rp9,300.00 "," Rp9,000.00 "
Beras Medium,3/16/2023," Rp9,300.00 "," Rp9,000.00 "
Beras Medium,3/17/2023," Rp9,300.00 "," Rp9,000.00 "
Beras Medium,3/18/2023,,
Beras Medium,3/19/2023,,
Beras Medium,3/20/2023," Rp9,300.00 "," Rp9,000.00 "
Beras Medium,3/21/2023," Rp9,300.00 "," Rp9,000.00 "
Beras Medium,3/22/2023," Rp9,300.00 "," Rp9,000.00 "
Beras Medium,3/23/2023,,
Beras Medium,3/24/2023," Rp9,300.00 "," Rp9,000.00 "
Beras Medium,3/25/2023,,
Beras Medium,3/26/2023,,
Beras Medium,3/27/2023," Rp9,300.00 "," Rp9,000.00 "
Beras Medium,3/28/2023," Rp9,300.00 "," Rp9,000.00 "
Beras Medium,3/29/2023," Rp9,300.00 "," Rp9,000.00 "
Beras Medium,3/30/2023," Rp9,300.00 "," Rp9,000.00 "
Beras Medium,3/31/2023," Rp9,300.00 "," Rp9,000.00 "
Beras Medium,4/1/2023,,
Beras Medium,4/2/2023,,
Beras Medium,4/3/2023," Rp9,300.00 "," Rp9,000.00 "
Beras Medium,4/4/2023," Rp9,300.00 "," Rp9,000.00 "
Beras Medium,4/5/2023," Rp9,300.00 "," Rp9,000.00 "
Beras Medium,4/6/2023," Rp9,300.00 "," Rp9,000.00 "
Beras Medium,4/7/2023,,
Beras Medium,4/8/2023,,
Beras Medium,4/9/2023,,
Beras Medium,4/10/2023," Rp9,300.00 "," Rp9,000.00 "
Beras Medium,4/11/2023," Rp9,300.00 "," Rp9,000.00 "
Beras Medium,4/12/2023," Rp9,300.00 "," Rp9,000.00 "
Beras Medium,4/13/2023," Rp9,300.00 "," Rp9,000.00 "
Beras Medium,4/14/2023," Rp9,300.00 "," Rp9,000.00 "
Beras Medium,4/15/2023,,
Beras Medium,4/16/2023,,
Beras Medium,4/17/2023," Rp9,300.00 "," Rp9,000.00 "
Beras Medium,4/18/2023," Rp9,300.00 "," Rp9,000.00 "
Beras Medium,4/19/2023," Rp9,300.00 "," Rp9,000.00 "
Beras Medium,4/20/2023," Rp9,300.00 "," Rp9,000.00 "
Beras Medium,4/21/2023," Rp9,300.00 "," Rp9,000.00 "
Beras Medium,4/22/2023,,
Beras Medium,4/23/2023,,
Beras Medium,4/24/2023," Rp9,300.00 "," Rp9,000.00 "
Beras Medium,4/25/2023," Rp9,300.00 "," Rp9,000.00 "
Beras Medium,4/26/2023," Rp9,300.00 "," Rp9,000.00 "
Beras Medium,4/27/2023," Rp9,300.00 "," Rp9,000.00 "
Beras Medium,4/28/2023," Rp9,300.00 "," Rp9,000.00 "
Beras Medium,4/29/2023,,
Beras Medium,4/30/2023,,
Beras Medium,5/1/2023,,
Beras Medium,5/2/2023," Rp9,300.00 "," Rp9,000.00 "
Beras Medium,5/3/2023," Rp9,300.00 "," Rp9,000.00 "
Beras Medium,5/4/2023," Rp9,300.00 "," Rp9,000.00 "
Beras Medium,5/5/2023," Rp9,300.00 "," Rp9,000.00 "
Beras Medium,5/6/2023,,
Beras Medium,5/7/2023,,
Beras Medium,5/8/2023," Rp9,300.00 "," Rp9,000.00 "
Beras Medium,5/9/2023," Rp9,300.00 "," Rp9,000.00 "
Beras Medium,5/10/2023," Rp9,300.00 "," Rp9,000.00 "
Beras Medium,5/11/2023," Rp9,300.00 "," Rp9,000.00 "
Beras Medium,5/12/2023," Rp9,300.00 "," Rp9,000.00 "
Beras Medium,5/13/2023,,
Beras Medium,5/14/2023,,
Beras Medium,5/15/2023," Rp9,600.00 "," Rp10,700.00 "
Beras Medium,5/16/2023," Rp9,600.00 "," Rp10,700.00 "
Beras Medium,5/17/2023," Rp9,600.00 "," Rp10,700.00 "
Beras Medium,5/18/2023,,
Beras Medium,5/19/2023," Rp9,600.00 "," Rp10,700.00 "
Beras Medium,5/20/2023,,
Beras Medium,5/21/2023,,
Beras Medium,5/22/2023," Rp9,600.00 "," Rp10,700.00 "
Beras Medium,5/23/2023," Rp9,600.00 "," Rp10,700.00 "
Beras Medium,5/24/2023," Rp9,600.00 "," Rp10,700.00 "
Beras Medium,5/25/2023," Rp9,600.00 "," Rp10,700.00 "
Beras Medium,5/26/2023," Rp9,600.00 "," Rp10,700.00 "
Beras Medium,5/27/2023,,
Beras Medium,5/28/2023,,
Beras Medium,5/29/2023," Rp9,600.00 "," Rp10,700.00 "
Beras Medium,5/30/2023," Rp9,600.00 "," Rp10,700.00 "
Beras Medium,5/31/2023," Rp9,600.00 "," Rp10,700.00 "
Beras Medium,6/1/2023,,
Beras Medium,6/2/2023," Rp9,600.00 "," Rp10,700.00 "
Beras Medium,6/3/2023,,
Beras Medium,6/4/2023,,
Beras Medium,6/5/2023," Rp9,600.00 "," Rp10,700.00 "
Beras Medium,6/6/2023," Rp9,600.00 "," Rp10,700.00 "
Beras Medium,6/7/2023," Rp9,600.00 "," Rp10,700.00 "
Beras Medium,6/8/2023," Rp9,600.00 "," Rp10,700.00 "
Beras Medium,6/9/2023," Rp9,600.00 "," Rp10,700.00 "
Beras Medium,6/10/2023,,
Beras Medium,6/11/2023,,
Beras Medium,6/12/2023," Rp9,600.00 "," Rp10,700.00 "
Beras Medium,6/13/2023," Rp9,600.00 "," Rp10,700.00 "
Beras Medium,6/14/2023," Rp9,600.00 "," Rp10,700.00 "
Beras Medium,6/15/2023," Rp9,600.00 "," Rp10,700.00 "
Beras Medium,6/16/2023," Rp9,600.00 "," Rp10,700.00 "
Beras Medium,6/17/2023,,
Beras Medium,6/18/2023,,
Beras Medium,6/19/2023," Rp9,600.00 "," Rp10,700.00 "
Beras Medium,6/20/2023," Rp9,600.00 "," Rp10,700.00 "
Beras Medium,6/21/2023," Rp9,600.00 "," Rp10,700.00 "
Beras Medium,6/22/2023," Rp9,600.00 "," Rp10,700.00 "
Beras Medium,6/23/2023," Rp9,600.00 "," Rp10,700.00 "
Beras Medium,6/24/2023,,
Beras Medium,6/25/2023,,
Beras Medium,6/26/2023," Rp9,600.00 "," Rp10,700.00 "
Beras Medium,6/27/2023," Rp9,600.00 "," Rp10,700.00 "
Beras Medium,6/28/2023," Rp9,600.00 "," Rp10,700.00 "
Beras Medium,6/29/2023," Rp9,600.00 "," Rp10,700.00 "
Beras Medium,6/30/2023," Rp9,600.00 "," Rp10,700.00 "
Beras Medium,7/1/2023,,
Beras Medium,7/2/2023,,
Beras Medium,7/3/2023," Rp9,600.00 "," Rp10,700.00 "
Beras Medium,7/4/2023," Rp9,600.00 "," Rp10,700.00 "
Beras Medium,7/5/2023," Rp9,600.00 "," Rp10,700.00 "
Beras Medium,7/6/2023," Rp9,600.00 "," Rp10,700.00 "
Beras Medium,7/7/2023," Rp9,600.00 "," Rp10,700.00 "
Beras Medium,7/8/2023,,
Beras Medium,7/9/2023,,
Beras Medium,7/10/2023," Rp9,600.00 "," Rp10,700.00 "
Beras Medium,7/11/2023," Rp9,600.00 "," Rp10,700.00 "
Beras Medium,7/12/2023," Rp9,600.00 "," Rp10,700.00 "
Beras Medium,7/13/2023," Rp9,600.00 "," Rp10,700.00 "
Beras Medium,7/14/2023," Rp9,600.00 "," Rp10,700.00 "
Beras Medium,7/15/2023,,
Beras Medium,7/16/2023,,
Beras Medium,7/17/2023," Rp9,700.00 "," Rp10,900.00 "
Beras Medium,7/18/2023," Rp9,700.00 "," Rp10,900.00 "
Beras Medium,7/19/2023," Rp9,700.00 "," Rp10,900.00 "
Beras Medium,7/20/2023," Rp9,700.00 "," Rp10,900.00 "
Beras Medium,7/21/2023," Rp9,700.00 "," Rp10,900.00 "
Beras Medium,7/22/2023,,
Beras Medium,7/23/2023,,
Beras Medium,7/24/2023," Rp9,700.00 "," Rp10,900.00 "
Beras Medium,7/25/2023," Rp9,700.00 "," Rp10,900.00 "
Beras Medium,7/26/2023," Rp9,700.00 "," Rp10,900.00 "
Beras Medium,7/27/2023," Rp9,700.00 "," Rp10,900.00 "
Beras Medium,7/28/2023," Rp9,700.00 "," Rp10,900.00 "
Beras Medium,7/29/2023,,
Beras Medium,7/30/2023," Rp9,700.00 "," Rp10,900.00 "
Beras Medium,7/31/2023," Rp9,700.00 "," Rp10,900.00 "
Beras Medium,8/1/2023," Rp9,700.00 "," Rp10,900.00 "
Beras Medium,8/2/2023," Rp9,700.00 "," Rp10,900.00 "
Beras Medium,8/3/2023," Rp9,700.00 "," Rp10,900.00 "
Beras Medium,8/4/2023," Rp9,700.00 "," Rp10,900.00 "
Beras Medium,8/5/2023,,
Beras Medium,8/6/2023,,
Beras Medium,8/7/2023," Rp9,700.00 "," Rp10,900.00 "
Beras Medium,8/8/2023," Rp9,700.00 "," Rp10,900.00 "
Beras Medium,8/9/2023," Rp9,700.00 "," Rp10,900.00 "
Beras Medium,8/10/2023," Rp9,700.00 "," Rp10,900.00 "
Beras Medium,8/11/2023," Rp9,700.00 "," Rp10,900.00 "
Beras Medium,8/12/2023,,
Beras Medium,8/13/2023,,
Beras Medium,8/14/2023," Rp9,700.00 "," Rp10,900.00 "
Beras Medium,8/15/2023," Rp9,700.00 "," Rp10,900.00 "
Beras Medium,8/16/2023," Rp9,700.00 "," Rp10,900.00 "
Beras Medium,8/17/2023," Rp9,700.00 "," Rp10,900.00 "
Beras Medium,8/18/2023," Rp9,700.00 "," Rp10,900.00 "
Beras Medium,8/19/2023,,
Beras Medium,8/20/2023,,
Beras Medium,8/21/2023," Rp9,700.00 "," Rp10,900.00 "
Beras Medium,8/22/2023," Rp9,700.00 "," Rp10,900.00 "
Beras Medium,8/23/2023," Rp9,700.00 "," Rp10,900.00 "
Beras Medium,8/24/2023," Rp9,700.00 "," Rp10,900.00 "
Beras Medium,8/25/2023," Rp9,700.00 "," Rp10,900.00 "
Beras Medium,8/26/2023,,
Beras Medium,8/27/2023,,
Beras Medium,8/28/2023," Rp10,500.00 "," Rp11,400.00 "
Beras Medium,8/29/2023," Rp10,500.00 "," Rp11,400.00 "
Beras Medium,8/30/2023," Rp10,500.00 "," Rp11,400.00 "
Beras Medium,8/31/2023," Rp10,500.00 "," Rp11,400.00 "
Beras Medium,9/1/2023," Rp10,500.00 "," Rp11,400.00 "
Beras Medium,9/2/2023,,
Beras Medium,9/3/2023,,
Beras Medium,9/4/2023," Rp10,700.00 "," Rp11,400.00 "
Beras Medium,9/5/2023," Rp10,700.00 "," Rp11,400.00 "
Beras Medium,9/6/2023," Rp10,700.00 "," Rp11,400.00 "
Beras Medium,9/7/2023," Rp10,700.00 "," Rp11,400.00 "
Beras Medium,9/8/2023," Rp10,700.00 "," Rp11,400.00 "
Beras Medium,9/9/2023,,
Beras Medium,9/10/2023,,
Beras Medium,9/11/2023," Rp10,700.00 "," Rp11,400.00 "
Beras Medium,9/12/2023," Rp10,700.00 "," Rp11,400.00 "
Beras Medium,9/13/2023," Rp10,700.00 "," Rp11,800.00 "
Beras Medium,9/14/2023," Rp10,700.00 "," Rp11,800.00 "
Beras Medium,9/15/2023," Rp10,700.00 "," Rp11,800.00 "
Beras Medium,9/16/2023,,
Beras Medium,9/17/2023,,
Beras Medium,9/18/2023," Rp12,200.00 "," Rp13,000.00 "
Beras Medium,9/19/2023," Rp12,200.00 "," Rp13,000.00 "
Beras Medium,9/20/2023," Rp12,200.00 "," Rp13,000.00 "
Beras Medium,9/21/2023," Rp12,200.00 "," Rp13,000.00 "
Beras Medium,9/22/2023," Rp12,200.00 "," Rp13,000.00 "
Beras Medium,9/23/2023,,
Beras Medium,9/24/2023,,
Beras Medium,9/25/2023," Rp12,200.00 "," Rp13,000.00 "
Beras Medium,9/26/2023," Rp12,200.00 "," Rp13,000.00 "
Beras Medium,9/27/2023," Rp12,200.00 "," Rp13,000.00 "
Beras Medium,,,
Beras Medium,9/29/2023," Rp12,200.00 "," Rp13,000.00 "
Beras Medium,9/30/2023,,
Beras Medium,10/1/2023,,
Beras Medium,10/2/2023," Rp12,200.00 "," Rp13,000.00 "
Beras Medium,10/3/2023," Rp12,200.00 "," Rp13,000.00 "
Beras Medium,10/4/2023," Rp12,200.00 "," Rp13,000.00 "
Beras Medium,10/5/2023," Rp12,200.00 "," Rp13,000.00 "
Beras Medium,10/6/2023," Rp12,200.00 "," Rp13,000.00 "
Beras Medium,10/7/2023,,
Beras Medium,10/8/2023,,
Beras Medium,10/9/2023," Rp12,200.00 "," Rp13,000.00 "
Beras Medium,10/10/2023," Rp12,200.00 "," Rp13,000.00 "
Beras Medium,10/11/2023," Rp12,200.00 "," Rp13,000.00 "
Beras Medium,10/12/2023," Rp12,200.00 "," Rp13,000.00 "
Beras Medium,10/13/2023," Rp12,200.00 "," Rp13,000.00 "
Beras Medium,10/14/2023,,
Beras Medium,10/15/2023,,
Beras Medium,10/16/2023," Rp12,200.00 "," Rp13,000.00 "
Beras Medium,10/17/2023," Rp12,200.00 "," Rp13,000.00 "
Beras Medium,10/18/2023," Rp12,200.00 "," Rp13,000.00 "
Beras Medium,10/19/2023," Rp12,200.00 "," Rp13,000.00 "
Beras Medium,10/20/2023," Rp12,200.00 "," Rp13,000.00 "
Beras Medium,10/21/2023,,
Beras Medium,10/22/2023,,
Beras Medium,10/23/2023," Rp12,200.00 "," Rp13,000.00 "
Beras Medium,10/24/2023," Rp12,200.00 "," Rp13,000.00 "
Beras Medium,10/25/2023," Rp12,200.00 "," Rp13,000.00 "
Beras Medium,10/26/2023," Rp12,200.00 "," Rp13,000.00 "
Beras Medium,10/27/2023," Rp12,200.00 "," Rp13,000.00 "
Beras Medium,10/28/2023,,
Beras Medium,10/29/2023,,
Beras Medium,10/30/2023," Rp12,500.00 "," Rp13,500.00 "
Beras Medium,10/31/2023," Rp12,500.00 "," Rp13,500.00 "
Beras Medium,11/1/2023," Rp12,500.00 "," Rp13,500.00 "
Beras Medium,11/2/2023," Rp12,500.00 "," Rp13,500.00 "
Beras Medium,11/3/2023," Rp12,500.00 "," Rp13,500.00 "
Beras Medium,11/4/2023,,
Beras Medium,11/5/2023,,
Beras Medium,11/6/2023," Rp12,500.00 "," Rp13,800.00 "
Beras Medium,11/7/2023," Rp12,500.00 "," Rp13,800.00 "
Beras Medium,11/8/2023," Rp12,500.00 "," Rp13,800.00 "
Beras Medium,11/9/2023," Rp12,500.00 "," Rp13,800.00 "
Beras Medium,11/10/2023," Rp12,500.00 "," Rp13,800.00 "
Beras Medium,11/11/2023,,
Beras Medium,11/12/2023,,
Beras Medium,11/13/2023," Rp12,500.00 "," Rp13,800.00 "
Beras Medium,11/14/2023," Rp12,500.00 "," Rp13,800.00 "
Beras Medium,11/15/2023," Rp12,500.00 "," Rp13,800.00 "
Beras Medium,11/16/2023," Rp12,500.00 "," Rp13,800.00 "
Beras Medium,11/17/2023," Rp12,500.00 "," Rp13,800.00 "
Beras Medium,11/18/2023,,
Beras Medium,11/19/2023,,
Beras Medium,11/20/2023," Rp12,500.00 "," Rp13,800.00 "
Beras Medium,11/21/2023," Rp12,500.00 "," Rp13,800.00 "
Beras Medium,11/22/2023," Rp12,500.00 "," Rp13,800.00 "
Beras Medium,11/23/2023," Rp12,500.00 "," Rp13,800.00 "
Beras Medium,11/24/2023," Rp12,500.00 "," Rp13,800.00 "
Beras Medium,11/25/2023,,
Beras Medium,11/26/2023,,
Beras Medium,11/27/2023," Rp12,500.00 "," Rp13,800.00 "
Beras Medium,11/28/2023," Rp12,500.00 "," Rp13,800.00 "
Beras Medium,11/29/2023," Rp12,500.00 "," Rp13,800.00 "
Beras Medium,11/30/2023," Rp12,500.00 "," Rp13,800.00 "
Beras Medium,12/1/2023," Rp12,500.00 "," Rp13,800.00 "
Beras Medium,12/2/2023,,
Beras Medium,12/3/2023,,
Beras Medium,12/4/2023," Rp12,500.00 "," Rp13,800.00 "
Beras Medium,12/5/2023," Rp12,500.00 "," Rp13,800.00 "
Beras Medium,12/6/2023," Rp12,500.00 "," Rp13,800.00 "
Beras Medium,12/7/2023," Rp12,500.00 "," Rp13,800.00 "
Beras Medium,12/8/2023," Rp12,500.00 "," Rp13,800.00 "
Beras Medium,12/9/2023,,
Beras Medium,12/10/2023,,
Beras Medium,12/11/2023," Rp12,500.00 "," Rp13,800.00 "
Beras Medium,12/12/2023," Rp12,500.00 "," Rp13,800.00 "
Beras Medium,12/13/2023," Rp12,500.00 "," Rp13,800.00 "
Beras Medium,12/14/2023," Rp12,500.00 "," Rp13,800.00 "
Beras Medium,12/15/2023," Rp12,500.00 "," Rp13,800.00 "
Beras Medium,12/16/2023,,
Beras Medium,12/17/2023,,
Beras Medium,12/18/2023," Rp12,500.00 "," Rp13,800.00 "
Beras Medium,12/19/2023," Rp12,500.00 "," Rp13,800.00 "
Beras Medium,12/20/2023," Rp12,500.00 "," Rp13,800.00 "
Beras Medium,12/21/2023," Rp12,500.00 "," Rp13,800.00 "
Beras Medium,12/22/2023," Rp12,500.00 "," Rp13,800.00 "
Beras Medium,12/23/2023,,
Beras Medium,12/24/2023,,
Beras Medium,12/25/2023,,
Beras Medium,12/26/2023," Rp12,500.00 "," Rp13,800.00 "
Beras Medium,12/27/2023," Rp12,500.00 "," Rp13,800.00 "
Beras Medium,12/28/2023," Rp12,500.00 "," Rp13,800.00 "
Beras Medium,12/29/2023," Rp12,500.00 "," Rp13,800.00 "
Beras Medium,12/30/2023," Rp12,500.00 "," Rp13,800.00 "
Beras Medium,12/31/2023,,
Beras Medium,1/1/2024,,
Beras Medium,1/2/2024,,
Beras Medium,1/3/2024,,
Beras Medium,1/4/2024,,
Beras Medium,1/5/2024,,
Beras Medium,1/6/2024,,
Beras Medium,1/7/2024,,
Beras Medium,1/8/2024,,
Beras Medium,1/9/2024,,
Beras Medium,1/10/2024,,
Beras Medium,1/11/2024,,
Beras Medium,1/12/2024,,
Beras Medium,1/13/2024,,
Beras Medium,1/14/2024,,
Beras Medium,1/15/2024,,
Beras Medium,1/16/2024,,
Beras Medium,1/17/2024,,
Beras Medium,1/18/2024,,
Beras Medium,1/19/2024,,
Beras Medium,1/20/2024,,
Beras Medium,1/21/2024,,
Beras Medium,1/22/2024,,
Beras Medium,1/23/2024,,
Beras Medium,1/24/2024,,
Beras Medium,1/25/2024,,
Beras Medium,1/26/2024,,
Beras Medium,1/27/2024,,
Beras Medium,1/28/2024,,
Beras Medium,1/29/2024,,
Beras Medium,1/30/2024,,
Beras Medium,1/31/2024,,
Beras Medium,2/1/2024," Rp13,300.00 "," Rp14,200.00 "
Beras Medium,2/2/2024," Rp13,300.00 "," Rp14,200.00 "
Beras Medium,2/3/2024,,
Beras Medium,2/4/2024,,
Beras Medium,2/5/2024," Rp13,500.00 "," Rp14,500.00 "
Beras Medium,2/6/2024," Rp13,500.00 "," Rp14,500.00 "
Beras Medium,2/7/2024," Rp13,500.00 "," Rp14,500.00 "
Beras Medium,2/8/2024," Rp13,500.00 "," Rp14,500.00 "
Beras Medium,2/9/2024," Rp13,500.00 "," Rp14,500.00 "
Beras Medium,2/10/2024,,
Beras Medium,2/11/2024,,
Beras Medium,2/12/2024," Rp13,800.00 "," Rp14,700.00 "
Beras Medium,2/13/2024," Rp13,800.00 "," Rp14,700.00 "
Beras Medium,2/14/2024," Rp13,800.00 "," Rp14,700.00 "
Beras Medium,2/15/2024," Rp13,800.00 "," Rp14,700.00 "
Beras Medium,2/16/2024," Rp13,800.00 "," Rp14,700.00 "
Beras Medium,2/17/2024,,
Beras Medium,2/18/2024,,
Beras Medium,2/19/2024," Rp14,500.00 "," Rp15,000.00 "
Beras Medium,2/20/2024," Rp14,500.00 "," Rp15,000.00 "
Beras Medium,2/21/2024," Rp15,000.00 "," Rp16,000.00 "
Beras Medium,2/22/2024," Rp15,000.00 "," Rp16,000.00 "
Beras Medium,2/23/2024," Rp15,000.00 "," Rp16,000.00 "
Beras Medium,2/24/2024,,
Beras Medium,2/25/2024,,
Beras Medium,2/26/2024," Rp15,000.00 "," Rp16,000.00 "
Beras Medium,2/27/2024," Rp15,000.00 "," Rp16,000.00 "
Beras Medium,2/28/2024," Rp15,000.00 "," Rp16,000.00 "
Beras Medium,2/29/2024," Rp15,000.00 "," Rp16,000.00 "
Beras Medium,3/1/2024," Rp14,000.00 "," Rp16,000.00 "
Beras Medium,3/2/2024,,
Beras Medium,3/3/2024,,
Beras Medium,3/4/2024," Rp14,000.00 "," Rp16,000.00 "
Beras Medium,3/5/2024," Rp14,000.00 "," Rp16,000.00 "
Beras Medium,3/6/2024," Rp14,000.00 "," Rp16,000.00 "
Beras Medium,3/7/2024," Rp14,000.00 "," Rp16,000.00 "
Beras Medium,3/8/2024," Rp14,000.00 "," Rp16,000.00 "
Beras Medium,3/9/2024,,
Beras Medium,3/10/2024,,
Beras Medium,3/11/2024,,
Beras Medium,3/12/2024," Rp14,000.00 "," Rp15,000.00 "
Beras Medium,3/13/2024," Rp14,000.00 "," Rp15,000.00 "
Beras Medium,3/14/2024," Rp14,000.00 "," Rp15,000.00 "
Beras Medium,3/15/2024," Rp14,000.00 "," Rp15,000.00 "
Beras Medium,3/16/2024,,
Beras Medium,3/17/2024,,
Beras Medium,3/18/2024," Rp14,000.00 "," Rp15,000.00 "
Beras Medium,3/19/2024," Rp14,000.00 "," Rp15,000.00 "
Beras Medium,3/20/2024," Rp14,000.00 "," Rp15,000.00 "
Beras Medium,3/21/2024," Rp14,000.00 "," Rp15,000.00 "
Beras Medium,3/22/2024," Rp14,000.00 "," Rp15,000.00 "
Beras Medium,3/23/2024,,
Beras Medium,3/24/2024,,
Beras Medium,3/25/2024," Rp13,000.00 "," Rp14,000.00 "
Beras Medium,3/26/2024," Rp13,000.00 "," Rp14,000.00 "
Beras Medium,3/27/2024," Rp13,000.00 "," Rp14,000.00 "
Beras Medium,3/28/2024," Rp13,000.00 "," Rp14,000.00 "
Beras Medium,3/29/2024,,
Beras Medium,3/30/2024,,
Beras Medium,3/31/2024,,
Beras Medium,4/1/2024," Rp13,000.00 "," Rp14,000.00 "
Beras Medium,4/2/2024," Rp12,000.00 "," Rp14,000.00 "
Beras Medium,4/3/2024," Rp12,000.00 "," Rp14,000.00 "
Beras Medium,4/4/2024," Rp12,000.00 "," Rp14,000.00 "
Beras Medium,4/5/2024," Rp12,000.00 "," Rp14,000.00 "
Beras Medium,4/6/2024,,
Beras Medium,4/7/2024,,
Beras Medium,4/8/2024," Rp12,000.00 "," Rp14,000.00 "
Beras Medium,4/9/2024," Rp12,000.00 "," Rp14,000.00 "
Beras Medium,4/10/2024,,
Beras Medium,4/11/2024,,
Beras Medium,4/12/2024," Rp12,000.00 "," Rp14,000.00 "
Beras Medium,4/13/2024,,
Beras Medium,4/14/2024,,
Beras Medium,4/15/2024," Rp12,000.00 "," Rp14,000.00 "
Beras Medium,4/16/2024," Rp12,000.00 "," Rp14,000.00 "
Beras Medium,4/17/2024," Rp12,000.00 "," Rp14,000.00 "
Beras Medium,4/18/2024," Rp12,000.00 "," Rp14,000.00 "
Beras Medium,4/19/2024," Rp12,000.00 "," Rp14,000.00 "
Beras Medium,4/20/2024,,
Beras Medium,4/21/2024,,
Beras Medium,4/22/2024," Rp12,000.00 "," Rp14,000.00 "
Beras Medium,4/23/2024," Rp12,000.00 "," Rp14,000.00 "
Beras Medium,4/24/2024," Rp12,000.00 "," Rp14,000.00 "
Beras Medium,4/25/2024," Rp12,000.00 "," Rp14,000.00 "
Beras Medium,4/26/2024," Rp12,000.00 "," Rp14,000.00 "
Beras Medium,4/27/2024,,
Beras Medium,4/28/2024,,
Beras Medium,4/29/2024," Rp12,000.00 "," Rp14,000.00 "
Beras Medium,4/30/2024," Rp12,000.00 "," Rp14,000.00 "
Beras Medium,5/1/2024,,
Beras Medium,5/2/2024," Rp12,000.00 "," Rp14,000.00 "
Beras Medium,5/3/2024," Rp12,000.00 "," Rp14,000.00 "
Beras Medium,5/4/2024,,
Beras Medium,5/5/2024,,
Beras Medium,5/6/2024," Rp12,000.00 "," Rp14,000.00 "
Beras Medium,5/7/2024," Rp12,000.00 "," Rp14,000.00 "
Beras Medium,5/8/2024," Rp12,000.00 "," Rp14,000.00 "
Beras Medium,5/9/2024," Rp12,000.00 "," Rp14,000.00 "
Beras Medium,5/10/2024," Rp12,000.00 "," Rp14,000.00 "
Beras Medium,5/11/2024,,
Beras Medium,5/12/2024,,
Beras Medium,5/13/2024," Rp12,000.00 "," Rp14,000.00 "
Beras Medium,5/14/2024," Rp12,000.00 "," Rp14,000.00 "
Beras Medium,5/15/2024," Rp12,000.00 "," Rp14,000.00 "
Beras Medium,5/16/2024," Rp12,000.00 "," Rp14,000.00 "
Beras Medium,5/17/2024," Rp12,000.00 "," Rp14,000.00 "
Beras Medium,5/18/2024,,
Beras Medium,5/19/2024,,
Beras Medium,5/20/2024," Rp12,000.00 "," Rp14,000.00 "
Beras Medium,5/21/2024," Rp12,000.00 "," Rp14,000.00 "
Beras Medium,5/22/2024," Rp12,000.00 "," Rp14,000.00 "
Beras Medium,5/23/2024,,
Beras Medium,5/24/2024," Rp12,000.00 "," Rp14,000.00 "
Beras Medium,5/25/2024,,
Beras Medium,5/26/2024,,
Beras Medium,5/27/2024," Rp12,000.00 "," Rp14,000.00 "
Beras Medium,5/28/2024," Rp12,000.00 "," Rp14,000.00 "
Beras Medium,5/29/2024," Rp12,000.00 "," Rp14,000.00 "
Beras Medium,5/30/2024," Rp12,000.00 "," Rp14,000.00 "
Beras Medium,5/31/2024," Rp12,000.00 "," Rp14,000.00 "
Beras Medium,6/1/2024,,
Beras Medium,6/2/2024," Rp12,000.00 "," Rp14,000.00 "
Beras Medium,6/3/2024," Rp12,000.00 "," Rp14,000.00 "
Beras Medium,6/4/2024," Rp12,000.00 "," Rp14,000.00 "
Beras Medium,6/5/2024," Rp12,000.00 "," Rp14,000.00 "
Beras Medium,6/6/2024,,
Beras Medium,6/7/2024,,
Beras Medium,6/8/2024," Rp12,000.00 "," Rp14,000.00 "
Beras Medium,6/9/2024," Rp12,000.00 "," Rp14,000.00 "
Beras Medium,6/10/2024," Rp12,000.00 "," Rp14,000.00 "
Beras Medium,6/11/2024," Rp12,000.00 "," Rp14,000.00 "
Beras Medium,6/12/2024," Rp12,000.00 "," Rp14,000.00 "
Beras Medium,6/13/2024,,
Beras Medium,6/14/2024,,
Beras Medium,6/15/2024," Rp12,000.00 "," Rp14,000.00 "
Beras Medium,6/16/2024," Rp12,000.00 "," Rp14,000.00 "
Beras Medium,6/17/2024," Rp12,000.00 "," Rp14,000.00 "
Beras Medium,6/18/2024," Rp12,000.00 "," Rp14,000.00 "
Beras Medium,6/19/2024," Rp12,000.00 "," Rp14,000.00 "
Beras Medium,6/20/2024,,
Beras Medium,6/21/2024,,
Beras Medium,6/22/2024," Rp12,000.00 "," Rp14,000.00 "
Beras Medium,6/23/2024," Rp12,000.00 "," Rp14,000.00 "
Beras Medium,6/24/2024," Rp12,000.00 "," Rp14,000.00 "
Beras Medium,6/25/2024," Rp12,000.00 "," Rp14,000.00 "
Beras Medium,6/26/2024," Rp12,000.00 "," Rp14,000.00 "
Beras Medium,6/27/2024,,
Beras Medium,6/28/2024,,
Beras Medium,6/29/2024," Rp12,000.00 "," Rp14,000.00 "
Beras Medium,6/30/2024," Rp12,000.00 "," Rp14,000.00 "
Beras Medium,7/1/2024," Rp12,000.00 "," Rp14,000.00 "
Beras Medium,7/2/2024," Rp12,000.00 "," Rp14,000.00 "
Beras Medium,7/3/2024," Rp12,000.00 "," Rp13,200.00 "
Beras Medium,7/4/2024," Rp12,000.00 "," Rp13,200.00 "
Beras Medium,7/5/2024," Rp12,000.00 "," Rp13,200.00 "
Beras Medium,7/6/2024," Rp12,000.00 "," Rp13,200.00 "
Beras Medium,7/7/2024,,
Beras Medium,7/8/2024," Rp12,000.00 "," Rp13,200.00 "
Beras Medium,7/9/2024," Rp12,000.00 "," Rp13,200.00 "
Beras Medium,7/10/2024," Rp12,000.00 "," Rp13,200.00 "
Beras Medium,7/11/2024," Rp12,000.00 "," Rp13,200.00 "
Beras Medium,7/12/2024," Rp12,000.00 "," Rp13,200.00 "
Beras Medium,7/13/2024,,
Beras Medium,7/14/2024,,
Beras Medium,7/15/2024," Rp12,000.00 "," Rp13,200.00 "
Beras Medium,7/16/2024," Rp12,000.00 "," Rp13,200.00 "
Beras Medium,7/17/2024," Rp12,000.00 "," Rp13,200.00 "
Beras Medium,7/18/2024," Rp12,000.00 "," Rp13,200.00 "
Beras Medium,7/19/2024," Rp12,000.00 "," Rp13,200.00 "
Beras Medium,7/20/2024,,
Beras Medium,7/21/2024,,
Beras Medium,7/22/2024," Rp13,000.00 "," Rp13,300.00 "
Beras Medium,7/23/2024," Rp13,000.00 "," Rp13,300.00 "
Beras Medium,7/24/2024," Rp13,000.00 "," Rp13,300.00 "
Beras Medium,7/25/2024," Rp13,000.00 "," Rp13,300.00 "
Beras Medium,7/26/2024," Rp13,000.00 "," Rp13,300.00 "
Beras Medium,7/27/2024,,
Beras Medium,7/28/2024,,
Beras Medium,7/29/2024," Rp13,000.00 "," Rp13,300.00 "
Beras Medium,7/30/2024," Rp13,000.00 "," Rp13,300.00 "
Beras Medium,7/31/2024," Rp13,000.00 "," Rp13,300.00 "
Beras Medium,8/1/2024," Rp13,000.00 "," Rp13,300.00 "
Beras Medium,8/2/2024," Rp13,000.00 "," Rp13,300.00 "
Beras Medium,8/3/2024,,
Beras Medium,8/4/2024,,
Beras Medium,8/5/2024," Rp12,000.00 "," Rp13,200.00 "
Beras Medium,8/6/2024," Rp12,000.00 "," Rp13,200.00 "
Beras Medium,8/7/2024," Rp12,000.00 "," Rp13,200.00 "
Beras Medium,8/8/2024," Rp12,000.00 "," Rp13,200.00 "
Beras Medium,8/9/2024," Rp12,000.00 "," Rp13,200.00 "
Beras Medium,8/10/2024,,
Beras Medium,8/11/2024,,
Beras Medium,8/12/2024," Rp12,300.00 "," Rp13,300.00 "
Beras Medium,8/13/2024," Rp12,300.00 "," Rp13,300.00 "
Beras Medium,8/14/2024," Rp12,300.00 "," Rp13,300.00 "
Beras Medium,8/15/2024," Rp12,300.00 "," Rp13,300.00 "
Beras Medium,8/16/2024," Rp12,300.00 "," Rp13,300.00 "
Beras Medium,8/17/2024,,
Beras Medium,8/18/2024,,
Beras Medium,8/19/2024," Rp12,300.00 "," Rp13,300.00 "
Beras Medium,8/20/2024," Rp12,300.00 "," Rp13,300.00 "
Beras Medium,8/21/2024," Rp12,300.00 "," Rp13,300.00 "
Beras Medium,8/22/2024," Rp12,300.00 "," Rp13,300.00 "
Beras Medium,8/23/2024," Rp12,300.00 "," Rp13,300.00 "
Beras Medium,8/24/2024,,
Beras Medium,8/25/2024,,
Beras Medium,8/26/2024," Rp13,000.00 "," Rp13,500.00 "
Beras Medium,8/27/2024," Rp13,000.00 "," Rp13,500.00 "
Beras Medium,8/28/2024," Rp13,000.00 "," Rp13,500.00 "
Beras Medium,8/29/2024,,
Beras Medium,8/30/2024,,
Beras Medium,8/31/2024,,
Beras Medium,9/1/2024,,
Beras Medium,9/2/2024," Rp13,000.00 "," Rp13,500.00 "
Beras Medium,9/3/2024," Rp13,000.00 "," Rp13,500.00 "
Beras Medium,9/4/2024," Rp13,000.00 "," Rp13,500.00 "
Beras Medium,9/5/2024," Rp13,000.00 "," Rp13,500.00 "
Beras Medium,9/6/2024," Rp13,000.00 "," Rp13,500.00 "
Beras Medium,9/7/2024,,
Beras Medium,9/8/2024,,
Beras Medium,9/9/2024," Rp13,000.00 "," Rp13,500.00 "
Beras Medium,9/10/2024," Rp13,000.00 "," Rp13,500.00 "
Beras Medium,9/11/2024," Rp13,000.00 "," Rp13,500.00 "
Beras Medium,9/12/2024," Rp13,000.00 "," Rp13,500.00 "
Beras Medium,9/13/2024," Rp13,000.00 "," Rp13,500.00 "
Beras Medium,9/14/2024,,
Beras Medium,9/15/2024,,
Beras Medium,9/16/2024,,
Beras Medium,9/17/2024," Rp13,000.00 "," Rp13,500.00 "
Beras Medium,9/18/2024," Rp13,000.00 "," Rp13,500.00 "
Beras Medium,9/19/2024," Rp13,000.00 "," Rp13,500.00 "
Beras Medium,9/20/2024," Rp13,000.00 "," Rp13,500.00 "
Beras Medium,9/21/2024,,
Beras Medium,9/22/2024,,
Beras Medium,9/23/2024," Rp13,000.00 "," Rp13,500.00 "
Beras Medium,9/24/2024," Rp13,000.00 "," Rp13,500.00 "
Beras Medium,9/25/2024," Rp13,000.00 "," Rp13,500.00 "
Beras Medium,9/26/2024," Rp13,000.00 "," Rp13,500.00 "
Beras Medium,9/27/2024," Rp13,000.00 "," Rp13,500.00 "
Beras Medium,9/28/2024,,
Beras Medium,9/29/2024,,
Beras Medium,9/30/2024," Rp13,000.00 "," Rp13,500.00 "
Beras Medium,10/1/2024," Rp13,000.00 "," Rp13,500.00 "
Beras Medium,10/2/2024," Rp12,700.00 "," Rp13,800.00 "
Beras Medium,10/3/2024," Rp12,700.00 "," Rp13,800.00 "
Beras Medium,10/4/2024," Rp12,700.00 "," Rp13,800.00 "
Beras Medium,10/5/2024,,
Beras Medium,10/6/2024,,
Beras Medium,10/7/2024," Rp12,700.00 "," Rp13,800.00 "
Beras Medium,10/8/2024," Rp12,700.00 "," Rp13,800.00 "
Beras Medium,10/9/2024," Rp12,700.00 "," Rp13,800.00 "
Beras Medium,10/10/2024," Rp12,700.00 "," Rp13,800.00 "
Beras Medium,10/11/2024," Rp12,700.00 "," Rp13,800.00 "
Beras Medium,10/12/2024,,
Beras Medium,10/13/2024,,
Beras Medium,10/14/2024," Rp12,500.00 "," Rp13,500.00 "
Beras Medium,10/15/2024," Rp12,500.00 "," Rp13,500.00 "
Beras Medium,10/16/2024," Rp12,500.00 "," Rp13,500.00 "
Beras Medium,10/17/2024," Rp12,500.00 "," Rp13,500.00 "
Beras Medium,10/18/2024," Rp12,500.00 "," Rp13,500.00 "
Beras Medium,10/19/2024,,
Beras Medium,10/20/2024,,
Beras Medium,10/21/2024," Rp12,500.00 "," Rp13,500.00 "
Beras Medium,10/22/2024," Rp12,500.00 "," Rp13,500.00 "
Beras Medium,10/23/2024," Rp12,500.00 "," Rp13,500.00 "
Beras Medium,10/24/2024," Rp12,500.00 "," Rp13,500.00 "
Beras Medium,10/25/2024," Rp12,500.00 "," Rp13,500.00 "
Beras Medium,10/26/2024,,
Beras Medium,10/27/2024,,
Beras Medium,10/28/2024," Rp12,500.00 "," Rp13,500.00 "
Beras Medium,10/29/2024," Rp12,500.00 "," Rp13,500.00 "
Beras Medium,10/30/2024," Rp12,500.00 "," Rp13,500.00 "
Beras Medium,10/31/2024," Rp12,500.00 "," Rp13,500.00 "
Beras Medium,11/1/2024,,
Beras Medium,11/2/2024,,
Beras Medium,11/3/2024,,
Beras Medium,11/4/2024,,
Beras Medium,11/5/2024,,
Beras Medium,11/6/2024,,
Beras Medium,11/7/2024,,
Beras Medium,11/8/2024,,
Beras Medium,11/9/2024,,
Beras Medium,11/10/2024,,
Beras Medium,11/11/2024,,
Beras Medium,11/12/2024,,
Beras Medium,11/13/2024,,
Beras Medium,11/14/2024,,
Beras Medium,11/15/2024,,
Beras Medium,11/16/2024,,
Beras Medium,11/17/2024,,
Beras Medium,11/18/2024,,
Beras Medium,11/19/2024,,
Beras Medium,11/20/2024,,
Beras Medium,11/21/2024,,
Beras Medium,11/22/2024,,
Beras Medium,11/23/2024,,
Beras Medium,11/24/2024,,
Beras Medium,11/25/2024,,
Beras Medium,11/26/2024,,
Beras Medium,11/27/2024,,
Beras Medium,11/28/2024,,
Beras Medium,11/29/2024,,
Beras Medium,11/30/2024,,
Beras Premium,1/1/2022,,
Beras Premium,1/2/2022,,
Beras Premium,1/3/2022," Rp9,500.00 "," Rp10,000.00 "
Beras Premium,1/4/2022," Rp9,500.00 "," Rp10,000.00 "
Beras Premium,1/5/2022," Rp9,500.00 "," Rp10,000.00 "
Beras Premium,1/6/2022," Rp9,500.00 "," Rp10,000.00 "
Beras Premium,1/7/2022," Rp9,500.00 "," Rp10,000.00 "
Beras Premium,1/8/2022,,
Beras Premium,1/9/2022,,
Beras Premium,1/10/2022," Rp9,500.00 "," Rp10,000.00 "
Beras Premium,1/11/2022," Rp9,500.00 "," Rp10,000.00 "
Beras Premium,1/12/2022," Rp9,500.00 "," Rp10,000.00 "
Beras Premium,1/13/2022," Rp9,500.00 "," Rp10,000.00 "
Beras Premium,1/14/2022," Rp9,500.00 "," Rp10,000.00 "
Beras Premium,1/15/2022,,
Beras Premium,1/16/2022,,
Beras Premium,1/17/2022," Rp9,500.00 "," Rp10,000.00 "
Beras Premium,1/18/2022," Rp9,500.00 "," Rp10,000.00 "
Beras Premium,1/19/2022," Rp9,500.00 "," Rp10,000.00 "
Beras Premium,1/20/2022," Rp9,500.00 "," Rp10,000.00 "
Beras Premium,1/21/2022," Rp9,500.00 "," Rp10,000.00 "
Beras Premium,1/22/2022,,
Beras Premium,1/23/2022,,
Beras Premium,1/24/2022," Rp9,500.00 "," Rp10,000.00 "
Beras Premium,1/25/2022," Rp9,500.00 "," Rp10,000.00 "
Beras Premium,1/26/2022," Rp9,500.00 "," Rp10,000.00 "
Beras Premium,1/27/2022," Rp9,500.00 "," Rp10,000.00 "
Beras Premium,1/28/2022," Rp9,500.00 "," Rp10,000.00 "
Beras Premium,1/29/2022," Rp9,500.00 "," Rp10,000.00 "
Beras Premium,1/30/2022," Rp9,500.00 "," Rp10,000.00 "
Beras Premium,1/31/2022," Rp9,500.00 "," Rp10,000.00 "
Beras Premium,2/1/2022,,
Beras Premium,2/2/2022," Rp9,500.00 "," Rp10,000.00 "
Beras Premium,2/3/2022," Rp9,500.00 "," Rp10,000.00 "
Beras Premium,2/4/2022," Rp9,500.00 "," Rp10,000.00 "
Beras Premium,2/5/2022,,
Beras Premium,2/6/2022,,
Beras Premium,2/7/2022," Rp9,500.00 "," Rp10,000.00 "
Beras Premium,2/8/2022," Rp9,500.00 "," Rp10,000.00 "
Beras Premium,2/9/2022," Rp9,500.00 "," Rp10,000.00 "
Beras Premium,2/10/2022," Rp9,500.00 "," Rp10,000.00 "
Beras Premium,2/11/2022," Rp9,500.00 "," Rp10,000.00 "
Beras Premium,2/12/2022,,
Beras Premium,2/13/2022,,
Beras Premium,2/14/2022," Rp9,500.00 "," Rp10,000.00 "
Beras Premium,2/15/2022," Rp9,500.00 "," Rp10,000.00 "
Beras Premium,2/16/2022," Rp9,500.00 "," Rp10,000.00 "
Beras Premium,2/17/2022," Rp9,500.00 "," Rp10,000.00 "
Beras Premium,2/18/2022," Rp9,500.00 "," Rp10,000.00 "
Beras Premium,2/19/2022,,
Beras Premium,2/20/2022,,
Beras Premium,2/21/2022," Rp9,500.00 "," Rp10,000.00 "
Beras Premium,2/22/2022," Rp9,500.00 "," Rp10,000.00 "
Beras Premium,2/23/2022," Rp9,500.00 "," Rp10,000.00 "
Beras Premium,2/24/2022," Rp9,500.00 "," Rp10,000.00 "
Beras Premium,2/25/2022," Rp9,500.00 "," Rp10,000.00 "
Beras Premium,2/26/2022,,
Beras Premium,2/27/2022,,
Beras Premium,2/28/2022,,
Beras Premium,3/1/2022,,
Beras Premium,3/2/2022," Rp9,500.00 "," Rp10,000.00 "
Beras Premium,3/3/2022,,
Beras Premium,3/4/2022," Rp9,500.00 "," Rp10,000.00 "
Beras Premium,3/5/2022,,
Beras Premium,3/6/2022,,
Beras Premium,3/7/2022,,
Beras Premium,3/8/2022," Rp9,500.00 "," Rp10,000.00 "
Beras Premium,3/9/2022," Rp9,500.00 "," Rp10,000.00 "
Beras Premium,3/10/2022," Rp9,500.00 "," Rp10,000.00 "
Beras Premium,3/11/2022,,
Beras Premium,3/12/2022,,
Beras Premium,3/13/2022,,
Beras Premium,3/14/2022," Rp9,500.00 "," Rp10,000.00 "
Beras Premium,3/15/2022," Rp9,500.00 "," Rp10,000.00 "
Beras Premium,3/16/2022," Rp9,500.00 "," Rp10,000.00 "
Beras Premium,3/17/2022," Rp9,500.00 "," Rp10,000.00 "
Beras Premium,3/18/2022," Rp9,500.00 "," Rp10,000.00 "
Beras Premium,3/19/2022,,
Beras Premium,3/20/2022,,
Beras Premium,3/21/2022," Rp9,500.00 "," Rp10,000.00 "
Beras Premium,3/22/2022," Rp9,500.00 "," Rp10,000.00 "
Beras Premium,3/23/2022," Rp9,500.00 "," Rp10,000.00 "
Beras Premium,3/24/2022," Rp9,500.00 "," Rp10,000.00 "
Beras Premium,3/25/2022," Rp9,500.00 "," Rp10,000.00 "
Beras Premium,3/26/2022,,
Beras Premium,3/27/2022,,
Beras Premium,3/28/2022," Rp9,500.00 "," Rp10,000.00 "
Beras Premium,3/29/2022," Rp9,500.00 "," Rp10,000.00 "
Beras Premium,3/30/2022," Rp9,500.00 "," Rp10,000.00 "
Beras Premium,3/31/2022," Rp9,500.00 "," Rp10,000.00 "
Beras Premium,4/1/2022,,
Beras Premium,4/2/2022,,
Beras Premium,4/3/2022,,
Beras Premium,4/4/2022," Rp9,500.00 "," Rp10,000.00 "
Beras Premium,4/5/2022," Rp9,500.00 "," Rp10,000.00 "
Beras Premium,4/6/2022," Rp9,500.00 "," Rp10,000.00 "
Beras Premium,4/7/2022," Rp9,500.00 "," Rp10,000.00 "
Beras Premium,4/8/2022," Rp9,500.00 "," Rp10,000.00 "
Beras Premium,4/9/2022,,
Beras Premium,4/10/2022,,
Beras Premium,4/11/2022," Rp9,500.00 "," Rp10,000.00 "
Beras Premium,4/12/2022," Rp9,500.00 "," Rp10,000.00 "
Beras Premium,4/13/2022," Rp9,500.00 "," Rp10,000.00 "
Beras Premium,4/14/2022," Rp9,500.00 "," Rp10,000.00 "
Beras Premium,4/15/2022,,
Beras Premium,4/16/2022,,
Beras Premium,4/17/2022,,
Beras Premium,4/18/2022," Rp9,500.00 "," Rp10,000.00 "
Beras Premium,4/19/2022," Rp9,500.00 "," Rp10,000.00 "
Beras Premium,4/20/2022," Rp9,500.00 "," Rp10,000.00 "
Beras Premium,4/21/2022," Rp9,500.00 "," Rp10,000.00 "
Beras Premium,4/22/2022," Rp9,500.00 "," Rp10,000.00 "
Beras Premium,4/23/2022,,
Beras Premium,4/24/2022,,
Beras Premium,4/25/2022," Rp9,500.00 "," Rp10,000.00 "
Beras Premium,4/26/2022," Rp9,500.00 "," Rp10,000.00 "
Beras Premium,4/27/2022," Rp9,500.00 "," Rp10,000.00 "
Beras Premium,4/28/2022," Rp9,500.00 "," Rp10,000.00 "
Beras Premium,4/29/2022," Rp9,500.00 "," Rp10,000.00 "
Beras Premium,4/30/2022,,
Beras Premium,5/1/2022,,
Beras Premium,5/2/2022,,
Beras Premium,5/3/2022,,
Beras Premium,5/4/2022," Rp9,500.00 "," Rp9,800.00 "
Beras Premium,5/5/2022," Rp9,500.00 "," Rp10,000.00 "
Beras Premium,5/6/2022," Rp9,500.00 "," Rp10,000.00 "
Beras Premium,5/7/2022,,
Beras Premium,5/8/2022,,
Beras Premium,5/9/2022," Rp9,500.00 "," Rp10,000.00 "
Beras Premium,5/10/2022," Rp9,500.00 "," Rp10,000.00 "
Beras Premium,5/11/2022," Rp9,500.00 "," Rp10,000.00 "
Beras Premium,5/12/2022," Rp9,500.00 "," Rp10,000.00 "
Beras Premium,5/13/2022," Rp9,500.00 "," Rp10,000.00 "
Beras Premium,5/14/2022,,
Beras Premium,5/15/2022,,
Beras Premium,5/16/2022,,
Beras Premium,5/17/2022," Rp9,500.00 "," Rp10,000.00 "
Beras Premium,5/18/2022," Rp9,500.00 "," Rp10,000.00 "
Beras Premium,5/19/2022," Rp9,500.00 "," Rp10,000.00 "
Beras Premium,5/20/2022," Rp9,500.00 "," Rp10,000.00 "
Beras Premium,5/21/2022,,
Beras Premium,5/22/2022,,
Beras Premium,5/23/2022," Rp9,500.00 "," Rp10,000.00 "
Beras Premium,5/24/2022," Rp9,500.00 "," Rp10,000.00 "
Beras Premium,5/25/2022," Rp9,500.00 "," Rp10,000.00 "
Beras Premium,5/26/2022,,
Beras Premium,5/27/2022," Rp9,500.00 "," Rp10,000.00 "
Beras Premium,5/28/2022,,
Beras Premium,5/29/2022,,
Beras Premium,5/30/2022," Rp9,500.00 "," Rp10,000.00 "
Beras Premium,5/31/2022," Rp9,500.00 "," Rp10,000.00 "
Beras Premium,6/1/2022,,
Beras Premium,6/2/2022," Rp9,500.00 "," Rp9,800.00 "
Beras Premium,6/3/2022," Rp9,500.00 "," Rp9,800.00 "
Beras Premium,6/4/2022,,
Beras Premium,6/5/2022,,
Beras Premium,6/6/2022," Rp9,500.00 "," Rp10,000.00 "
Beras Premium,6/7/2022," Rp9,500.00 "," Rp10,000.00 "
Beras Premium,6/8/2022," Rp9,500.00 "," Rp10,000.00 "
Beras Premium,6/9/2022," Rp9,500.00 "," Rp10,000.00 "
Beras Premium,6/10/2022," Rp9,500.00 "," Rp10,000.00 "
Beras Premium,6/11/2022,,
Beras Premium,6/12/2022,,
Beras Premium,6/13/2022," Rp9,500.00 "," Rp10,000.00 "
Beras Premium,6/14/2022," Rp9,500.00 "," Rp10,000.00 "
Beras Premium,6/15/2022," Rp9,500.00 "," Rp10,000.00 "
Beras Premium,6/16/2022," Rp9,500.00 "," Rp10,000.00 "
Beras Premium,6/17/2022," Rp9,500.00 "," Rp10,000.00 "
Beras Premium,6/18/2022,,
Beras Premium,6/19/2022,,
Beras Premium,6/20/2022," Rp9,500.00 "," Rp10,000.00 "
Beras Premium,6/21/2022," Rp9,500.00 "," Rp10,000.00 "
Beras Premium,6/22/2022," Rp9,500.00 "," Rp10,000.00 "
Beras Premium,6/23/2022," Rp9,500.00 "," Rp10,000.00 "
Beras Premium,6/24/2022," Rp9,500.00 "," Rp10,000.00 "
Beras Premium,6/25/2022,,
Beras Premium,6/26/2022,,
Beras Premium,6/27/2022," Rp9,500.00 "," Rp10,000.00 "
Beras Premium,6/28/2022," Rp9,500.00 "," Rp10,000.00 "
Beras Premium,6/29/2022," Rp9,500.00 "," Rp10,000.00 "
Beras Premium,6/30/2022," Rp9,500.00 "," Rp10,000.00 "
Beras Premium,7/1/2022,,
Beras Premium,7/2/2022,,
Beras Premium,7/3/2022,,
Beras Premium,7/4/2022," Rp9,500.00 "," Rp10,000.00 "
Beras Premium,7/5/2022," Rp9,500.00 "," Rp10,000.00 "
Beras Premium,7/6/2022," Rp9,500.00 "," Rp10,000.00 "
Beras Premium,7/7/2022," Rp9,500.00 "," Rp10,000.00 "
Beras Premium,7/8/2022," Rp9,500.00 "," Rp10,000.00 "
Beras Premium,7/9/2022,,
Beras Premium,7/10/2022,,
Beras Premium,7/11/2022," Rp9,500.00 "," Rp10,000.00 "
Beras Premium,7/12/2022," Rp9,500.00 "," Rp10,000.00 "
Beras Premium,7/13/2022," Rp9,500.00 "," Rp10,000.00 "
Beras Premium,7/14/2022," Rp9,500.00 "," Rp10,000.00 "
Beras Premium,7/15/2022," Rp9,500.00 "," Rp10,000.00 "
Beras Premium,7/16/2022,,
Beras Premium,7/17/2022,,
Beras Premium,7/18/2022," Rp9,500.00 "," Rp10,000.00 "
Beras Premium,7/19/2022," Rp9,500.00 "," Rp10,000.00 "
Beras Premium,7/20/2022," Rp9,500.00 "," Rp10,000.00 "
Beras Premium,7/21/2022," Rp9,500.00 "," Rp10,000.00 "
Beras Premium,7/22/2022," Rp9,500.00 "," Rp10,000.00 "
Beras Premium,7/23/2022,,
Beras Premium,7/24/2022,,
Beras Premium,7/25/2022," Rp9,500.00 "," Rp10,000.00 "
Beras Premium,7/26/2022," Rp9,500.00 "," Rp10,000.00 "
Beras Premium,7/27/2022," Rp9,500.00 "," Rp10,000.00 "
Beras Premium,7/28/2022," Rp9,500.00 "," Rp10,000.00 "
Beras Premium,7/29/2022," Rp9,500.00 "," Rp10,000.00 "
Beras Premium,7/30/2022,,
Beras Premium,7/31/2022,,
Beras Premium,8/1/2022," Rp9,500.00 "," Rp10,000.00 "
Beras Premium,8/2/2022," Rp9,500.00 "," Rp10,000.00 "
Beras Premium,8/3/2022," Rp9,500.00 "," Rp10,000.00 "
Beras Premium,8/4/2022," Rp9,500.00 "," Rp10,000.00 "
Beras Premium,8/5/2022," Rp9,500.00 "," Rp10,000.00 "
Beras Premium,8/6/2022,,
Beras Premium,8/7/2022,,
Beras Premium,8/8/2022," Rp9,500.00 "," Rp10,000.00 "
Beras Premium,8/9/2022," Rp9,500.00 "," Rp10,000.00 "
Beras Premium,8/10/2022," Rp9,500.00 "," Rp10,000.00 "
Beras Premium,8/11/2022," Rp9,500.00 "," Rp10,000.00 "
Beras Premium,8/12/2022," Rp9,500.00 "," Rp10,000.00 "
Beras Premium,8/13/2022,,
Beras Premium,8/14/2022,,
Beras Premium,8/15/2022," Rp9,500.00 "," Rp10,000.00 "
Beras Premium,8/16/2022," Rp9,500.00 "," Rp10,000.00 "
Beras Premium,8/17/2022,,
Beras Premium,8/18/2022," Rp9,500.00 "," Rp10,000.00 "
Beras Premium,8/19/2022," Rp9,500.00 "," Rp10,000.00 "
Beras Premium,8/20/2022,,
Beras Premium,8/21/2022,,
Beras Premium,8/22/2022," Rp9,500.00 "," Rp10,000.00 "
Beras Premium,8/23/2022," Rp9,500.00 "," Rp10,000.00 "
Beras Premium,8/24/2022," Rp9,500.00 "," Rp10,000.00 "
Beras Premium,8/25/2022," Rp9,500.00 "," Rp10,000.00 "
Beras Premium,8/26/2022," Rp9,500.00 "," Rp10,000.00 "
Beras Premium,8/27/2022,,
Beras Premium,8/28/2022,,
Beras Premium,8/29/2022," Rp9,500.00 "," Rp10,000.00 "
Beras Premium,8/30/2022," Rp9,500.00 "," Rp10,000.00 "
Beras Premium,8/31/2022," Rp9,500.00 "," Rp10,000.00 "
Beras Premium,9/1/2022," Rp9,500.00 "," Rp10,000.00 "
Beras Premium,9/2/2022," Rp9,500.00 "," Rp10,000.00 "
Beras Premium,9/3/2022,,
Beras Premium,9/4/2022,,
Beras Premium,9/5/2022," Rp9,500.00 "," Rp10,000.00 "
Beras Premium,9/6/2022," Rp9,500.00 "," Rp10,000.00 "
Beras Premium,9/7/2022," Rp9,500.00 "," Rp10,000.00 "
Beras Premium,9/8/2022," Rp9,500.00 "," Rp10,000.00 "
Beras Premium,9/9/2022," Rp9,500.00 "," Rp10,000.00 "
Beras Premium,9/10/2022,,
Beras Premium,9/11/2022,,
Beras Premium,9/12/2022," Rp9,500.00 "," Rp10,000.00 "
Beras Premium,9/13/2022," Rp9,500.00 "," Rp10,000.00 "
Beras Premium,9/14/2022," Rp9,500.00 "," Rp10,000.00 "
Beras Premium,9/15/2022," Rp9,500.00 "," Rp10,000.00 "
Beras Premium,9/16/2022," Rp9,500.00 "," Rp10,000.00 "
Beras Premium,9/17/2022,,
Beras Premium,9/18/2022,,
Beras Premium,9/19/2022," Rp9,500.00 "," Rp10,000.00 "
Beras Premium,9/20/2022," Rp9,500.00 "," Rp10,000.00 "
Beras Premium,9/21/2022," Rp9,500.00 "," Rp10,000.00 "
Beras Premium,9/22/2022," Rp9,500.00 "," Rp10,000.00 "
Beras Premium,9/23/2022," Rp9,500.00 "," Rp10,000.00 "
Beras Premium,9/24/2022,,
Beras Premium,9/25/2022,,
Beras Premium,9/26/2022," Rp9,500.00 "," Rp10,000.00 "
Beras Premium,9/27/2022," Rp9,500.00 "," Rp10,000.00 "
Beras Premium,9/28/2022," Rp9,500.00 "," Rp10,000.00 "
Beras Premium,9/29/2022," Rp9,500.00 "," Rp10,000.00 "
Beras Premium,9/30/2022," Rp9,500.00 "," Rp10,000.00 "
Beras Premium,10/1/2022,,
Beras Premium,10/2/2022,,
Beras Premium,10/3/2022," Rp9,500.00 "," Rp10,000.00 "
Beras Premium,10/4/2022," Rp9,600.00 "," Rp10,000.00 "
Beras Premium,10/5/2022," Rp9,600.00 "," Rp10,000.00 "
Beras Premium,10/6/2022," Rp9,600.00 "," Rp10,000.00 "
Beras Premium,10/7/2022," Rp9,600.00 "," Rp10,000.00 "
Beras Premium,10/8/2022,,
Beras Premium,10/9/2022,,
Beras Premium,10/10/2022," Rp9,600.00 "," Rp10,000.00 "
Beras Premium,10/11/2022," Rp9,600.00 "," Rp10,000.00 "
Beras Premium,10/12/2022," Rp9,600.00 "," Rp10,000.00 "
Beras Premium,10/13/2022," Rp9,600.00 "," Rp10,000.00 "
Beras Premium,10/14/2022," Rp9,600.00 "," Rp10,000.00 "
Beras Premium,10/15/2022,,
Beras Premium,10/16/2022,,
Beras Premium,10/17/2022," Rp9,600.00 "," Rp10,000.00 "
Beras Premium,10/18/2022," Rp9,600.00 "," Rp10,000.00 "
Beras Premium,10/19/2022," Rp9,600.00 "," Rp10,000.00 "
Beras Premium,10/20/2022," Rp9,600.00 "," Rp10,000.00 "
Beras Premium,10/21/2022," Rp9,600.00 "," Rp10,000.00 "
Beras Premium,10/22/2022,,
Beras Premium,10/23/2022,,
Beras Premium,10/24/2022," Rp9,600.00 "," Rp10,000.00 "
Beras Premium,10/25/2022," Rp9,600.00 "," Rp10,000.00 "
Beras Premium,10/26/2022," Rp9,600.00 "," Rp10,000.00 "
Beras Premium,10/27/2022," Rp9,600.00 "," Rp10,000.00 "
Beras Premium,10/28/2022," Rp9,600.00 "," Rp10,000.00 "
Beras Premium,10/29/2022,,
Beras Premium,10/30/2022,,
Beras Premium,10/31/2022," Rp9,600.00 "," Rp10,000.00 "
Beras Premium,11/1/2022,,
Beras Premium,11/2/2022,,
Beras Premium,11/3/2022,,
Beras Premium,11/4/2022,,
Beras Premium,11/5/2022,,
Beras Premium,11/6/2022,,
Beras Premium,11/7/2022,,
Beras Premium,11/8/2022,,
Beras Premium,11/9/2022,,
Beras Premium,11/10/2022,,
Beras Premium,11/11/2022,,
Beras Premium,11/12/2022,,
Beras Premium,11/13/2022,,
Beras Premium,11/14/2022,,
Beras Premium,11/15/2022,,
Beras Premium,11/16/2022,,
Beras Premium,11/17/2022,,
Beras Premium,11/18/2022,,
Beras Premium,11/19/2022,,
Beras Premium,11/20/2022,,
Beras Premium,11/21/2022,,
Beras Premium,11/22/2022,,
Beras Premium,11/23/2022,,
Beras Premium,11/24/2022,,
Beras Premium,11/25/2022,,
Beras Premium,11/26/2022,,
Beras Premium,11/27/2022,,
Beras Premium,11/28/2022,,
Beras Premium,11/29/2022,,
Beras Premium,11/30/2022,,
Beras Premium,12/1/2022," Rp9,600.00 "," Rp10,000.00 "
Beras Premium,12/2/2022," Rp9,600.00 "," Rp10,000.00 "
Beras Premium,12/3/2022,,
Beras Premium,12/4/2022,,
Beras Premium,12/5/2022," Rp9,600.00 "," Rp10,000.00 "
Beras Premium,12/6/2022," Rp9,600.00 "," Rp10,000.00 "
Beras Premium,12/7/2022," Rp9,600.00 "," Rp10,000.00 "
Beras Premium,12/8/2022," Rp9,600.00 "," Rp10,000.00 "
Beras Premium,12/9/2022," Rp9,600.00 "," Rp10,000.00 "
Beras Premium,12/10/2022,,
Beras Premium,12/11/2022,,
Beras Premium,12/12/2022," Rp9,600.00 "," Rp10,000.00 "
Beras Premium,12/13/2022," Rp9,600.00 "," Rp10,000.00 "
Beras Premium,12/14/2022," Rp9,600.00 "," Rp10,000.00 "
Beras Premium,12/15/2022," Rp9,600.00 "," Rp10,000.00 "
Beras Premium,12/16/2022," Rp9,600.00 "," Rp10,000.00 "
Beras Premium,12/17/2022,,
Beras Premium,12/18/2022,,
Beras Premium,12/19/2022," Rp9,600.00 "," Rp10,000.00 "
Beras Premium,12/20/2022," Rp9,600.00 "," Rp10,000.00 "
Beras Premium,12/21/2022," Rp9,600.00 "," Rp10,000.00 "
Beras Premium,12/22/2022," Rp9,600.00 "," Rp10,000.00 "
Beras Premium,12/23/2022," Rp9,600.00 "," Rp10,000.00 "
Beras Premium,12/24/2022,,
Beras Premium,12/25/2022,,
Beras Premium,12/26/2022," Rp9,600.00 "," Rp10,000.00 "
Beras Premium,12/27/2022," Rp9,600.00 "," Rp10,000.00 "
Beras Premium,12/28/2022," Rp9,600.00 "," Rp10,000.00 "
Beras Premium,12/29/2022," Rp9,600.00 "," Rp10,000.00 "
Beras Premium,12/30/2022," Rp9,600.00 "," Rp10,000.00 "
Beras Premium,12/31/2022,,
Beras Premium,1/1/2023,,
Beras Premium,1/2/2023," Rp9,600.00 "," Rp10,000.00 "
Beras Premium,1/3/2023," Rp9,600.00 "," Rp10,000.00 "
Beras Premium,1/4/2023," Rp9,600.00 "," Rp10,000.00 "
Beras Premium,1/5/2023," Rp9,600.00 "," Rp10,000.00 "
Beras Premium,1/6/2023," Rp9,600.00 "," Rp10,000.00 "
Beras Premium,1/7/2023,,
Beras Premium,1/8/2023,,
Beras Premium,1/9/2023," Rp10,000.00 "," Rp11,100.00 "
Beras Premium,1/10/2023," Rp10,000.00 "," Rp11,100.00 "
Beras Premium,1/11/2023," Rp10,000.00 "," Rp11,100.00 "
Beras Premium,1/12/2023," Rp10,000.00 "," Rp11,100.00 "
Beras Premium,1/13/2023," Rp10,000.00 "," Rp11,100.00 "
Beras Premium,1/14/2023,,
Beras Premium,1/15/2023,,
Beras Premium,1/16/2023," Rp10,000.00 "," Rp11,100.00 "
Beras Premium,1/17/2023," Rp10,000.00 "," Rp11,100.00 "
Beras Premium,1/18/2023," Rp10,000.00 "," Rp11,100.00 "
Beras Premium,1/19/2023," Rp10,000.00 "," Rp11,100.00 "
Beras Premium,1/20/2023," Rp10,000.00 "," Rp11,100.00 "
Beras Premium,1/21/2023,,
Beras Premium,1/22/2023,,
Beras Premium,1/23/2023," Rp10,000.00 "," Rp11,100.00 "
Beras Premium,1/24/2023," Rp10,000.00 "," Rp11,100.00 "
Beras Premium,1/25/2023," Rp10,000.00 "," Rp11,100.00 "
Beras Premium,1/26/2023," Rp10,000.00 "," Rp11,100.00 "
Beras Premium,1/27/2023," Rp10,000.00 "," Rp11,100.00 "
Beras Premium,1/28/2023,,
Beras Premium,1/29/2023,,
Beras Premium,1/30/2023," Rp10,000.00 "," Rp11,100.00 "
Beras Premium,1/31/2023," Rp10,000.00 "," Rp11,100.00 "
Beras Premium,2/1/2023," Rp10,000.00 "," Rp11,100.00 "
Beras Premium,2/2/2023," Rp10,000.00 "," Rp11,100.00 "
Beras Premium,2/3/2023," Rp10,000.00 "," Rp11,100.00 "
Beras Premium,2/4/2023,,
Beras Premium,2/5/2023,,
Beras Premium,2/6/2023," Rp10,000.00 "," Rp11,500.00 "
Beras Premium,2/7/2023," Rp10,000.00 "," Rp11,500.00 "
Beras Premium,2/8/2023," Rp10,000.00 "," Rp11,500.00 "
Beras Premium,2/9/2023," Rp10,000.00 "," Rp11,500.00 "
Beras Premium,2/10/2023," Rp10,000.00 "," Rp11,500.00 "
Beras Premium,2/11/2023,,
Beras Premium,2/12/2023,,
Beras Premium,2/13/2023," Rp10,000.00 "," Rp11,500.00 "
Beras Premium,2/14/2023," Rp10,000.00 "," Rp11,500.00 "
Beras Premium,2/15/2023," Rp10,000.00 "," Rp11,500.00 "
Beras Premium,2/16/2023," Rp10,000.00 "," Rp11,500.00 "
Beras Premium,2/17/2023," Rp10,000.00 "," Rp11,500.00 "
Beras Premium,2/18/2023,,
Beras Premium,2/19/2023,,
Beras Premium,2/20/2023," Rp10,500.00 "," Rp11,900.00 "
Beras Premium,2/21/2023," Rp10,500.00 "," Rp11,900.00 "
Beras Premium,2/22/2023," Rp10,500.00 "," Rp11,900.00 "
Beras Premium,2/23/2023," Rp10,500.00 "," Rp11,900.00 "
Beras Premium,2/24/2023," Rp10,500.00 "," Rp11,900.00 "
Beras Premium,2/25/2023,,
Beras Premium,2/26/2023,,
Beras Premium,2/27/2023," Rp10,500.00 "," Rp11,900.00 "
Beras Premium,2/28/2023," Rp10,500.00 "," Rp11,900.00 "
Beras Premium,3/1/2023," Rp10,000.00 "," Rp11,100.00 "
Beras Premium,3/2/2023," Rp10,000.00 "," Rp11,100.00 "
Beras Premium,3/3/2023," Rp10,000.00 "," Rp11,100.00 "
Beras Premium,3/4/2023,,
Beras Premium,3/5/2023,,
Beras Premium,3/6/2023," Rp10,000.00 "," Rp11,100.00 "
Beras Premium,3/7/2023," Rp10,000.00 "," Rp11,100.00 "
Beras Premium,3/8/2023," Rp10,000.00 "," Rp11,100.00 "
Beras Premium,3/9/2023," Rp10,000.00 "," Rp11,100.00 "
Beras Premium,3/10/2023," Rp10,000.00 "," Rp11,100.00 "
Beras Premium,3/11/2023,,
Beras Premium,3/12/2023,,
Beras Premium,3/13/2023," Rp10,000.00 "," Rp11,100.00 "
Beras Premium,3/14/2023," Rp10,000.00 "," Rp11,100.00 "
Beras Premium,3/15/2023," Rp10,000.00 "," Rp11,100.00 "
Beras Premium,3/16/2023," Rp10,000.00 "," Rp11,100.00 "
Beras Premium,3/17/2023," Rp10,000.00 "," Rp11,100.00 "
Beras Premium,3/18/2023,,
Beras Premium,3/19/2023,,
Beras Premium,3/20/2023," Rp10,000.00 "," Rp11,100.00 "
Beras Premium,3/21/2023," Rp10,000.00 "," Rp11,100.00 "
Beras Premium,3/22/2023,,
Beras Premium,3/23/2023,,
Beras Premium,3/24/2023," Rp10,000.00 "," Rp11,100.00 "
Beras Premium,3/25/2023,,
Beras Premium,3/26/2023,,
Beras Premium,3/27/2023," Rp10,000.00 "," Rp11,100.00 "
Beras Premium,3/28/2023," Rp10,000.00 "," Rp11,100.00 "
Beras Premium,3/29/2023," Rp10,000.00 "," Rp11,100.00 "
Beras Premium,3/30/2023," Rp10,000.00 "," Rp11,100.00 "
Beras Premium,3/31/2023," Rp10,000.00 "," Rp11,100.00 "
Beras Premium,4/1/2023,,
Beras Premium,4/2/2023,,
Beras Premium,4/3/2023," Rp10,000.00 "," Rp11,100.00 "
Beras Premium,4/4/2023," Rp10,000.00 "," Rp11,100.00 "
Beras Premium,4/5/2023," Rp10,000.00 "," Rp11,100.00 "
Beras Premium,4/6/2023," Rp10,000.00 "," Rp11,100.00 "
Beras Premium,4/7/2023,,
Beras Premium,4/8/2023,,
Beras Premium,4/9/2023,,
Beras Premium,4/10/2023," Rp10,000.00 "," Rp11,100.00 "
Beras Premium,4/11/2023," Rp10,000.00 "," Rp11,100.00 "
Beras Premium,4/12/2023," Rp10,000.00 "," Rp11,100.00 "
Beras Premium,4/13/2023," Rp10,000.00 "," Rp11,100.00 "
Beras Premium,4/14/2023," Rp10,000.00 "," Rp11,100.00 "
Beras Premium,4/15/2023,,
Beras Premium,4/16/2023,,
Beras Premium,4/17/2023," Rp10,000.00 "," Rp11,100.00 "
Beras Premium,4/18/2023," Rp10,000.00 "," Rp11,100.00 "
Beras Premium,4/19/2023," Rp10,000.00 "," Rp11,100.00 "
Beras Premium,4/20/2023," Rp10,000.00 "," Rp11,100.00 "
Beras Premium,4/21/2023," Rp10,000.00 "," Rp11,100.00 "
Beras Premium,4/22/2023,,
Beras Premium,4/23/2023,,
Beras Premium,4/24/2023," Rp10,000.00 "," Rp11,100.00 "
Beras Premium,4/25/2023," Rp10,000.00 "," Rp11,100.00 "
Beras Premium,4/26/2023," Rp10,000.00 "," Rp11,100.00 "
Beras Premium,4/27/2023," Rp10,000.00 "," Rp11,100.00 "
Beras Premium,4/28/2023," Rp10,000.00 "," Rp11,100.00 "
Beras Premium,4/29/2023,,
Beras Premium,4/30/2023,,
Beras Premium,5/1/2023,,
Beras Premium,5/2/2023," Rp10,000.00 "," Rp11,100.00 "
Beras Premium,5/3/2023," Rp10,000.00 "," Rp11,100.00 "
Beras Premium,5/4/2023," Rp10,000.00 "," Rp11,100.00 "
Beras Premium,5/5/2023," Rp10,000.00 "," Rp11,100.00 "
Beras Premium,5/6/2023,,
Beras Premium,5/7/2023,,
Beras Premium,5/8/2023," Rp10,000.00 "," Rp11,100.00 "
Beras Premium,5/9/2023," Rp10,000.00 "," Rp11,100.00 "
Beras Premium,5/10/2023," Rp10,000.00 "," Rp11,100.00 "
Beras Premium,5/11/2023," Rp10,000.00 "," Rp11,100.00 "
Beras Premium,5/12/2023," Rp10,000.00 "," Rp11,100.00 "
Beras Premium,5/13/2023,,
Beras Premium,5/14/2023,,
Beras Premium,5/15/2023," Rp10,500.00 "," Rp11,500.00 "
Beras Premium,5/16/2023," Rp10,500.00 "," Rp11,500.00 "
Beras Premium,5/17/2023," Rp10,500.00 "," Rp11,500.00 "
Beras Premium,5/18/2023,,
Beras Premium,5/19/2023," Rp10,500.00 "," Rp11,500.00 "
Beras Premium,5/20/2023,,
Beras Premium,5/21/2023,,
Beras Premium,5/22/2023," Rp10,500.00 "," Rp11,500.00 "
Beras Premium,5/23/2023," Rp10,500.00 "," Rp11,500.00 "
Beras Premium,5/24/2023," Rp10,500.00 "," Rp11,500.00 "
Beras Premium,5/25/2023," Rp10,500.00 "," Rp11,500.00 "
Beras Premium,5/26/2023," Rp10,500.00 "," Rp11,500.00 "
Beras Premium,5/27/2023,,
Beras Premium,5/28/2023,,
Beras Premium,5/29/2023," Rp10,500.00 "," Rp11,500.00 "
Beras Premium,5/30/2023," Rp10,500.00 "," Rp11,500.00 "
Beras Premium,5/31/2023," Rp10,500.00 "," Rp11,500.00 "
Beras Premium,6/1/2023,,
Beras Premium,6/2/2023," Rp10,500.00 "," Rp11,500.00 "
Beras Premium,6/3/2023,,
Beras Premium,6/4/2023,,
Beras Premium,6/5/2023," Rp10,500.00 "," Rp11,500.00 "
Beras Premium,6/6/2023," Rp10,500.00 "," Rp11,500.00 "
Beras Premium,6/7/2023," Rp10,500.00 "," Rp11,500.00 "
Beras Premium,6/8/2023," Rp10,500.00 "," Rp11,500.00 "
Beras Premium,6/9/2023," Rp10,500.00 "," Rp11,500.00 "
Beras Premium,6/10/2023,,
Beras Premium,6/11/2023,,
Beras Premium,6/12/2023," Rp10,500.00 "," Rp11,500.00 "
Beras Premium,6/13/2023," Rp10,500.00 "," Rp11,500.00 "
Beras Premium,6/14/2023," Rp10,500.00 "," Rp11,500.00 "
Beras Premium,6/15/2023," Rp10,500.00 "," Rp11,500.00 "
Beras Premium,6/16/2023," Rp10,500.00 "," Rp11,500.00 "
Beras Premium,6/17/2023,,
Beras Premium,6/18/2023,,
Beras Premium,6/19/2023," Rp10,500.00 "," Rp11,500.00 "
Beras Premium,6/20/2023," Rp10,500.00 "," Rp11,500.00 "
Beras Premium,6/21/2023," Rp10,500.00 "," Rp11,500.00 "
Beras Premium,6/22/2023," Rp10,500.00 "," Rp11,500.00 "
Beras Premium,6/23/2023," Rp10,500.00 "," Rp11,500.00 "
Beras Premium,6/24/2023,,
Beras Premium,6/25/2023,,
Beras Premium,6/26/2023," Rp10,500.00 "," Rp11,500.00 "
Beras Premium,6/27/2023," Rp10,500.00 "," Rp11,500.00 "
Beras Premium,6/28/2023," Rp10,500.00 "," Rp11,500.00 "
Beras Premium,6/29/2023,,
Beras Premium,6/30/2023," Rp10,500.00 "," Rp11,500.00 "
Beras Premium,7/1/2023,,
Beras Premium,7/2/2023,,
Beras Premium,7/3/2023," Rp10,500.00 "," Rp11,500.00 "
Beras Premium,7/4/2023," Rp10,500.00 "," Rp11,500.00 "
Beras Premium,7/5/2023," Rp10,500.00 "," Rp11,500.00 "
Beras Premium,7/6/2023," Rp10,500.00 "," Rp11,500.00 "
Beras Premium,7/7/2023," Rp10,500.00 "," Rp11,500.00 "
Beras Premium,7/8/2023,,
Beras Premium,7/9/2023,,
Beras Premium,7/10/2023," Rp10,500.00 "," Rp11,500.00 "
Beras Premium,7/11/2023," Rp10,500.00 "," Rp11,500.00 "
Beras Premium,7/12/2023," Rp10,500.00 "," Rp11,500.00 "
Beras Premium,7/13/2023," Rp10,500.00 "," Rp11,500.00 "
Beras Premium,7/14/2023," Rp10,500.00 "," Rp11,500.00 "
Beras Premium,7/15/2023,,
Beras Premium,7/16/2023,,
Beras Premium,7/17/2023," Rp10,700.00 "," Rp11,900.00 "
Beras Premium,7/18/2023," Rp10,700.00 "," Rp11,900.00 "
Beras Premium,7/19/2023," Rp10,700.00 "," Rp11,900.00 "
Beras Premium,7/20/2023," Rp10,700.00 "," Rp11,900.00 "
Beras Premium,7/21/2023," Rp10,700.00 "," Rp11,900.00 "
Beras Premium,7/22/2023,,
Beras Premium,7/23/2023,,
Beras Premium,7/24/2023," Rp10,700.00 "," Rp11,900.00 "
Beras Premium,7/25/2023," Rp10,700.00 "," Rp11,900.00 "
Beras Premium,7/26/2023," Rp10,700.00 "," Rp11,900.00 "
Beras Premium,7/27/2023," Rp10,700.00 "," Rp11,900.00 "
Beras Premium,7/28/2023," Rp10,700.00 "," Rp11,900.00 "
Beras Premium,7/29/2023,,
Beras Premium,7/30/2023," Rp10,700.00 "," Rp11,900.00 "
Beras Premium,7/31/2023," Rp10,700.00 "," Rp11,900.00 "
Beras Premium,8/1/2023," Rp10,700.00 "," Rp11,900.00 "
Beras Premium,8/2/2023," Rp10,700.00 "," Rp11,900.00 "
Beras Premium,8/3/2023," Rp10,700.00 "," Rp11,900.00 "
Beras Premium,8/4/2023," Rp10,700.00 "," Rp11,900.00 "
Beras Premium,8/5/2023,,
Beras Premium,8/6/2023,,
Beras Premium,8/7/2023," Rp10,700.00 "," Rp11,900.00 "
Beras Premium,8/8/2023," Rp10,700.00 "," Rp11,900.00 "
Beras Premium,8/9/2023," Rp10,700.00 "," Rp11,900.00 "
Beras Premium,8/10/2023," Rp10,700.00 "," Rp11,900.00 "
Beras Premium,8/11/2023," Rp10,700.00 "," Rp11,900.00 "
Beras Premium,8/12/2023,,
Beras Premium,8/13/2023,,
Beras Premium,8/14/2023," Rp10,700.00 "," Rp11,900.00 "
Beras Premium,8/15/2023," Rp10,700.00 "," Rp11,900.00 "
Beras Premium,8/16/2023," Rp10,700.00 "," Rp11,900.00 "
Beras Premium,8/17/2023," Rp10,700.00 "," Rp11,900.00 "
Beras Premium,8/18/2023," Rp10,700.00 "," Rp11,900.00 "
Beras Premium,8/19/2023,,
Beras Premium,8/20/2023,,
Beras Premium,8/21/2023," Rp10,700.00 "," Rp11,900.00 "
Beras Premium,8/22/2023," Rp10,700.00 "," Rp11,900.00 "
Beras Premium,8/23/2023," Rp10,700.00 "," Rp11,900.00 "
Beras Premium,8/24/2023," Rp10,700.00 "," Rp11,900.00 "
Beras Premium,8/25/2023," Rp10,700.00 "," Rp11,900.00 "
Beras Premium,8/26/2023,,
Beras Premium,8/27/2023,,
Beras Premium,8/28/2023," Rp11,100.00 "," Rp12,600.00 "
Beras Premium,8/29/2023," Rp11,100.00 "," Rp12,600.00 "
Beras Premium,8/30/2023," Rp11,100.00 "," Rp12,600.00 "
Beras Premium,8/31/2023," Rp11,100.00 "," Rp12,600.00 "
Beras Premium,9/1/2023," Rp11,100.00 "," Rp12,600.00 "
Beras Premium,9/2/2023,,
Beras Premium,9/3/2023,,
Beras Premium,9/4/2023," Rp11,200.00 "," Rp12,800.00 "
Beras Premium,9/5/2023," Rp11,200.00 "," Rp12,800.00 "
Beras Premium,9/6/2023," Rp11,200.00 "," Rp12,800.00 "
Beras Premium,9/7/2023," Rp11,200.00 "," Rp12,800.00 "
Beras Premium,9/8/2023," Rp11,200.00 "," Rp12,800.00 "
Beras Premium,9/9/2023,,
Beras Premium,9/10/2023,,
Beras Premium,9/11/2023," Rp11,200.00 "," Rp12,800.00 "
Beras Premium,9/12/2023," Rp11,200.00 "," Rp12,800.00 "
Beras Premium,9/13/2023," Rp11,200.00 "," Rp12,800.00 "
Beras Premium,9/14/2023," Rp11,200.00 "," Rp12,800.00 "
Beras Premium,9/15/2023," Rp11,200.00 "," Rp12,800.00 "
Beras Premium,9/16/2023,,
Beras Premium,9/17/2023,,
Beras Premium,9/18/2023," Rp12,800.00 "," Rp14,000.00 "
Beras Premium,9/19/2023," Rp12,800.00 "," Rp14,000.00 "
Beras Premium,9/20/2023," Rp12,800.00 "," Rp14,000.00 "
Beras Premium,9/21/2023," Rp12,800.00 "," Rp14,000.00 "
Beras Premium,9/22/2023," Rp12,800.00 "," Rp14,000.00 "
Beras Premium,9/23/2023,,
Beras Premium,9/24/2023,,
Beras Premium,9/25/2023," Rp13,200.00 "," Rp14,800.00 "
Beras Premium,9/26/2023," Rp13,200.00 "," Rp14,800.00 "
Beras Premium,9/27/2023," Rp13,200.00 "," Rp14,800.00 "
Beras Premium,9/28/2023," Rp13,200.00 "," Rp14,800.00 "
Beras Premium,9/29/2023," Rp13,200.00 "," Rp14,800.00 "
Beras Premium,9/30/2023,,
Beras Premium,10/1/2023,,
Beras Premium,10/2/2023," Rp13,200.00 "," Rp14,800.00 "
Beras Premium,10/3/2023," Rp13,200.00 "," Rp14,800.00 "
Beras Premium,10/4/2023," Rp13,200.00 "," Rp14,800.00 "
Beras Premium,10/5/2023," Rp13,200.00 "," Rp14,800.00 "
Beras Premium,10/6/2023," Rp13,200.00 "," Rp14,800.00 "
Beras Premium,10/7/2023,,
Beras Premium,10/8/2023,,
Beras Premium,10/9/2023," Rp13,200.00 "," Rp14,800.00 "
Beras Premium,10/10/2023," Rp13,200.00 "," Rp14,800.00 "
Beras Premium,10/11/2023," Rp13,200.00 "," Rp14,800.00 "
Beras Premium,10/12/2023," Rp13,200.00 "," Rp14,800.00 "
Beras Premium,10/13/2023," Rp13,200.00 "," Rp14,800.00 "
Beras Premium,10/14/2023,,
Beras Premium,10/15/2023,,
Beras Premium,10/16/2023," Rp13,200.00 "," Rp14,800.00 "
Beras Premium,10/17/2023," Rp13,200.00 "," Rp14,800.00 "
Beras Premium,10/18/2023," Rp13,200.00 "," Rp14,800.00 "
Beras Premium,10/19/2023," Rp13,200.00 "," Rp14,800.00 "
Beras Premium,10/20/2023," Rp13,200.00 "," Rp14,800.00 "
Beras Premium,10/21/2023,,
Beras Premium,10/22/2023,,
Beras Premium,10/23/2023," Rp13,200.00 "," Rp14,800.00 "
Beras Premium,10/24/2023," Rp13,200.00 "," Rp14,800.00 "
Beras Premium,10/25/2023," Rp13,200.00 "," Rp14,800.00 "
Beras Premium,10/26/2023," Rp13,200.00 "," Rp14,800.00 "
Beras Premium,10/27/2023," Rp13,200.00 "," Rp14,800.00 "
Beras Premium,10/28/2023,,
Beras Premium,10/29/2023,,
Beras Premium,10/30/2023," Rp13,500.00 "," Rp14,500.00 "
Beras Premium,10/31/2023," Rp13,500.00 "," Rp14,500.00 "
Beras Premium,11/1/2023," Rp13,500.00 "," Rp14,500.00 "
Beras Premium,11/2/2023," Rp13,500.00 "," Rp14,500.00 "
Beras Premium,11/3/2023," Rp13,500.00 "," Rp14,500.00 "
Beras Premium,11/4/2023,,
Beras Premium,11/5/2023,,
Beras Premium,11/6/2023," Rp13,500.00 "," Rp14,600.00 "
Beras Premium,11/7/2023," Rp13,500.00 "," Rp14,600.00 "
Beras Premium,11/8/2023," Rp13,500.00 "," Rp14,600.00 "
Beras Premium,11/9/2023," Rp13,500.00 "," Rp14,600.00 "
Beras Premium,11/10/2023," Rp13,500.00 "," Rp14,600.00 "
Beras Premium,11/11/2023,,
Beras Premium,11/12/2023,,
Beras Premium,11/13/2023," Rp13,500.00 "," Rp14,600.00 "
Beras Premium,11/14/2023," Rp13,500.00 "," Rp14,600.00 "
Beras Premium,11/15/2023," Rp13,500.00 "," Rp14,600.00 "
Beras Premium,11/16/2023," Rp13,500.00 "," Rp14,600.00 "
Beras Premium,11/17/2023," Rp13,500.00 "," Rp14,600.00 "
Beras Premium,11/18/2023,,
Beras Premium,11/19/2023,,
Beras Premium,11/20/2023," Rp13,500.00 "," Rp14,600.00 "
Beras Premium,11/21/2023," Rp13,500.00 "," Rp14,600.00 "
Beras Premium,11/22/2023," Rp13,500.00 "," Rp14,600.00 "
Beras Premium,11/23/2023," Rp13,500.00 "," Rp14,600.00 "
Beras Premium,11/24/2023," Rp13,500.00 "," Rp14,600.00 "
Beras Premium,11/25/2023,,
Beras Premium,11/26/2023,,
Beras Premium,11/27/2023," Rp13,500.00 "," Rp14,600.00 "
Beras Premium,11/28/2023," Rp13,500.00 "," Rp14,600.00 "
Beras Premium,11/29/2023," Rp13,500.00 "," Rp14,600.00 "
Beras Premium,11/30/2023," Rp13,500.00 "," Rp14,600.00 "
Beras Premium,12/1/2023," Rp13,500.00 "," Rp14,600.00 "
Beras Premium,12/2/2023,,
Beras Premium,12/3/2023,,
Beras Premium,12/4/2023," Rp13,500.00 "," Rp14,600.00 "
Beras Premium,12/5/2023," Rp13,500.00 "," Rp14,600.00 "
Beras Premium,12/6/2023," Rp13,500.00 "," Rp14,600.00 "
Beras Premium,12/7/2023," Rp13,500.00 "," Rp14,600.00 "
Beras Premium,12/8/2023," Rp13,500.00 "," Rp14,600.00 "
Beras Premium,12/9/2023,,
Beras Premium,12/10/2023,,
Beras Premium,12/11/2023," Rp13,500.00 "," Rp14,600.00 "
Beras Premium,12/12/2023," Rp13,500.00 "," Rp14,600.00 "
Beras Premium,12/13/2023," Rp13,500.00 "," Rp14,600.00 "
Beras Premium,12/14/2023," Rp13,500.00 "," Rp14,600.00 "
Beras Premium,12/15/2023," Rp13,500.00 "," Rp14,600.00 "
Beras Premium,12/16/2023,,
Beras Premium,12/17/2023,,
Beras Premium,12/18/2023," Rp13,500.00 "," Rp14,600.00 "
Beras Premium,12/19/2023," Rp13,500.00 "," Rp14,600.00 "
Beras Premium,12/20/2023," Rp13,500.00 "," Rp14,600.00 "
Beras Premium,12/21/2023," Rp13,500.00 "," Rp14,600.00 "
Beras Premium,12/22/2023," Rp13,500.00 "," Rp14,600.00 "
Beras Premium,12/23/2023,,
Beras Premium,12/24/2023,,
Beras Premium,12/25/2023,,
Beras Premium,12/26/2023," Rp13,500.00 "," Rp14,600.00 "
Beras Premium,12/27/2023," Rp13,500.00 "," Rp14,600.00 "
Beras Premium,12/28/2023," Rp13,500.00 "," Rp14,600.00 "
Beras Premium,12/29/2023," Rp13,500.00 "," Rp14,600.00 "
Beras Premium,12/30/2023," Rp13,500.00 "," Rp14,600.00 "
Beras Premium,12/31/2023,,
Beras Premium,1/1/2024,,
Beras Premium,1/2/2024,,
Beras Premium,1/3/2024,,
Beras Premium,1/4/2024,,
Beras Premium,1/5/2024,,
Beras Premium,1/6/2024,,
Beras Premium,1/7/2024,,
Beras Premium,1/8/2024,,
Beras Premium,1/9/2024,,
Beras Premium,1/10/2024,,
Beras Premium,1/11/2024,,
Beras Premium,1/12/2024,,
Beras Premium,1/13/2024,,
Beras Premium,1/14/2024,,
Beras Premium,1/15/2024,,
Beras Premium,1/16/2024,,
Beras Premium,1/17/2024,,
Beras Premium,1/18/2024,,
Beras Premium,1/19/2024,,
Beras Premium,1/20/2024,,
Beras Premium,1/21/2024,,
Beras Premium,1/22/2024,,
Beras Premium,1/23/2024,,
Beras Premium,1/24/2024,,
Beras Premium,1/25/2024,,
Beras Premium,1/26/2024,,
Beras Premium,1/27/2024,,
Beras Premium,1/28/2024,,
Beras Premium,1/29/2024,,
Beras Premium,1/30/2024,,
Beras Premium,1/31/2024,,
Beras Premium,2/1/2024," Rp13,900.00 "," Rp14,400.00 "
Beras Premium,2/2/2024," Rp13,900.00 "," Rp14,400.00 "
Beras Premium,2/3/2024,,
Beras Premium,2/4/2024,,
Beras Premium,2/5/2024," Rp14,000.00 "," Rp14,900.00 "
Beras Premium,2/6/2024," Rp14,000.00 "," Rp14,900.00 "
Beras Premium,2/7/2024," Rp14,000.00 "," Rp14,900.00 "
Beras Premium,2/8/2024," Rp14,000.00 "," Rp14,900.00 "
Beras Premium,2/9/2024," Rp14,000.00 "," Rp14,900.00 "
Beras Premium,2/10/2024,,
Beras Premium,2/11/2024,,
Beras Premium,2/12/2024," Rp14,500.00 "," Rp15,000.00 "
Beras Premium,2/13/2024," Rp14,500.00 "," Rp15,000.00 "
Beras Premium,2/14/2024," Rp14,500.00 "," Rp15,000.00 "
Beras Premium,2/15/2024," Rp14,500.00 "," Rp15,000.00 "
Beras Premium,2/16/2024," Rp14,500.00 "," Rp15,000.00 "
Beras Premium,2/17/2024,,
Beras Premium,2/18/2024,,
Beras Premium,2/19/2024," Rp14,500.00 "," Rp16,000.00 "
Beras Premium,2/20/2024," Rp14,500.00 "," Rp16,000.00 "
Beras Premium,2/21/2024," Rp14,500.00 "," Rp16,500.00 "
Beras Premium,2/22/2024," Rp14,500.00 "," Rp16,500.00 "
Beras Premium,2/23/2024," Rp14,500.00 "," Rp16,500.00 "
Beras Premium,2/24/2024,,
Beras Premium,2/25/2024,,
Beras Premium,2/26/2024," Rp14,500.00 "," Rp17,500.00 "
Beras Premium,2/27/2024," Rp14,500.00 "," Rp17,500.00 "
Beras Premium,2/28/2024," Rp14,500.00 "," Rp17,500.00 "
Beras Premium,2/29/2024," Rp14,500.00 "," Rp17,500.00 "
Beras Premium,3/1/2024," Rp15,500.00 "," Rp17,500.00 "
Beras Premium,3/2/2024,,
Beras Premium,3/3/2024,,
Beras Premium,3/4/2024," Rp15,500.00 "," Rp17,500.00 "
Beras Premium,3/5/2024," Rp15,500.00 "," Rp17,500.00 "
Beras Premium,3/6/2024," Rp15,500.00 "," Rp17,500.00 "
Beras Premium,3/7/2024," Rp15,500.00 "," Rp17,500.00 "
Beras Premium,3/8/2024," Rp15,500.00 "," Rp17,500.00 "
Beras Premium,3/9/2024,,
Beras Premium,3/10/2024,,
Beras Premium,3/11/2024,,
Beras Premium,3/12/2024," Rp15,500.00 "," Rp16,000.00 "
Beras Premium,3/13/2024," Rp15,500.00 "," Rp16,000.00 "
Beras Premium,3/14/2024," Rp15,500.00 "," Rp16,000.00 "
Beras Premium,3/15/2024," Rp15,500.00 "," Rp16,000.00 "
Beras Premium,3/16/2024,,
Beras Premium,3/17/2024,,
Beras Premium,3/18/2024," Rp15,500.00 "," Rp16,000.00 "
Beras Premium,3/19/2024," Rp15,500.00 "," Rp16,000.00 "
Beras Premium,3/20/2024," Rp15,500.00 "," Rp16,000.00 "
Beras Premium,3/21/2024," Rp15,500.00 "," Rp16,000.00 "
Beras Premium,3/22/2024," Rp15,500.00 "," Rp16,000.00 "
Beras Premium,3/23/2024,,
Beras Premium,3/24/2024,,
Beras Premium,3/25/2024," Rp14,000.00 "," Rp15,000.00 "
Beras Premium,3/26/2024," Rp14,000.00 "," Rp15,000.00 "
Beras Premium,3/27/2024," Rp14,000.00 "," Rp15,000.00 "
Beras Premium,3/28/2024," Rp14,000.00 "," Rp15,000.00 "
Beras Premium,3/29/2024,,
Beras Premium,3/30/2024,,
Beras Premium,3/31/2024,,
Beras Premium,4/1/2024," Rp14,000.00 "," Rp15,000.00 "
Beras Premium,4/2/2024," Rp13,000.00 "," Rp15,000.00 "
Beras Premium,4/3/2024," Rp13,000.00 "," Rp15,000.00 "
Beras Premium,4/4/2024," Rp13,000.00 "," Rp15,000.00 "
Beras Premium,4/5/2024," Rp13,000.00 "," Rp15,000.00 "
Beras Premium,4/6/2024,,
Beras Premium,4/7/2024,,
Beras Premium,4/8/2024," Rp13,000.00 "," Rp15,000.00 "
Beras Premium,4/9/2024," Rp13,000.00 "," Rp15,000.00 "
Beras Premium,4/10/2024,,
Beras Premium,4/11/2024,,
Beras Premium,4/12/2024," Rp13,000.00 "," Rp15,000.00 "
Beras Premium,4/13/2024,,
Beras Premium,4/14/2024,,
Beras Premium,4/15/2024," Rp13,000.00 "," Rp15,000.00 "
Beras Premium,4/16/2024," Rp13,000.00 "," Rp15,000.00 "
Beras Premium,4/17/2024," Rp13,000.00 "," Rp15,000.00 "
Beras Premium,4/18/2024," Rp13,000.00 "," Rp15,000.00 "
Beras Premium,4/19/2024," Rp13,000.00 "," Rp15,000.00 "
Beras Premium,4/20/2024,,
Beras Premium,4/21/2024,,
Beras Premium,4/22/2024," Rp13,000.00 "," Rp15,000.00 "
Beras Premium,4/23/2024," Rp13,000.00 "," Rp15,000.00 "
Beras Premium,4/24/2024," Rp13,000.00 "," Rp15,000.00 "
Beras Premium,4/25/2024," Rp13,000.00 "," Rp15,000.00 "
Beras Premium,4/26/2024," Rp13,000.00 "," Rp15,000.00 "
Beras Premium,4/27/2024,,
Beras Premium,4/28/2024,,
Beras Premium,4/29/2024," Rp13,000.00 "," Rp15,000.00 "
Beras Premium,4/30/2024," Rp13,000.00 "," Rp15,000.00 "
Beras Premium,5/1/2024,,
Beras Premium,5/2/2024," Rp13,000.00 "," Rp15,000.00 "
Beras Premium,5/3/2024," Rp13,000.00 "," Rp15,000.00 "
Beras Premium,5/4/2024,,
Beras Premium,5/5/2024,,
Beras Premium,5/6/2024," Rp13,000.00 "," Rp15,000.00 "
Beras Premium,5/7/2024," Rp13,000.00 "," Rp15,000.00 "
Beras Premium,5/8/2024," Rp13,000.00 "," Rp15,000.00 "
Beras Premium,5/9/2024,,
Beras Premium,5/10/2024," Rp13,000.00 "," Rp15,000.00 "
Beras Premium,5/11/2024,,
Beras Premium,5/12/2024,,
Beras Premium,5/13/2024," Rp13,000.00 "," Rp15,000.00 "
Beras Premium,5/14/2024," Rp13,000.00 "," Rp15,000.00 "
Beras Premium,5/15/2024," Rp13,000.00 "," Rp15,000.00 "
Beras Premium,5/16/2024," Rp13,000.00 "," Rp15,000.00 "
Beras Premium,5/17/2024," Rp13,000.00 "," Rp15,000.00 "
Beras Premium,5/18/2024,,
Beras Premium,5/19/2024,,
Beras Premium,5/20/2024," Rp13,000.00 "," Rp15,000.00 "
Beras Premium,5/21/2024," Rp13,000.00 "," Rp15,000.00 "
Beras Premium,5/22/2024," Rp13,000.00 "," Rp15,000.00 "
Beras Premium,5/23/2024,,
Beras Premium,5/24/2024," Rp13,000.00 "," Rp15,000.00 "
Beras Premium,5/25/2024,,
Beras Premium,5/26/2024,,
Beras Premium,5/27/2024," Rp13,000.00 "," Rp15,000.00 "
Beras Premium,5/28/2024," Rp13,000.00 "," Rp15,000.00 "
Beras Premium,5/29/2024," Rp13,000.00 "," Rp15,000.00 "
Beras Premium,5/30/2024," Rp13,000.00 "," Rp15,000.00 "
Beras Premium,5/31/2024," Rp13,000.00 "," Rp15,000.00 "
Beras Premium,6/1/2024,,
Beras Premium,6/2/2024," Rp13,000.00 "," Rp15,000.00 "
Beras Premium,6/3/2024," Rp13,000.00 "," Rp15,000.00 "
Beras Premium,6/4/2024," Rp13,000.00 "," Rp15,000.00 "
Beras Premium,6/5/2024," Rp13,000.00 "," Rp15,000.00 "
Beras Premium,6/6/2024,,
Beras Premium,6/7/2024,,
Beras Premium,6/8/2024," Rp13,000.00 "," Rp15,000.00 "
Beras Premium,6/9/2024," Rp13,000.00 "," Rp15,000.00 "
Beras Premium,6/10/2024," Rp13,000.00 "," Rp15,000.00 "
Beras Premium,6/11/2024," Rp13,000.00 "," Rp15,000.00 "
Beras Premium,6/12/2024," Rp13,000.00 "," Rp15,000.00 "
Beras Premium,6/13/2024,,
Beras Premium,6/14/2024,,
Beras Premium,6/15/2024," Rp13,000.00 "," Rp15,000.00 "
Beras Premium,6/16/2024," Rp13,000.00 "," Rp15,000.00 "
Beras Premium,6/17/2024," Rp13,000.00 "," Rp15,000.00 "
Beras Premium,6/18/2024," Rp13,000.00 "," Rp15,000.00 "
Beras Premium,6/19/2024," Rp13,000.00 "," Rp15,000.00 "
Beras Premium,6/20/2024,,
Beras Premium,6/21/2024,,
Beras Premium,6/22/2024," Rp13,000.00 "," Rp15,000.00 "
Beras Premium,6/23/2024," Rp13,000.00 "," Rp15,000.00 "
Beras Premium,6/24/2024," Rp13,000.00 "," Rp15,000.00 "
Beras Premium,6/25/2024," Rp13,000.00 "," Rp15,000.00 "
Beras Premium,6/26/2024," Rp13,000.00 "," Rp15,000.00 "
Beras Premium,6/27/2024,,
Beras Premium,6/28/2024,,
Beras Premium,6/29/2024," Rp13,000.00 "," Rp15,000.00 "
Beras Premium,6/30/2024," Rp13,000.00 "," Rp15,000.00 "
Beras Premium,7/1/2024," Rp13,000.00 "," Rp15,000.00 "
Beras Premium,7/2/2024," Rp13,000.00 "," Rp15,000.00 "
Beras Premium,7/3/2024," Rp13,000.00 "," Rp13,700.00 "
Beras Premium,7/4/2024," Rp13,000.00 "," Rp13,700.00 "
Beras Premium,7/5/2024," Rp13,000.00 "," Rp13,700.00 "
Beras Premium,7/6/2024," Rp13,000.00 "," Rp13,700.00 "
Beras Premium,7/7/2024,,
Beras Premium,7/8/2024," Rp13,000.00 "," Rp13,700.00 "
Beras Premium,7/9/2024," Rp13,000.00 "," Rp13,700.00 "
Beras Premium,7/10/2024," Rp13,000.00 "," Rp13,700.00 "
Beras Premium,7/11/2024," Rp13,000.00 "," Rp13,700.00 "
Beras Premium,7/12/2024," Rp13,000.00 "," Rp13,700.00 "
Beras Premium,7/13/2024,,
Beras Premium,7/14/2024,,
Beras Premium,7/15/2024," Rp13,000.00 "," Rp13,700.00 "
Beras Premium,7/16/2024," Rp13,000.00 "," Rp13,700.00 "
Beras Premium,7/17/2024," Rp13,000.00 "," Rp13,700.00 "
Beras Premium,7/18/2024," Rp13,000.00 "," Rp13,700.00 "
Beras Premium,7/19/2024," Rp13,000.00 "," Rp13,700.00 "
Beras Premium,7/20/2024,,
Beras Premium,7/21/2024,,
Beras Premium,7/22/2024," Rp14,000.00 "," Rp14,700.00 "
Beras Premium,7/23/2024," Rp14,000.00 "," Rp14,700.00 "
Beras Premium,7/24/2024," Rp14,000.00 "," Rp14,700.00 "
Beras Premium,7/25/2024," Rp14,000.00 "," Rp14,700.00 "
Beras Premium,7/26/2024," Rp14,000.00 "," Rp14,700.00 "
Beras Premium,7/27/2024,,
Beras Premium,7/28/2024,,
Beras Premium,7/29/2024," Rp14,000.00 "," Rp14,700.00 "
Beras Premium,7/30/2024," Rp14,000.00 "," Rp14,700.00 "
Beras Premium,7/31/2024," Rp14,000.00 "," Rp14,700.00 "
Beras Premium,8/1/2024," Rp14,000.00 "," Rp14,700.00 "
Beras Premium,8/2/2024," Rp14,000.00 "," Rp14,700.00 "
Beras Premium,8/3/2024,,
Beras Premium,8/4/2024,,
Beras Premium,8/5/2024," Rp13,000.00 "," Rp13,700.00 "
Beras Premium,8/6/2024," Rp13,000.00 "," Rp13,700.00 "
Beras Premium,8/7/2024," Rp13,000.00 "," Rp13,700.00 "
Beras Premium,8/8/2024," Rp13,000.00 "," Rp13,700.00 "
Beras Premium,8/9/2024," Rp13,000.00 "," Rp13,700.00 "
Beras Premium,8/10/2024,,
Beras Premium,8/11/2024,,
Beras Premium,8/12/2024," Rp13,000.00 "," Rp13,700.00 "
Beras Premium,8/13/2024," Rp13,000.00 "," Rp13,700.00 "
Beras Premium,8/14/2024," Rp13,000.00 "," Rp13,700.00 "
Beras Premium,8/15/2024," Rp13,000.00 "," Rp13,700.00 "
Beras Premium,8/16/2024," Rp13,000.00 "," Rp13,700.00 "
Beras Premium,8/17/2024,,
Beras Premium,8/18/2024,,
Beras Premium,8/19/2024," Rp13,000.00 "," Rp13,700.00 "
Beras Premium,8/20/2024," Rp13,000.00 "," Rp13,700.00 "
Beras Premium,8/21/2024," Rp13,000.00 "," Rp13,700.00 "
Beras Premium,8/22/2024," Rp13,000.00 "," Rp13,700.00 "
Beras Premium,8/23/2024," Rp13,000.00 "," Rp13,700.00 "
Beras Premium,8/24/2024,,
Beras Premium,8/25/2024,,
Beras Premium,8/26/2024," Rp13,700.00 "," Rp14,000.00 "
Beras Premium,8/27/2024," Rp13,700.00 "," Rp14,000.00 "
Beras Premium,8/28/2024," Rp13,700.00 "," Rp14,000.00 "
Beras Premium,8/29/2024,,
Beras Premium,8/30/2024,,
Beras Premium,8/31/2024,,
Beras Premium,9/1/2024,,
Beras Premium,9/2/2024," Rp13,700.00 "," Rp14,000.00 "
Beras Premium,9/3/2024," Rp13,700.00 "," Rp14,000.00 "
Beras Premium,9/4/2024," Rp13,700.00 "," Rp14,000.00 "
Beras Premium,9/5/2024," Rp13,700.00 "," Rp14,000.00 "
Beras Premium,9/6/2024," Rp13,700.00 "," Rp14,000.00 "
Beras Premium,9/7/2024,,
Beras Premium,9/8/2024,,
Beras Premium,9/9/2024," Rp13,700.00 "," Rp14,000.00 "
Beras Premium,9/10/2024," Rp13,700.00 "," Rp14,000.00 "
Beras Premium,9/11/2024," Rp13,700.00 "," Rp14,000.00 "
Beras Premium,9/12/2024," Rp13,700.00 "," Rp14,000.00 "
Beras Premium,9/13/2024," Rp13,700.00 "," Rp14,000.00 "
Beras Premium,9/14/2024,,
Beras Premium,9/15/2024,,
Beras Premium,9/16/2024,,
Beras Premium,9/17/2024," Rp13,700.00 "," Rp14,000.00 "
Beras Premium,9/18/2024," Rp13,700.00 "," Rp14,000.00 "
Beras Premium,9/19/2024," Rp13,700.00 "," Rp14,000.00 "
Beras Premium,9/20/2024," Rp13,700.00 "," Rp14,000.00 "
Beras Premium,9/21/2024,,
Beras Premium,9/22/2024,,
Beras Premium,9/23/2024," Rp13,700.00 "," Rp14,000.00 "
Beras Premium,9/24/2024," Rp13,700.00 "," Rp14,000.00 "
Beras Premium,9/25/2024," Rp13,700.00 "," Rp14,000.00 "
Beras Premium,9/26/2024," Rp13,700.00 "," Rp14,000.00 "
Beras Premium,9/27/2024," Rp13,700.00 "," Rp14,000.00 "
Beras Premium,9/28/2024,,
Beras Premium,9/29/2024,,
Beras Premium,9/30/2024," Rp13,700.00 "," Rp14,000.00 "
Beras Premium,10/1/2024," Rp13,800.00 "," Rp14,000.00 "
Beras Premium,10/2/2024," Rp13,400.00 "," Rp14,000.00 "
Beras Premium,10/3/2024," Rp13,400.00 "," Rp14,000.00 "
Beras Premium,10/4/2024," Rp13,400.00 "," Rp14,000.00 "
Beras Premium,10/5/2024,,
Beras Premium,10/6/2024,,
Beras Premium,10/7/2024," Rp13,400.00 "," Rp14,000.00 "
Beras Premium,10/8/2024," Rp13,400.00 "," Rp14,000.00 "
Beras Premium,10/9/2024," Rp13,400.00 "," Rp14,000.00 "
Beras Premium,10/10/2024," Rp13,400.00 "," Rp14,000.00 "
Beras Premium,10/11/2024," Rp13,400.00 "," Rp14,000.00 "
Beras Premium,10/12/2024,,
Beras Premium,10/13/2024,,
Beras Premium,10/14/2024," Rp13,000.00 "," Rp14,000.00 "
Beras Premium,10/15/2024," Rp13,000.00 "," Rp14,000.00 "
Beras Premium,10/16/2024," Rp13,000.00 "," Rp14,000.00 "
Beras Premium,10/17/2024," Rp13,000.00 "," Rp14,000.00 "
Beras Premium,10/18/2024," Rp13,000.00 "," Rp14,000.00 "
Beras Premium,10/19/2024,,
Beras Premium,10/20/2024,,
Beras Premium,10/21/2024," Rp13,000.00 "," Rp14,000.00 "
Beras Premium,10/22/2024," Rp13,000.00 "," Rp14,000.00 "
Beras Premium,10/23/2024," Rp13,000.00 "," Rp14,000.00 "
Beras Premium,10/24/2024," Rp13,000.00 "," Rp14,000.00 "
Beras Premium,10/25/2024," Rp13,000.00 "," Rp14,000.00 "
Beras Premium,10/26/2024,,
Beras Premium,10/27/2024,,
Beras Premium,10/28/2024," Rp13,000.00 "," Rp14,000.00 "
Beras Premium,10/29/2024," Rp13,000.00 "," Rp14,000.00 "
Beras Premium,10/30/2024," Rp13,000.00 "," Rp14,000.00 "
Beras Premium,10/31/2024," Rp13,000.00 "," Rp14,000.00 "
Beras Premium,11/1/2024,,
Beras Premium,11/2/2024,,
Beras Premium,11/3/2024,,
Beras Premium,11/4/2024,,
Beras Premium,11/5/2024,,
Beras Premium,11/6/2024,,
Beras Premium,11/7/2024,,
Beras Premium,11/8/2024,,
Beras Premium,11/9/2024,,
Beras Premium,11/10/2024,,
Beras Premium,11/11/2024,,
Beras Premium,11/12/2024,,
Beras Premium,11/13/2024,,
Beras Premium,11/14/2024,,
Beras Premium,11/15/2024,,
Beras Premium,11/16/2024,,
Beras Premium,11/17/2024,,
Beras Premium,11/18/2024,,
Beras Premium,11/19/2024,,
Beras Premium,11/20/2024,,
Beras Premium,11/21/2024,,
Beras Premium,11/22/2024,,
Beras Premium,11/23/2024,,
Beras Premium,11/24/2024,,
Beras Premium,11/25/2024,,
Beras Premium,11/26/2024,,
Beras Premium,11/27/2024,,
Beras Premium,11/28/2024,,
Beras Premium,11/29/2024,,
Beras Premium,11/30/2024,,
Kacang Hijau,1/1/2022,,
Kacang Hijau,1/2/2022,,
Kacang Hijau,1/3/2022," Rp15,000.00 "," Rp17,000.00 "
Kacang Hijau,1/4/2022," Rp15,000.00 "," Rp17,000.00 "
Kacang Hijau,1/5/2022," Rp15,000.00 "," Rp17,000.00 "
Kacang Hijau,1/6/2022," Rp15,000.00 "," Rp17,000.00 "
Kacang Hijau,1/7/2022," Rp15,000.00 "," Rp17,000.00 "
Kacang Hijau,1/8/2022,,
Kacang Hijau,1/9/2022,,
Kacang Hijau,1/10/2022," Rp15,000.00 "," Rp17,000.00 "
Kacang Hijau,1/11/2022," Rp15,000.00 "," Rp17,000.00 "
Kacang Hijau,1/12/2022," Rp15,000.00 "," Rp17,000.00 "
Kacang Hijau,1/13/2022," Rp15,000.00 "," Rp17,000.00 "
Kacang Hijau,1/14/2022," Rp15,000.00 "," Rp17,000.00 "
Kacang Hijau,1/15/2022,,
Kacang Hijau,1/16/2022,,
Kacang Hijau,1/17/2022," Rp15,000.00 "," Rp17,000.00 "
Kacang Hijau,1/18/2022," Rp15,000.00 "," Rp17,000.00 "
Kacang Hijau,1/19/2022," Rp15,000.00 "," Rp17,000.00 "
Kacang Hijau,1/20/2022," Rp15,000.00 "," Rp17,000.00 "
Kacang Hijau,1/21/2022," Rp15,000.00 "," Rp17,000.00 "
Kacang Hijau,1/22/2022,,
Kacang Hijau,1/23/2022,,
Kacang Hijau,1/24/2022," Rp15,000.00 "," Rp17,000.00 "
Kacang Hijau,1/25/2022," Rp15,000.00 "," Rp17,000.00 "
Kacang Hijau,1/26/2022," Rp15,000.00 "," Rp17,000.00 "
Kacang Hijau,1/27/2022," Rp15,000.00 "," Rp17,000.00 "
Kacang Hijau,1/28/2022," Rp15,000.00 "," Rp17,000.00 "
Kacang Hijau,1/29/2022,,
Kacang Hijau,1/30/2022,,
Kacang Hijau,1/31/2022," Rp15,000.00 "," Rp17,000.00 "
Kacang Hijau,2/1/2022,,
Kacang Hijau,2/2/2022," Rp15,000.00 "," Rp17,000.00 "
Kacang Hijau,2/3/2022," Rp15,000.00 "," Rp17,000.00 "
Kacang Hijau,2/4/2022," Rp15,000.00 "," Rp17,000.00 "
Kacang Hijau,2/5/2022,,
Kacang Hijau,2/6/2022,,
Kacang Hijau,2/7/2022," Rp15,000.00 "," Rp17,000.00 "
Kacang Hijau,2/8/2022," Rp15,000.00 "," Rp17,000.00 "
Kacang Hijau,2/9/2022," Rp15,000.00 "," Rp17,000.00 "
Kacang Hijau,2/10/2022," Rp15,000.00 "," Rp17,000.00 "
Kacang Hijau,2/11/2022," Rp15,000.00 "," Rp17,000.00 "
Kacang Hijau,2/12/2022,,
Kacang Hijau,2/13/2022,,
Kacang Hijau,2/14/2022," Rp15,000.00 "," Rp17,000.00 "
Kacang Hijau,2/15/2022," Rp15,000.00 "," Rp17,000.00 "
Kacang Hijau,2/16/2022," Rp15,000.00 "," Rp17,000.00 "
Kacang Hijau,2/17/2022," Rp15,000.00 "," Rp17,000.00 "
Kacang Hijau,2/18/2022," Rp15,000.00 "," Rp17,000.00 "
Kacang Hijau,2/19/2022,,
Kacang Hijau,2/20/2022,,
Kacang Hijau,2/21/2022," Rp15,000.00 "," Rp17,000.00 "
Kacang Hijau,2/22/2022," Rp15,000.00 "," Rp17,000.00 "
Kacang Hijau,2/23/2022," Rp15,000.00 "," Rp17,000.00 "
Kacang Hijau,2/24/2022," Rp15,000.00 "," Rp17,000.00 "
Kacang Hijau,2/25/2022," Rp15,000.00 "," Rp17,000.00 "
Kacang Hijau,2/26/2022,,
Kacang Hijau,2/27/2022,,
Kacang Hijau,2/28/2022,,
Kacang Hijau,3/1/2022,,
Kacang Hijau,3/2/2022," Rp15,000.00 "," Rp17,000.00 "
Kacang Hijau,3/3/2022,,
Kacang Hijau,3/4/2022," Rp15,000.00 "," Rp17,000.00 "
Kacang Hijau,3/5/2022,,
Kacang Hijau,3/6/2022,,
Kacang Hijau,3/7/2022,,
Kacang Hijau,3/8/2022," Rp15,000.00 "," Rp17,000.00 "
Kacang Hijau,3/9/2022," Rp15,000.00 "," Rp17,000.00 "
Kacang Hijau,3/10/2022," Rp15,000.00 "," Rp17,000.00 "
Kacang Hijau,3/11/2022,,
Kacang Hijau,3/12/2022," Rp15,000.00 "," Rp17,000.00 "
Kacang Hijau,3/13/2022," Rp15,000.00 "," Rp17,000.00 "
Kacang Hijau,3/14/2022," Rp15,000.00 "," Rp17,000.00 "
Kacang Hijau,3/15/2022," Rp15,000.00 "," Rp17,000.00 "
Kacang Hijau,3/16/2022," Rp15,000.00 "," Rp17,000.00 "
Kacang Hijau,3/17/2022," Rp15,000.00 "," Rp17,000.00 "
Kacang Hijau,3/18/2022," Rp15,000.00 "," Rp17,000.00 "
Kacang Hijau,3/19/2022,,
Kacang Hijau,3/20/2022,,
Kacang Hijau,3/21/2022," Rp13,000.00 "," Rp15,000.00 "
Kacang Hijau,3/22/2022," Rp13,000.00 "," Rp15,000.00 "
Kacang Hijau,3/23/2022," Rp13,000.00 "," Rp15,000.00 "
Kacang Hijau,3/24/2022," Rp13,000.00 "," Rp15,000.00 "
Kacang Hijau,3/25/2022," Rp13,000.00 "," Rp15,000.00 "
Kacang Hijau,3/26/2022,,
Kacang Hijau,3/27/2022,,
Kacang Hijau,3/28/2022," Rp13,000.00 "," Rp15,000.00 "
Kacang Hijau,3/29/2022," Rp13,000.00 "," Rp15,000.00 "
Kacang Hijau,3/30/2022," Rp13,000.00 "," Rp15,000.00 "
Kacang Hijau,3/31/2022," Rp13,000.00 "," Rp15,000.00 "
Kacang Hijau,4/1/2022,,
Kacang Hijau,4/2/2022,,
Kacang Hijau,4/3/2022,,
Kacang Hijau,4/4/2022," Rp15,000.00 "," Rp17,000.00 "
Kacang Hijau,4/5/2022," Rp15,000.00 "," Rp17,000.00 "
Kacang Hijau,4/6/2022," Rp15,000.00 "," Rp17,000.00 "
Kacang Hijau,4/7/2022," Rp15,000.00 "," Rp17,000.00 "
Kacang Hijau,4/8/2022," Rp15,000.00 "," Rp17,000.00 "
Kacang Hijau,4/9/2022,,
Kacang Hijau,4/10/2022,,
Kacang Hijau,4/11/2022," Rp15,000.00 "," Rp17,000.00 "
Kacang Hijau,4/12/2022," Rp15,000.00 "," Rp17,000.00 "
Kacang Hijau,4/13/2022," Rp15,000.00 "," Rp17,000.00 "
Kacang Hijau,4/14/2022," Rp15,000.00 "," Rp17,000.00 "
Kacang Hijau,4/15/2022,,
Kacang Hijau,4/16/2022,,
Kacang Hijau,4/17/2022,,
Kacang Hijau,4/18/2022," Rp13,000.00 "," Rp15,000.00 "
Kacang Hijau,4/19/2022," Rp13,000.00 "," Rp15,000.00 "
Kacang Hijau,4/20/2022," Rp13,000.00 "," Rp15,000.00 "
Kacang Hijau,4/21/2022," Rp13,000.00 "," Rp15,000.00 "
Kacang Hijau,4/22/2022," Rp13,000.00 "," Rp15,000.00 "
Kacang Hijau,4/23/2022,,
Kacang Hijau,4/24/2022,,
Kacang Hijau,4/25/2022," Rp13,000.00 "," Rp15,000.00 "
Kacang Hijau,4/26/2022," Rp13,000.00 "," Rp15,000.00 "
Kacang Hijau,4/27/2022," Rp13,000.00 "," Rp15,000.00 "
Kacang Hijau,4/28/2022," Rp13,000.00 "," Rp15,000.00 "
Kacang Hijau,4/29/2022," Rp13,000.00 "," Rp15,000.00 "
Kacang Hijau,4/30/2022,,
Kacang Hijau,5/1/2022,,
Kacang Hijau,5/2/2022,,
Kacang Hijau,5/3/2022,,
Kacang Hijau,5/4/2022," Rp15,000.00 "," Rp17,000.00 "
Kacang Hijau,5/5/2022," Rp15,000.00 "," Rp17,000.00 "
Kacang Hijau,5/6/2022," Rp15,000.00 "," Rp17,000.00 "
Kacang Hijau,5/7/2022,,
Kacang Hijau,5/8/2022,,
Kacang Hijau,5/9/2022," Rp13,000.00 "," Rp15,000.00 "
Kacang Hijau,5/10/2022," Rp13,000.00 "," Rp15,000.00 "
Kacang Hijau,5/11/2022," Rp13,000.00 "," Rp15,000.00 "
Kacang Hijau,5/12/2022," Rp13,000.00 "," Rp15,000.00 "
Kacang Hijau,5/13/2022," Rp13,000.00 "," Rp15,000.00 "
Kacang Hijau,5/14/2022,,
Kacang Hijau,5/15/2022,,
Kacang Hijau,5/16/2022,,
Kacang Hijau,5/17/2022," Rp13,000.00 "," Rp15,000.00 "
Kacang Hijau,5/18/2022," Rp13,000.00 "," Rp15,000.00 "
Kacang Hijau,5/19/2022," Rp13,000.00 "," Rp15,000.00 "
Kacang Hijau,5/20/2022," Rp13,000.00 "," Rp15,000.00 "
Kacang Hijau,5/21/2022,,
Kacang Hijau,5/22/2022,,
Kacang Hijau,5/23/2022," Rp13,000.00 "," Rp15,000.00 "
Kacang Hijau,5/24/2022," Rp13,000.00 "," Rp15,000.00 "
Kacang Hijau,5/25/2022," Rp13,000.00 "," Rp15,000.00 "
Kacang Hijau,5/26/2022,,
Kacang Hijau,5/27/2022," Rp13,000.00 "," Rp15,000.00 "
Kacang Hijau,5/28/2022,,
Kacang Hijau,5/29/2022,,
Kacang Hijau,5/30/2022," Rp13,000.00 "," Rp15,000.00 "
Kacang Hijau,5/31/2022," Rp13,000.00 "," Rp15,000.00 "
Kacang Hijau,6/1/2022,,
Kacang Hijau,6/2/2022,,
Kacang Hijau,6/3/2022,,
Kacang Hijau,6/4/2022,,
Kacang Hijau,6/5/2022,,
Kacang Hijau,6/6/2022,,
Kacang Hijau,6/7/2022,,
Kacang Hijau,6/8/2022,,
Kacang Hijau,6/9/2022,,
Kacang Hijau,6/10/2022,,
Kacang Hijau,6/11/2022,,
Kacang Hijau,6/12/2022,,
Kacang Hijau,6/13/2022,,
Kacang Hijau,6/14/2022,,
Kacang Hijau,6/15/2022,,
Kacang Hijau,6/16/2022,,
Kacang Hijau,6/17/2022,,
Kacang Hijau,6/18/2022,,
Kacang Hijau,6/19/2022,,
Kacang Hijau,6/20/2022,,
Kacang Hijau,6/21/2022,,
Kacang Hijau,6/22/2022,,
Kacang Hijau,6/23/2022,,
Kacang Hijau,6/24/2022,,
Kacang Hijau,6/25/2022,,
Kacang Hijau,6/26/2022,,
Kacang Hijau,6/27/2022,,
Kacang Hijau,6/28/2022,,
Kacang Hijau,6/29/2022,,
Kacang Hijau,6/30/2022,,
Kacang Hijau,7/1/2022,,
Kacang Hijau,7/2/2022,,
Kacang Hijau,7/3/2022,,
Kacang Hijau,7/4/2022,,
Kacang Hijau,7/5/2022,,
Kacang Hijau,7/6/2022,,
Kacang Hijau,7/7/2022,,
Kacang Hijau,7/8/2022,,
Kacang Hijau,7/9/2022,,
Kacang Hijau,7/10/2022,,
Kacang Hijau,7/11/2022,,
Kacang Hijau,7/12/2022,,
Kacang Hijau,7/13/2022,,
Kacang Hijau,7/14/2022,,
Kacang Hijau,7/15/2022,,
Kacang Hijau,7/16/2022,,
Kacang Hijau,7/17/2022,,
Kacang Hijau,7/18/2022,,
Kacang Hijau,7/19/2022,,
Kacang Hijau,7/20/2022,,
Kacang Hijau,7/21/2022,,
Kacang Hijau,7/22/2022,,
Kacang Hijau,7/23/2022,,
Kacang Hijau,7/24/2022,,
Kacang Hijau,7/25/2022,,
Kacang Hijau,7/26/2022,,
Kacang Hijau,7/27/2022,,
Kacang Hijau,7/28/2022,,
Kacang Hijau,7/29/2022,,
Kacang Hijau,7/30/2022,,
Kacang Hijau,7/31/2022,,
Kacang Hijau,8/1/2022,,
Kacang Hijau,8/2/2022,,
Kacang Hijau,8/3/2022,,
Kacang Hijau,8/4/2022,,
Kacang Hijau,8/5/2022,,
Kacang Hijau,8/6/2022,,
Kacang Hijau,8/7/2022,,
Kacang Hijau,8/8/2022,,
Kacang Hijau,8/9/2022,,
Kacang Hijau,8/10/2022,,
Kacang Hijau,8/11/2022,,
Kacang Hijau,8/12/2022,,
Kacang Hijau,8/13/2022,,
Kacang Hijau,8/14/2022,,
Kacang Hijau,8/15/2022,,
Kacang Hijau,8/16/2022,,
Kacang Hijau,8/17/2022,,
Kacang Hijau,8/18/2022,,
Kacang Hijau,8/19/2022,,
Kacang Hijau,8/20/2022,,
Kacang Hijau,8/21/2022,,
Kacang Hijau,8/22/2022,,
Kacang Hijau,8/23/2022,,
Kacang Hijau,8/24/2022,,
Kacang Hijau,8/25/2022,,
Kacang Hijau,8/26/2022,,
Kacang Hijau,8/27/2022,,
Kacang Hijau,8/28/2022,,
Kacang Hijau,8/29/2022,,
Kacang Hijau,8/30/2022,,
Kacang Hijau,8/31/2022,,
Kacang Hijau,9/1/2022,,
Kacang Hijau,9/2/2022,,
Kacang Hijau,9/3/2022,,
Kacang Hijau,9/4/2022,,
Kacang Hijau,9/5/2022,,
Kacang Hijau,9/6/2022,,
Kacang Hijau,9/7/2022,,
Kacang Hijau,9/8/2022,,
Kacang Hijau,9/9/2022,,
Kacang Hijau,9/10/2022,,
Kacang Hijau,9/11/2022,,
Kacang Hijau,9/12/2022,,
Kacang Hijau,9/13/2022,,
Kacang Hijau,9/14/2022,,
Kacang Hijau,9/15/2022,,
Kacang Hijau,9/16/2022,,
Kacang Hijau,9/17/2022,,
Kacang Hijau,9/18/2022,,
Kacang Hijau,9/19/2022,,
Kacang Hijau,9/20/2022,,
Kacang Hijau,9/21/2022,,
Kacang Hijau,9/22/2022,,
Kacang Hijau,9/23/2022,,
Kacang Hijau,9/24/2022,,
Kacang Hijau,9/25/2022,,
Kacang Hijau,9/26/2022,,
Kacang Hijau,9/27/2022,,
Kacang Hijau,9/28/2022,,
Kacang Hijau,9/29/2022,,
Kacang Hijau,9/30/2022,,
Kacang Hijau,10/1/2022,,
Kacang Hijau,10/2/2022,,
Kacang Hijau,10/3/2022,,
Kacang Hijau,10/4/2022,,
Kacang Hijau,10/5/2022,,
Kacang Hijau,10/6/2022,,
Kacang Hijau,10/7/2022,,
Kacang Hijau,10/8/2022,,
Kacang Hijau,10/9/2022,,
Kacang Hijau,10/10/2022,,
Kacang Hijau,10/11/2022,,
Kacang Hijau,10/12/2022,,
Kacang Hijau,10/13/2022,,
Kacang Hijau,10/14/2022,,
Kacang Hijau,10/15/2022,,
Kacang Hijau,10/16/2022,,
Kacang Hijau,10/17/2022,,
Kacang Hijau,10/18/2022,,
Kacang Hijau,10/19/2022,,
Kacang Hijau,10/20/2022,,
Kacang Hijau,10/21/2022,,
Kacang Hijau,10/22/2022,,
Kacang Hijau,10/23/2022,,
Kacang Hijau,10/24/2022,,
Kacang Hijau,10/25/2022,,
Kacang Hijau,10/26/2022,,
Kacang Hijau,10/27/2022,,
Kacang Hijau,10/28/2022,,
Kacang Hijau,10/29/2022,,
Kacang Hijau,10/30/2022,,
Kacang Hijau,10/31/2022,,
Kacang Hijau,11/1/2022,,
Kacang Hijau,11/2/2022,,
Kacang Hijau,11/3/2022,,
Kacang Hijau,11/4/2022,,
Kacang Hijau,11/5/2022,,
Kacang Hijau,11/6/2022,,
Kacang Hijau,11/7/2022,,
Kacang Hijau,11/8/2022,,
Kacang Hijau,11/9/2022,,
Kacang Hijau,11/10/2022,,
Kacang Hijau,11/11/2022,,
Kacang Hijau,11/12/2022,,
Kacang Hijau,11/13/2022,,
Kacang Hijau,11/14/2022,,
Kacang Hijau,11/15/2022,,
Kacang Hijau,11/16/2022,,
Kacang Hijau,11/17/2022,,
Kacang Hijau,11/18/2022,,
Kacang Hijau,11/19/2022,,
Kacang Hijau,11/20/2022,,
Kacang Hijau,11/21/2022,,
Kacang Hijau,11/22/2022,,
Kacang Hijau,11/23/2022,,
Kacang Hijau,11/24/2022,,
Kacang Hijau,11/25/2022,,
Kacang Hijau,11/26/2022,,
Kacang Hijau,11/27/2022,,
Kacang Hijau,11/28/2022,,
Kacang Hijau,11/29/2022,,
Kacang Hijau,11/30/2022,,
Kacang Hijau,12/1/2022,,
Kacang Hijau,12/2/2022,,
Kacang Hijau,12/3/2022,,
Kacang Hijau,12/4/2022,,
Kacang Hijau,12/5/2022,,
Kacang Hijau,12/6/2022,,
Kacang Hijau,12/7/2022,,
Kacang Hijau,12/8/2022,,
Kacang Hijau,12/9/2022,,
Kacang Hijau,12/10/2022,,
Kacang Hijau,12/11/2022,,
Kacang Hijau,12/12/2022,,
Kacang Hijau,12/13/2022,,
Kacang Hijau,12/14/2022,,
Kacang Hijau,12/15/2022,,
Kacang Hijau,12/16/2022,,
Kacang Hijau,12/17/2022,,
Kacang Hijau,12/18/2022,,
Kacang Hijau,12/19/2022,,
Kacang Hijau,12/20/2022,,
Kacang Hijau,12/21/2022,,
Kacang Hijau,12/22/2022,,
Kacang Hijau,12/23/2022,,
Kacang Hijau,12/24/2022,,
Kacang Hijau,12/25/2022,,
Kacang Hijau,12/26/2022,,
Kacang Hijau,12/27/2022,,
Kacang Hijau,12/28/2022,,
Kacang Hijau,12/29/2022,,
Kacang Hijau,12/30/2022,,
Kacang Hijau,12/31/2022,,
Kacang Hijau,1/1/2023,,
Kacang Hijau,1/2/2023,,
Kacang Hijau,1/3/2023,,
Kacang Hijau,1/4/2023,,
Kacang Hijau,1/5/2023,,
Kacang Hijau,1/6/2023,,
Kacang Hijau,1/7/2023,,
Kacang Hijau,1/8/2023,,
Kacang Hijau,1/9/2023,,
Kacang Hijau,1/10/2023,,
Kacang Hijau,1/11/2023,,
Kacang Hijau,1/12/2023,,
Kacang Hijau,1/13/2023,,
Kacang Hijau,1/14/2023,,
Kacang Hijau,1/15/2023,,
Kacang Hijau,1/16/2023,,
Kacang Hijau,1/17/2023,,
Kacang Hijau,1/18/2023,,
Kacang Hijau,1/19/2023,,
Kacang Hijau,1/20/2023,,
Kacang Hijau,1/21/2023,,
Kacang Hijau,1/22/2023,,
Kacang Hijau,1/23/2023,,
Kacang Hijau,1/24/2023,,
Kacang Hijau,1/25/2023,,
Kacang Hijau,1/26/2023,,
Kacang Hijau,1/27/2023,,
Kacang Hijau,1/28/2023,,
Kacang Hijau,1/29/2023,,
Kacang Hijau,1/30/2023,,
Kacang Hijau,1/31/2023,,
Kacang Hijau,2/1/2023,,
Kacang Hijau,2/2/2023,,
Kacang Hijau,2/3/2023,,
Kacang Hijau,2/4/2023,,
Kacang Hijau,2/5/2023,,
Kacang Hijau,2/6/2023,,
Kacang Hijau,2/7/2023,,
Kacang Hijau,2/8/2023,,
Kacang Hijau,2/9/2023,,
Kacang Hijau,2/10/2023,,
Kacang Hijau,2/11/2023,,
Kacang Hijau,2/12/2023,,
Kacang Hijau,2/13/2023,,
Kacang Hijau,2/14/2023,,
Kacang Hijau,2/15/2023,,
Kacang Hijau,2/16/2023,,
Kacang Hijau,2/17/2023,,
Kacang Hijau,2/18/2023,,
Kacang Hijau,2/19/2023,,
Kacang Hijau,2/20/2023,,
Kacang Hijau,2/21/2023,,
Kacang Hijau,2/22/2023,,
Kacang Hijau,2/23/2023,,
Kacang Hijau,2/24/2023,,
Kacang Hijau,2/25/2023,,
Kacang Hijau,2/26/2023,,
Kacang Hijau,2/27/2023,,
Kacang Hijau,2/28/2023,,
Kacang Hijau,3/1/2023,,
Kacang Hijau,3/2/2023,,
Kacang Hijau,3/3/2023,,
Kacang Hijau,3/4/2023,,
Kacang Hijau,3/5/2023,,
Kacang Hijau,3/6/2023,,
Kacang Hijau,3/7/2023,,
Kacang Hijau,3/8/2023,,
Kacang Hijau,3/9/2023,,
Kacang Hijau,3/10/2023,,
Kacang Hijau,3/11/2023,,
Kacang Hijau,3/12/2023,,
Kacang Hijau,3/13/2023,,
Kacang Hijau,3/14/2023,,
Kacang Hijau,3/15/2023,,
Kacang Hijau,3/16/2023,,
Kacang Hijau,3/17/2023,,
Kacang Hijau,3/18/2023,,
Kacang Hijau,3/19/2023,,
Kacang Hijau,3/20/2023,,
Kacang Hijau,3/21/2023,,
Kacang Hijau,3/22/2023,,
Kacang Hijau,3/23/2023,,
Kacang Hijau,3/24/2023,,
Kacang Hijau,3/25/2023,,
Kacang Hijau,3/26/2023,,
Kacang Hijau,3/27/2023,,
Kacang Hijau,3/28/2023,,
Kacang Hijau,3/29/2023,,
Kacang Hijau,3/30/2023,,
Kacang Hijau,3/31/2023,,
Kacang Hijau,4/1/2023,,
Kacang Hijau,4/2/2023,,
Kacang Hijau,4/3/2023,,
Kacang Hijau,4/4/2023,,
Kacang Hijau,4/5/2023,,
Kacang Hijau,4/6/2023,,
Kacang Hijau,4/7/2023,,
Kacang Hijau,4/8/2023,,
Kacang Hijau,4/9/2023,,
Kacang Hijau,4/10/2023,,
Kacang Hijau,4/11/2023,,
Kacang Hijau,4/12/2023,,
Kacang Hijau,4/13/2023,,
Kacang Hijau,4/14/2023,,
Kacang Hijau,4/15/2023,,
Kacang Hijau,4/16/2023,,
Kacang Hijau,4/17/2023,,
Kacang Hijau,4/18/2023,,
Kacang Hijau,4/19/2023,,
Kacang Hijau,4/20/2023,,
Kacang Hijau,4/21/2023,,
Kacang Hijau,4/22/2023,,
Kacang Hijau,4/23/2023,,
Kacang Hijau,4/24/2023,,
Kacang Hijau,4/25/2023,,
Kacang Hijau,4/26/2023,,
Kacang Hijau,4/27/2023,,
Kacang Hijau,4/28/2023,,
Kacang Hijau,4/29/2023,,
Kacang Hijau,4/30/2023,,
Kacang Hijau,5/1/2023,,
Kacang Hijau,5/2/2023,,
Kacang Hijau,5/3/2023,,
Kacang Hijau,5/4/2023,,
Kacang Hijau,5/5/2023,,
Kacang Hijau,5/6/2023,,
Kacang Hijau,5/7/2023,,
Kacang Hijau,5/8/2023,,
Kacang Hijau,5/9/2023,,
Kacang Hijau,5/10/2023,,
Kacang Hijau,5/11/2023,,
Kacang Hijau,5/12/2023,,
Kacang Hijau,5/13/2023,,
Kacang Hijau,5/14/2023,,
Kacang Hijau,5/15/2023,,
Kacang Hijau,5/16/2023,,
Kacang Hijau,5/17/2023,,
Kacang Hijau,5/18/2023,,
Kacang Hijau,5/19/2023,,
Kacang Hijau,5/20/2023,,
Kacang Hijau,5/21/2023,,
Kacang Hijau,5/22/2023,,
Kacang Hijau,5/23/2023,,
Kacang Hijau,5/24/2023,,
Kacang Hijau,5/25/2023,,
Kacang Hijau,5/26/2023,,
Kacang Hijau,5/27/2023,,
Kacang Hijau,5/28/2023,,
Kacang Hijau,5/29/2023,,
Kacang Hijau,5/30/2023,,
Kacang Hijau,5/31/2023,,
Kacang Hijau,6/1/2023,,
Kacang Hijau,6/2/2023,,
Kacang Hijau,6/3/2023,,
Kacang Hijau,6/4/2023,,
Kacang Hijau,6/5/2023,,
Kacang Hijau,6/6/2023,,
Kacang Hijau,6/7/2023,,
Kacang Hijau,6/8/2023,,
Kacang Hijau,6/9/2023,,
Kacang Hijau,6/10/2023,,
Kacang Hijau,6/11/2023,,
Kacang Hijau,6/12/2023,,
Kacang Hijau,6/13/2023,,
Kacang Hijau,6/14/2023,,
Kacang Hijau,6/15/2023,,
Kacang Hijau,6/16/2023,,
Kacang Hijau,6/17/2023,,
Kacang Hijau,6/18/2023,,
Kacang Hijau,6/19/2023,,
Kacang Hijau,6/20/2023,,
Kacang Hijau,6/21/2023,,
Kacang Hijau,6/22/2023,,
Kacang Hijau,6/23/2023,,
Kacang Hijau,6/24/2023,,
Kacang Hijau,6/25/2023,,
Kacang Hijau,6/26/2023,,
Kacang Hijau,6/27/2023,,
Kacang Hijau,6/28/2023,,
Kacang Hijau,6/29/2023,,
Kacang Hijau,6/30/2023,,
Kacang Hijau,7/1/2023,,
Kacang Hijau,7/2/2023,,
Kacang Hijau,7/3/2023,,
Kacang Hijau,7/4/2023,,
Kacang Hijau,7/5/2023,,
Kacang Hijau,7/6/2023,,
Kacang Hijau,7/7/2023,,
Kacang Hijau,7/8/2023,,
Kacang Hijau,7/9/2023,,
Kacang Hijau,7/10/2023,,
Kacang Hijau,7/11/2023,,
Kacang Hijau,7/12/2023,,
Kacang Hijau,7/13/2023,,
Kacang Hijau,7/14/2023,,
Kacang Hijau,7/15/2023,,
Kacang Hijau,7/16/2023,,
Kacang Hijau,7/17/2023,,
Kacang Hijau,7/18/2023,,
Kacang Hijau,7/19/2023,,
Kacang Hijau,7/20/2023,,
Kacang Hijau,7/21/2023,,
Kacang Hijau,7/22/2023,,
Kacang Hijau,7/23/2023,,
Kacang Hijau,7/24/2023,,
Kacang Hijau,7/25/2023,,
Kacang Hijau,7/26/2023,,
Kacang Hijau,7/27/2023,,
Kacang Hijau,7/28/2023,,
Kacang Hijau,7/29/2023,,
Kacang Hijau,7/30/2023,,
Kacang Hijau,7/31/2023,,
Kacang Hijau,8/1/2023,,
Kacang Hijau,8/2/2023,,
Kacang Hijau,8/3/2023,,
Kacang Hijau,8/4/2023,,
Kacang Hijau,8/5/2023,,
Kacang Hijau,8/6/2023,,
Kacang Hijau,8/7/2023,,
Kacang Hijau,8/8/2023,,
Kacang Hijau,8/9/2023,,
Kacang Hijau,8/10/2023,,
Kacang Hijau,8/11/2023,,
Kacang Hijau,8/12/2023,,
Kacang Hijau,8/13/2023,,
Kacang Hijau,8/14/2023,,
Kacang Hijau,8/15/2023,,
Kacang Hijau,8/16/2023,,
Kacang Hijau,8/17/2023,,
Kacang Hijau,8/18/2023,,
Kacang Hijau,8/19/2023,,
Kacang Hijau,8/20/2023,,
Kacang Hijau,8/21/2023,,
Kacang Hijau,8/22/2023,,
Kacang Hijau,8/23/2023,,
Kacang Hijau,8/24/2023,,
Kacang Hijau,8/25/2023,,
Kacang Hijau,8/26/2023,,
Kacang Hijau,8/27/2023,,
Kacang Hijau,8/28/2023,,
Kacang Hijau,8/29/2023,,
Kacang Hijau,8/30/2023,,
Kacang Hijau,8/31/2023,,
Kacang Hijau,9/1/2023,,
Kacang Hijau,9/2/2023,,
Kacang Hijau,9/3/2023,,
Kacang Hijau,9/4/2023,,
Kacang Hijau,9/5/2023,,
Kacang Hijau,9/6/2023,,
Kacang Hijau,9/7/2023,,
Kacang Hijau,9/8/2023,,
Kacang Hijau,9/9/2023,,
Kacang Hijau,9/10/2023,,
Kacang Hijau,9/11/2023,,
Kacang Hijau,9/12/2023,,
Kacang Hijau,9/13/2023,,
Kacang Hijau,9/14/2023,,
Kacang Hijau,9/15/2023,,
Kacang Hijau,9/16/2023,,
Kacang Hijau,9/17/2023,,
Kacang Hijau,9/18/2023,,
Kacang Hijau,9/19/2023,,
Kacang Hijau,9/20/2023,,
Kacang Hijau,9/21/2023,,
Kacang Hijau,9/22/2023,,
Kacang Hijau,9/23/2023,,
Kacang Hijau,9/24/2023,,
Kacang Hijau,9/25/2023,,
Kacang Hijau,9/26/2023,,
Kacang Hijau,9/27/2023,,
Kacang Hijau,9/28/2023,,
Kacang Hijau,9/29/2023,,
Kacang Hijau,9/30/2023,,
Kacang Hijau,10/1/2023,,
Kacang Hijau,10/2/2023,,
Kacang Hijau,10/3/2023,,
Kacang Hijau,10/4/2023,,
Kacang Hijau,10/5/2023,,
Kacang Hijau,10/6/2023,,
Kacang Hijau,10/7/2023,,
Kacang Hijau,10/8/2023,,
Kacang Hijau,10/9/2023,,
Kacang Hijau,10/10/2023,,
Kacang Hijau,10/11/2023,,
Kacang Hijau,10/12/2023,,
Kacang Hijau,10/13/2023,,
Kacang Hijau,10/14/2023,,
Kacang Hijau,10/15/2023,,
Kacang Hijau,10/16/2023,,
Kacang Hijau,10/17/2023,,
Kacang Hijau,10/18/2023,,
Kacang Hijau,10/19/2023,,
Kacang Hijau,10/20/2023,,
Kacang Hijau,10/21/2023,,
Kacang Hijau,10/22/2023,,
Kacang Hijau,10/23/2023,,
Kacang Hijau,10/24/2023,,
Kacang Hijau,10/25/2023,,
Kacang Hijau,10/26/2023,,
Kacang Hijau,10/27/2023,,
Kacang Hijau,10/28/2023,,
Kacang Hijau,10/29/2023,,
Kacang Hijau,10/30/2023,,
Kacang Hijau,10/31/2023,,
Kacang Hijau,11/1/2023,,
Kacang Hijau,11/2/2023,,
Kacang Hijau,11/3/2023,,
Kacang Hijau,11/4/2023,,
Kacang Hijau,11/5/2023,,
Kacang Hijau,11/6/2023,,
Kacang Hijau,11/7/2023,,
Kacang Hijau,11/8/2023,,
Kacang Hijau,11/9/2023,,
Kacang Hijau,11/10/2023,,
Kacang Hijau,11/11/2023,,
Kacang Hijau,11/12/2023,,
Kacang Hijau,11/13/2023,,
Kacang Hijau,11/14/2023,,
Kacang Hijau,11/15/2023,,
Kacang Hijau,11/16/2023,,
Kacang Hijau,11/17/2023,,
Kacang Hijau,11/18/2023,,
Kacang Hijau,11/19/2023,,
Kacang Hijau,11/20/2023,,
Kacang Hijau,11/21/2023,,
Kacang Hijau,11/22/2023,,
Kacang Hijau,11/23/2023,,
Kacang Hijau,11/24/2023,,
Kacang Hijau,11/25/2023,,
Kacang Hijau,11/26/2023,,
Kacang Hijau,11/27/2023,,
Kacang Hijau,11/28/2023,,
Kacang Hijau,11/29/2023,,
Kacang Hijau,11/30/2023,,
Kacang Hijau,12/1/2023,,
Kacang Hijau,12/2/2023,,
Kacang Hijau,12/3/2023,,
Kacang Hijau,12/4/2023,,
Kacang Hijau,12/5/2023,,
Kacang Hijau,12/6/2023,,
Kacang Hijau,12/7/2023,,
Kacang Hijau,12/8/2023,,
Kacang Hijau,12/9/2023,,
Kacang Hijau,12/10/2023,,
Kacang Hijau,12/11/2023,,
Kacang Hijau,12/12/2023,,
Kacang Hijau,12/13/2023,,
Kacang Hijau,12/14/2023,,
Kacang Hijau,12/15/2023,,
Kacang Hijau,12/16/2023,,
Kacang Hijau,12/17/2023,,
Kacang Hijau,12/18/2023,,
Kacang Hijau,12/19/2023,,
Kacang Hijau,12/20/2023,,
Kacang Hijau,12/21/2023,,
Kacang Hijau,12/22/2023,,
Kacang Hijau,12/23/2023,,
Kacang Hijau,12/24/2023,,
Kacang Hijau,12/25/2023,,
Kacang Hijau,12/26/2023,,
Kacang Hijau,12/27/2023,,
Kacang Hijau,12/28/2023,,
Kacang Hijau,12/29/2023,,
Kacang Hijau,12/30/2023,,
Kacang Hijau,12/31/2023,,
Kacang Hijau,1/1/2024,,
Kacang Hijau,1/2/2024,,
Kacang Hijau,1/3/2024,,
Kacang Hijau,1/4/2024,,
Kacang Hijau,1/5/2024,,
Kacang Hijau,1/6/2024,,
Kacang Hijau,1/7/2024,,
Kacang Hijau,1/8/2024,,
Kacang Hijau,1/9/2024,,
Kacang Hijau,1/10/2024,,
Kacang Hijau,1/11/2024,,
Kacang Hijau,1/12/2024,,
Kacang Hijau,1/13/2024,,
Kacang Hijau,1/14/2024,,
Kacang Hijau,1/15/2024,,
Kacang Hijau,1/16/2024,,
Kacang Hijau,1/17/2024,,
Kacang Hijau,1/18/2024,,
Kacang Hijau,1/19/2024,,
Kacang Hijau,1/20/2024,,
Kacang Hijau,1/21/2024,,
Kacang Hijau,1/22/2024,,
Kacang Hijau,1/23/2024,,
Kacang Hijau,1/24/2024,,
Kacang Hijau,1/25/2024,,
Kacang Hijau,1/26/2024,,
Kacang Hijau,1/27/2024,,
Kacang Hijau,1/28/2024,,
Kacang Hijau,1/29/2024,,
Kacang Hijau,1/30/2024,,
Kacang Hijau,1/31/2024,,
Kacang Hijau,2/1/2024,,
Kacang Hijau,2/2/2024,,
Kacang Hijau,2/3/2024,,
Kacang Hijau,2/4/2024,,
Kacang Hijau,2/5/2024,,
Kacang Hijau,2/6/2024,,
Kacang Hijau,2/7/2024,,
Kacang Hijau,2/8/2024,,
Kacang Hijau,2/9/2024,,
Kacang Hijau,2/10/2024,,
Kacang Hijau,2/11/2024,,
Kacang Hijau,2/12/2024,,
Kacang Hijau,2/13/2024,,
Kacang Hijau,2/14/2024,,
Kacang Hijau,2/15/2024,,
Kacang Hijau,2/16/2024,,
Kacang Hijau,2/17/2024,,
Kacang Hijau,2/18/2024,,
Kacang Hijau,2/19/2024,,
Kacang Hijau,2/20/2024,,
Kacang Hijau,2/21/2024,,
Kacang Hijau,2/22/2024,,
Kacang Hijau,2/23/2024,,
Kacang Hijau,2/24/2024,,
Kacang Hijau,2/25/2024,,
Kacang Hijau,2/26/2024,,
Kacang Hijau,2/27/2024,,
Kacang Hijau,2/28/2024,,
Kacang Hijau,2/29/2024,,
Kacang Hijau,3/1/2024,,
Kacang Hijau,3/2/2024,,
Kacang Hijau,3/3/2024,,
Kacang Hijau,3/4/2024,,
Kacang Hijau,3/5/2024,,
Kacang Hijau,3/6/2024,,
Kacang Hijau,3/7/2024,,
Kacang Hijau,3/8/2024,,
Kacang Hijau,3/9/2024,,
Kacang Hijau,3/10/2024,,
Kacang Hijau,3/11/2024,,
Kacang Hijau,3/12/2024,,
Kacang Hijau,3/13/2024,,
Kacang Hijau,3/14/2024,,
Kacang Hijau,3/15/2024,,
Kacang Hijau,3/16/2024,,
Kacang Hijau,3/17/2024,,
Kacang Hijau,3/18/2024,,
Kacang Hijau,3/19/2024,,
Kacang Hijau,3/20/2024,,
Kacang Hijau,3/21/2024,,
Kacang Hijau,3/22/2024,,
Kacang Hijau,3/23/2024,,
Kacang Hijau,3/24/2024,,
Kacang Hijau,3/25/2024,,
Kacang Hijau,3/26/2024,,
Kacang Hijau,3/27/2024,,
Kacang Hijau,3/28/2024,,
Kacang Hijau,3/29/2024,,
Kacang Hijau,3/30/2024,,
Kacang Hijau,3/31/2024,,
Kacang Hijau,4/1/2024,,
Kacang Hijau,4/2/2024,,
Kacang Hijau,4/3/2024,,
Kacang Hijau,4/4/2024,,
Kacang Hijau,4/5/2024,,
Kacang Hijau,4/6/2024,,
Kacang Hijau,4/7/2024,,
Kacang Hijau,4/8/2024,,
Kacang Hijau,4/9/2024,,
Kacang Hijau,4/10/2024,,
Kacang Hijau,4/11/2024,,
Kacang Hijau,4/12/2024,,
Kacang Hijau,4/13/2024,,
Kacang Hijau,4/14/2024,,
Kacang Hijau,4/15/2024,,
Kacang Hijau,4/16/2024,,
Kacang Hijau,4/17/2024,,
Kacang Hijau,4/18/2024,,
Kacang Hijau,4/19/2024,,
Kacang Hijau,4/20/2024,,
Kacang Hijau,4/21/2024,,
Kacang Hijau,4/22/2024,,
Kacang Hijau,4/23/2024,,
Kacang Hijau,4/24/2024,,
Kacang Hijau,4/25/2024,,
Kacang Hijau,4/26/2024,,
Kacang Hijau,4/27/2024,,
Kacang Hijau,4/28/2024,,
Kacang Hijau,4/29/2024,,
Kacang Hijau,4/30/2024,,
Kacang Hijau,5/1/2024,,
Kacang Hijau,5/2/2024,,
Kacang Hijau,5/3/2024,,
Kacang Hijau,5/4/2024,,
Kacang Hijau,5/5/2024,,
Kacang Hijau,5/6/2024,,
Kacang Hijau,5/7/2024,,
Kacang Hijau,5/8/2024,,
Kacang Hijau,5/9/2024,,
Kacang Hijau,5/10/2024,,
Kacang Hijau,5/11/2024,,
Kacang Hijau,5/12/2024,,
Kacang Hijau,5/13/2024,,
Kacang Hijau,5/14/2024,,
Kacang Hijau,5/15/2024,,
Kacang Hijau,5/16/2024,,
Kacang Hijau,5/17/2024,,
Kacang Hijau,5/18/2024,,
Kacang Hijau,5/19/2024,,
Kacang Hijau,5/20/2024,,
Kacang Hijau,5/21/2024,,
Kacang Hijau,5/22/2024,,
Kacang Hijau,5/23/2024,,
Kacang Hijau,5/24/2024,,
Kacang Hijau,5/25/2024,,
Kacang Hijau,5/26/2024,,
Kacang Hijau,5/27/2024,,
Kacang Hijau,5/28/2024,,
Kacang Hijau,5/29/2024,,
Kacang Hijau,5/30/2024,,
Kacang Hijau,5/31/2024,,
Kacang Hijau,6/1/2024,,
Kacang Hijau,6/2/2024,,
Kacang Hijau,6/3/2024,,
Kacang Hijau,6/4/2024,,
Kacang Hijau,6/5/2024,,
Kacang Hijau,6/6/2024,,
Kacang Hijau,6/7/2024,,
Kacang Hijau,6/8/2024,,
Kacang Hijau,6/9/2024,,
Kacang Hijau,6/10/2024,,
Kacang Hijau,6/11/2024,,
Kacang Hijau,6/12/2024,,
Kacang Hijau,6/13/2024,,
Kacang Hijau,6/14/2024,,
Kacang Hijau,6/15/2024,,
Kacang Hijau,6/16/2024,,
Kacang Hijau,6/17/2024,,
Kacang Hijau,6/18/2024,,
Kacang Hijau,6/19/2024,,
Kacang Hijau,6/20/2024,,
Kacang Hijau,6/21/2024,,
Kacang Hijau,6/22/2024,,
Kacang Hijau,6/23/2024,,
Kacang Hijau,6/24/2024,,
Kacang Hijau,6/25/2024,,
Kacang Hijau,6/26/2024,,
Kacang Hijau,6/27/2024,,
Kacang Hijau,6/28/2024,,
Kacang Hijau,6/29/2024,,
Kacang Hijau,6/30/2024,,
Kacang Hijau,7/1/2024,,
Kacang Hijau,7/2/2024,,
Kacang Hijau,7/3/2024,,
Kacang Hijau,7/4/2024,,
Kacang Hijau,7/5/2024,,
Kacang Hijau,7/6/2024,,
Kacang Hijau,7/7/2024,,
Kacang Hijau,7/8/2024,,
Kacang Hijau,7/9/2024,,
Kacang Hijau,7/10/2024,,
Kacang Hijau,7/11/2024,,
Kacang Hijau,7/12/2024,,
Kacang Hijau,7/13/2024,,
Kacang Hijau,7/14/2024,,
Kacang Hijau,7/15/2024,,
Kacang Hijau,7/16/2024,,
Kacang Hijau,7/17/2024,,
Kacang Hijau,7/18/2024,,
Kacang Hijau,7/19/2024,,
Kacang Hijau,7/20/2024,,
Kacang Hijau,7/21/2024,,
Kacang Hijau,7/22/2024,,
Kacang Hijau,7/23/2024,,
Kacang Hijau,7/24/2024,,
Kacang Hijau,7/25/2024,,
Kacang Hijau,7/26/2024,,
Kacang Hijau,7/27/2024,,
Kacang Hijau,7/28/2024,,
Kacang Hijau,7/29/2024,,
Kacang Hijau,7/30/2024,,
Kacang Hijau,7/31/2024,,
Kacang Hijau,8/1/2024,,
Kacang Hijau,8/2/2024,,
Kacang Hijau,8/3/2024,,
Kacang Hijau,8/4/2024,,
Kacang Hijau,8/5/2024,,
Kacang Hijau,8/6/2024,,
Kacang Hijau,8/7/2024,,
Kacang Hijau,8/8/2024,,
Kacang Hijau,8/9/2024,,
Kacang Hijau,8/10/2024,,
Kacang Hijau,8/11/2024,,
Kacang Hijau,8/12/2024,,
Kacang Hijau,8/13/2024,,
Kacang Hijau,8/14/2024,,
Kacang Hijau,8/15/2024,,
Kacang Hijau,8/16/2024,,
Kacang Hijau,8/17/2024,,
Kacang Hijau,8/18/2024,,
Kacang Hijau,8/19/2024,,
Kacang Hijau,8/20/2024,,
Kacang Hijau,8/21/2024,,
Kacang Hijau,8/22/2024,,
Kacang Hijau,8/23/2024,,
Kacang Hijau,8/24/2024,,
Kacang Hijau,8/25/2024,,
Kacang Hijau,8/26/2024,,
Kacang Hijau,8/27/2024,,
Kacang Hijau,8/28/2024,,
Kacang Hijau,8/29/2024,,
Kacang Hijau,8/30/2024,,
Kacang Hijau,8/31/2024,,
Kacang Hijau,9/1/2024,,
Kacang Hijau,9/2/2024,,
Kacang Hijau,9/3/2024,,
Kacang Hijau,9/4/2024,,
Kacang Hijau,9/5/2024,,
Kacang Hijau,9/6/2024,,
Kacang Hijau,9/7/2024,,
Kacang Hijau,9/8/2024,,
Kacang Hijau,9/9/2024,,
Kacang Hijau,9/10/2024,,
Kacang Hijau,9/11/2024,,
Kacang Hijau,9/12/2024,,
Kacang Hijau,9/13/2024,,
Kacang Hijau,9/14/2024,,
Kacang Hijau,9/15/2024,,
Kacang Hijau,9/16/2024,,
Kacang Hijau,9/17/2024,,
Kacang Hijau,9/18/2024,,
Kacang Hijau,9/19/2024,,
Kacang Hijau,9/20/2024,,
Kacang Hijau,9/21/2024,,
Kacang Hijau,9/22/2024,,
Kacang Hijau,9/23/2024,,
Kacang Hijau,9/24/2024,,
Kacang Hijau,9/25/2024,,
Kacang Hijau,9/26/2024,,
Kacang Hijau,9/27/2024,,
Kacang Hijau,9/28/2024,,
Kacang Hijau,9/29/2024,,
Kacang Hijau,9/30/2024,,
Kacang Hijau,10/1/2024,,
Kacang Hijau,10/2/2024,,
Kacang Hijau,10/3/2024,,
Kacang Hijau,10/4/2024,,
Kacang Hijau,10/5/2024,,
Kacang Hijau,10/6/2024,,
Kacang Hijau,10/7/2024,,
Kacang Hijau,10/8/2024,,
Kacang Hijau,10/9/2024,,
Kacang Hijau,10/10/2024,,
Kacang Hijau,10/11/2024,,
Kacang Hijau,10/12/2024,,
Kacang Hijau,10/13/2024,,
Kacang Hijau,10/14/2024,,
Kacang Hijau,10/15/2024,,
Kacang Hijau,10/16/2024,,
Kacang Hijau,10/17/2024,,
Kacang Hijau,10/18/2024,,
Kacang Hijau,10/19/2024,,
Kacang Hijau,10/20/2024,,
Kacang Hijau,10/21/2024,,
Kacang Hijau,10/22/2024,,
Kacang Hijau,10/23/2024,,
Kacang Hijau,10/24/2024,,
Kacang Hijau,10/25/2024,,
Kacang Hijau,10/26/2024,,
Kacang Hijau,10/27/2024,,
Kacang Hijau,10/28/2024,,
Kacang Hijau,10/29/2024,,
Kacang Hijau,10/30/2024,,
Kacang Hijau,10/31/2024,,
Kacang Hijau,11/1/2024,,
Kacang Hijau,11/2/2024,,
Kacang Hijau,11/3/2024,,
Kacang Hijau,11/4/2024,,
Kacang Hijau,11/5/2024,,
Kacang Hijau,11/6/2024,,
Kacang Hijau,11/7/2024,,
Kacang Hijau,11/8/2024,,
Kacang Hijau,11/9/2024,,
Kacang Hijau,11/10/2024,,
Kacang Hijau,11/11/2024,,
Kacang Hijau,11/12/2024,,
Kacang Hijau,11/13/2024,,
Kacang Hijau,11/14/2024,,
Kacang Hijau,11/15/2024,,
Kacang Hijau,11/16/2024,,
Kacang Hijau,11/17/2024,,
Kacang Hijau,11/18/2024,,
Kacang Hijau,11/19/2024,,
Kacang Hijau,11/20/2024,,
Kacang Hijau,11/21/2024,,
Kacang Hijau,11/22/2024,,
Kacang Hijau,11/23/2024,,
Kacang Hijau,11/24/2024,,
Kacang Hijau,11/25/2024,,
Kacang Hijau,11/26/2024,,
Kacang Hijau,11/27/2024,,
Kacang Hijau,11/28/2024,,
Kacang Hijau,11/29/2024,,
Kacang Hijau,11/30/2024,,
